customer,currency,description,invoicenumber,source,source_id,year,amount,status
,USD,,customerapplication,9179,2024,,PENDING
,ZWL,,customerapplication,9180,2024,,PENDING
,USD,,customerapplication,9181,2024,,PENDING
,USD,,customerapplication,9182,2024,,PENDING
,USD,,customerapplication,9183,2024,,PENDING
,USD,,customerapplication,9184,2024,,PENDING
,USD,,customerapplication,9185,2024,,PENDING
,USD,,customerapplication,9186,2024,,PENDING
,USD,,customerapplication,9187,2024,,PENDING
,USD,,customerapplication,9188,2024,,PENDING
,USD,,customerapplication,9189,2024,,PENDING
,USD,,customerapplication,9190,2024,,PENDING
,USD,,customerapplication,9191,2024,,PENDING
,USD,,customerapplication,9192,2024,,PENDING
,USD,,customerapplication,9193,2024,,PENDING
,USD,,customerapplication,9194,2024,,PENDING
,USD,,customerapplication,9195,2024,,PENDING
,USD,,customerapplication,9196,2024,,PENDING
,USD,,customerapplication,9197,2024,,PENDING
,USD,,customerapplication,9198,2024,,PENDING
,USD,,customerapplication,9199,2024,,PENDING
,USD,,customerapplication,9200,2024,,PENDING
,USD,,customerapplication,9201,2024,,PENDING
,USD,,customerapplication,9202,2024,,PENDING
,USD,,customerapplication,9203,2024,,PENDING
,USD,,customerapplication,9204,2024,,PENDING
,USD,,customerapplication,9205,2024,,PENDING
,USD,,customerapplication,9206,2024,,PENDING
,USD,,customerapplication,9207,2024,,PENDING
,USD,,customerapplication,9208,2024,,PENDING
,USD,,customerapplication,9209,2024,,PENDING
,USD,,customerapplication,9210,2024,,PENDING
,USD,,customerapplication,9211,2024,,PENDING
,USD,,customerapplication,9212,2024,,PENDING
,USD,,customerapplication,9213,2024,,PENDING
,USD,,customerapplication,9214,2024,,PENDING
,USD,,customerapplication,9215,2024,,PENDING
,USD,,customerapplication,9216,2024,,PENDING
,USD,,customerapplication,9217,2024,,PENDING
,USD,,customerapplication,9218,2024,,PENDING
,USD,,customerapplication,9219,2024,,PENDING
,USD,,customerapplication,9220,2024,,PENDING
,USD,,customerapplication,9221,2024,,PENDING
,USD,,customerapplication,9222,2024,,PENDING
,USD,,customerapplication,9223,2024,,PENDING
,USD,,customerapplication,9224,2024,,PENDING
,USD,,customerapplication,9225,2024,,PENDING
,USD,,customerapplication,9226,2024,,PENDING
,USD,,customerapplication,9227,2024,,PENDING
,USD,,customerapplication,9228,2024,,PENDING
,USD,,customerapplication,9229,2024,,PENDING
,USD,,customerapplication,9230,2024,,PENDING
,USD,,customerapplication,9231,2024,,PENDING
,USD,,customerapplication,9232,2024,,PENDING
,USD,,customerapplication,9233,2024,,PENDING
,USD,,customerapplication,9234,2024,,PENDING
,USD,,customerapplication,9235,2024,,PENDING
,USD,,customerapplication,9236,2024,,PENDING
,USD,,customerapplication,9237,2024,,PENDING
,USD,,customerapplication,9238,2024,,PENDING
,USD,,customerapplication,9239,2024,,PENDING
,USD,,customerapplication,9240,2024,,PENDING
,ZWL,,customerapplication,9241,2024,,PENDING
,USD,,customerapplication,9242,2024,,PENDING
,USD,,customerapplication,9244,2024,,PENDING
,USD,,customerapplication,9245,2024,,PENDING
,USD,,customerapplication,9246,2024,,PENDING
,USD,,customerapplication,9247,2024,,PENDING
,USD,,customerapplication,9248,2024,,PENDING
,USD,,customerapplication,9249,2024,,PENDING
,USD,,customerapplication,9250,2024,,PENDING
,USD,,customerapplication,9251,2024,,PENDING
,USD,,customerapplication,9252,2024,,PENDING
,USD,,customerapplication,9253,2024,,PENDING
,USD,,customerapplication,9254,2024,,PENDING
,USD,,customerapplication,9255,2024,,PENDING
,USD,,customerapplication,9256,2024,,PENDING
,USD,,customerapplication,9257,2024,,PENDING
,USD,,customerapplication,9258,2024,,PENDING
,USD,,customerapplication,9259,2024,,PENDING
,USD,,customerapplication,9260,2024,,PENDING
,USD,,customerapplication,9261,2024,,PENDING
,USD,,customerapplication,9262,2024,,PENDING
,USD,,customerapplication,9263,2024,,PENDING
,USD,,customerapplication,9264,2024,,PENDING
,USD,,customerapplication,9265,2024,,PENDING
,USD,,customerapplication,9266,2024,,PENDING
,USD,,customerapplication,9267,2024,,PENDING
,USD,,customerapplication,9268,2024,,PENDING
,USD,,customerapplication,9269,2024,,PENDING
,USD,,customerapplication,9270,2024,,PENDING
,USD,,customerapplication,9271,2024,,PENDING
,USD,,customerapplication,9272,2024,,PENDING
,USD,,customerapplication,9273,2024,,PENDING
,USD,,customerapplication,9274,2024,,PENDING
,USD,,customerapplication,9275,2024,,PENDING
,USD,,customerapplication,9276,2024,,PENDING
,USD,,customerapplication,9277,2024,,PENDING
,USD,,customerapplication,9278,2024,,PENDING
,USD,,customerapplication,9279,2024,,PENDING
,USD,,customerapplication,9280,2024,,PENDING
,USD,,customerapplication,9281,2024,,PENDING
,USD,,customerapplication,9282,2024,,PENDING
,USD,,customerapplication,9283,2024,,PENDING
,USD,,customerapplication,9284,2024,,PENDING
,USD,,customerapplication,9285,2024,,PENDING
,USD,,customerapplication,9286,2024,,PENDING
,USD,,customerapplication,9287,2024,,PENDING
,USD,,customerapplication,9288,2024,,PENDING
,USD,,customerapplication,9289,2024,,PENDING
,USD,,customerapplication,9290,2024,,PENDING
,USD,,customerapplication,9291,2024,,PENDING
,USD,,customerapplication,9292,2024,,PENDING
,USD,,customerapplication,9293,2024,,PENDING
,USD,,customerapplication,9294,2024,,PENDING
,USD,,customerapplication,9295,2024,,PENDING
,USD,,customerapplication,9296,2024,,PENDING
,USD,,customerapplication,9297,2024,,PENDING
,USD,,customerapplication,9298,2024,,PENDING
,USD,,customerapplication,9299,2024,,PENDING
,USD,,customerapplication,9300,2024,,PENDING
,USD,,customerapplication,9301,2024,,PENDING
,USD,,customerapplication,9302,2024,,PENDING
,USD,,customerapplication,9303,2024,,PENDING
,USD,,customerapplication,9304,2024,,PENDING
,USD,,customerapplication,9305,2024,,PENDING
,USD,,customerapplication,9306,2024,,PENDING
,USD,,customerapplication,9307,2024,,PENDING
,USD,,customerapplication,9308,2024,,PENDING
,USD,,customerapplication,9309,2024,,PENDING
,USD,,customerapplication,9310,2024,,PENDING
,USD,,customerapplication,9311,2024,,PENDING
,USD,,customerapplication,9312,2024,,PENDING
,USD,,customerapplication,9313,2024,,PENDING
,USD,,customerapplication,9314,2024,,PENDING
,USD,,customerapplication,9315,2024,,PENDING
,USD,,customerapplication,9316,2024,,PENDING
,USD,,customerapplication,9317,2024,,PENDING
,USD,,customerapplication,9318,2024,,PENDING
,ZWL,,customerapplication,9319,2024,,PENDING
,USD,,customerapplication,9320,2024,,PENDING
,USD,,customerapplication,9321,2024,,PENDING
,USD,,customerapplication,9322,2024,,PENDING
,USD,,customerapplication,9323,2024,,PENDING
,USD,,customerapplication,9324,2024,,PENDING
,USD,,customerapplication,9325,2024,,PENDING
,USD,,customerapplication,9326,2024,,PENDING
,USD,,customerapplication,9327,2024,,PENDING
,USD,,customerapplication,9328,2024,,PENDING
,USD,,customerapplication,9329,2024,,PENDING
,USD,,customerapplication,9330,2024,,PENDING
,USD,,customerapplication,9331,2024,,PENDING
,USD,,customerapplication,9332,2024,,PENDING
,USD,,customerapplication,9333,2024,,PENDING
,USD,,customerapplication,9334,2024,,PENDING
,USD,,customerapplication,9335,2024,,PENDING
,USD,,customerapplication,9336,2024,,PENDING
,USD,,customerapplication,9337,2024,,PENDING
,USD,,customerapplication,9338,2024,,PENDING
,USD,,customerapplication,9339,2024,,PENDING
,USD,,customerapplication,9340,2024,,PENDING
,USD,,customerapplication,9341,2024,,PENDING
,USD,,customerapplication,9342,2024,,PENDING
,USD,,customerapplication,9343,2024,,PENDING
,USD,,customerapplication,9344,2024,,PENDING
,USD,,customerapplication,9345,2024,,PENDING
,ZWL,,customerapplication,9346,2024,,PENDING
,USD,,customerapplication,9347,2024,,PENDING
,USD,,customerapplication,9348,2024,,PENDING
,ZWL,,customerapplication,9349,2024,,PENDING
,ZWL,,customerapplication,9350,2024,,PENDING
,ZWL,,customerapplication,9351,2024,,PENDING
,USD,,customerapplication,9352,2024,,PENDING
,USD,,customerapplication,9353,2024,,PENDING
,ZWL,,customerapplication,9354,2024,,PENDING
,USD,,customerapplication,9357,2024,,PENDING
,ZWL,,customerapplication,9359,2024,,PENDING
,ZWL,,customerapplication,9360,2024,,PENDING
,USD,,customerapplication,9361,2024,,PENDING
,ZWL,,customerapplication,9362,2024,,PENDING
,ZWL,,customerapplication,9363,2024,,PENDING
,ZWL,,customerapplication,9364,2024,,PENDING
,ZWL,,customerapplication,9365,2024,,PENDING
,ZWL,,customerapplication,9366,2024,,PENDING
,USD,,customerapplication,9367,2024,,PENDING
,USD,,customerapplication,9368,2024,,PENDING
,USD,,customerapplication,9369,2024,,PENDING
,ZWL,,customerapplication,9370,2024,,PENDING
,ZWL,,customerapplication,9371,2024,,PENDING
,USD,,customerapplication,9372,2024,,PENDING
,USD,,customerapplication,9373,2024,,PENDING
,ZWL,,customerapplication,9374,2024,,PENDING
,ZWL,,customerapplication,9375,2024,,PENDING
,USD,,customerapplication,9376,2024,,PENDING
,USD,,customerapplication,9377,2024,,PENDING
,USD,,customerapplication,9378,2024,,PENDING
,ZWL,,customerapplication,9379,2024,,PENDING
,ZWL,,customerapplication,9380,2024,,PENDING
,ZWL,,customerapplication,9381,2024,,PENDING
,ZWL,,customerapplication,9382,2024,,PENDING
,USD,,customerapplication,9383,2024,,PENDING
,ZWL,,customerapplication,9384,2024,,PENDING
,ZWL,,customerapplication,9385,2024,,PENDING
,USD,,customerapplication,9386,2024,,PENDING
,USD,,customerapplication,9387,2024,,PENDING
,ZWL,,customerapplication,9388,2024,,PENDING
,ZWL,,customerapplication,9389,2024,,PENDING
,ZWL,,customerapplication,9390,2024,,PENDING
,ZWL,,customerapplication,9391,2024,,PENDING
,ZWL,,customerapplication,9392,2024,,PENDING
,ZWL,,customerapplication,9393,2024,,PENDING
,USD,,customerapplication,9394,2024,,PENDING
,USD,,customerapplication,9395,2024,,PENDING
,USD,,customerapplication,9396,2024,,PENDING
,USD,,customerapplication,9397,2024,,PENDING
,USD,,customerapplication,9398,2024,,PENDING
,USD,,customerapplication,9399,2024,,PENDING
,USD,,customerapplication,9400,2024,,PENDING
,USD,,customerapplication,9401,2024,,PENDING
,USD,,customerapplication,9402,2024,,PENDING
,ZWL,,customerapplication,9404,2024,,PENDING
,ZWL,,customerapplication,9405,2024,,PENDING
,USD,,customerapplication,9406,2024,,PENDING
,USD,,customerapplication,9407,2024,,PENDING
,USD,,customerapplication,9408,2024,,PENDING
,USD,,customerapplication,9409,2024,,PENDING
,ZWL,,customerapplication,9410,2024,,PENDING
,USD,,customerapplication,9411,2024,,PENDING
,USD,,customerapplication,9412,2024,,PENDING
,ZWL,,customerapplication,9413,2024,,PENDING
,ZWL,,customerapplication,9414,2024,,PENDING
,USD,,customerapplication,9415,2024,,PENDING
,ZWL,,customerapplication,9416,2024,,PENDING
,ZWL,,customerapplication,9417,2024,,PENDING
,USD,,customerapplication,9418,2024,,PENDING
,USD,,customerapplication,9419,2024,,PENDING
,USD,,customerapplication,9420,2024,,PENDING
,USD,,customerapplication,9421,2024,,PENDING
,ZWL,,customerapplication,9422,2024,,PENDING
,ZWL,,customerapplication,9423,2024,,PENDING
,ZWL,,customerapplication,9424,2024,,PENDING
,USD,,customerapplication,9425,2024,,PENDING
,USD,,customerapplication,9426,2024,,PENDING
,USD,,customerapplication,9427,2024,,PENDING
,USD,,customerapplication,9428,2024,,PENDING
,ZWL,,customerapplication,9429,2024,,PENDING
,USD,,customerapplication,9430,2024,,PENDING
,USD,,customerapplication,9431,2024,,PENDING
,USD,,customerapplication,9432,2024,,PENDING
,ZWL,,customerapplication,9433,2024,,PENDING
,ZWL,,customerapplication,9434,2024,,PENDING
,USD,,customerapplication,9435,2024,,PENDING
,USD,,customerapplication,9436,2024,,PENDING
,USD,,customerapplication,9437,2024,,PENDING
,USD,,customerapplication,9438,2024,,PENDING
,USD,,customerapplication,9439,2024,,PENDING
,USD,,customerapplication,9441,2024,,PENDING
,USD,,customerapplication,9443,2024,,PENDING
,USD,,customerapplication,9444,2024,,PENDING
,USD,,customerapplication,9445,2024,,PENDING
,ZWL,,customerapplication,9447,2024,,PENDING
,ZWL,,customerapplication,9448,2024,,PENDING
,USD,,customerapplication,9449,2024,,PENDING
,ZWL,,customerapplication,9450,2024,,PENDING
,USD,,customerapplication,9451,2024,,PENDING
,USD,,customerapplication,9452,2024,,PENDING
,ZWL,,customerapplication,9453,2024,,PENDING
,ZWL,,customerapplication,9454,2024,,PENDING
,USD,,customerapplication,9455,2024,,PENDING
,ZWL,,customerapplication,9456,2024,,PENDING
,ZWL,,customerapplication,9457,2024,,PENDING
,ZWL,,customerapplication,9458,2024,,PENDING
,USD,,customerapplication,9459,2024,,PENDING
,USD,,customerapplication,9460,2024,,PENDING
,USD,,customerapplication,9461,2024,,PENDING
,USD,,customerapplication,9462,2024,,PENDING
,USD,,customerapplication,9463,2024,,PENDING
,USD,,customerapplication,9464,2024,,PENDING
,USD,,customerapplication,9465,2024,,PENDING
,USD,,customerapplication,9466,2024,,PENDING
,USD,,customerapplication,9467,2024,,PENDING
,USD,,customerapplication,9468,2024,,PENDING
,USD,,customerapplication,9469,2024,,PENDING
,USD,,customerapplication,9470,2024,,PENDING
,USD,,customerapplication,9471,2024,,PENDING
,USD,,customerapplication,9472,2024,,PENDING
,USD,,customerapplication,9473,2024,,PENDING
,USD,,customerapplication,9474,2024,,PENDING
,USD,,customerapplication,9475,2024,,PENDING
,USD,,customerapplication,9476,2024,,PENDING
,USD,,customerapplication,9477,2024,,PENDING
,USD,,customerapplication,9478,2024,,PENDING
,USD,,customerapplication,9479,2024,,PENDING
,USD,,customerapplication,9480,2024,,PENDING
,USD,,customerapplication,9481,2024,,PENDING
,USD,,customerapplication,9482,2024,,PENDING
,USD,,customerapplication,9483,2024,,PENDING
,USD,,customerapplication,9484,2024,,PENDING
,USD,,customerapplication,9485,2024,,PENDING
,USD,,customerapplication,9486,2024,,PENDING
,ZWL,,customerapplication,9487,2024,,PENDING
,ZWL,,customerapplication,9488,2024,,PENDING
,USD,,customerapplication,9489,2024,,PENDING
,USD,,customerapplication,9490,2024,,PENDING
,USD,,customerapplication,9491,2024,,PENDING
,USD,,customerapplication,9492,2024,,PENDING
,USD,,customerapplication,9493,2024,,PENDING
,ZWL,,customerapplication,9494,2024,,PENDING
,USD,,customerapplication,9495,2024,,PENDING
,USD,,customerapplication,9496,2024,,PENDING
,USD,,customerapplication,9497,2024,,PENDING
,USD,,customerapplication,9499,2024,,PENDING
,USD,,customerapplication,9500,2024,,PENDING
,USD,,customerapplication,9501,2024,,PENDING
,USD,,customerapplication,9502,2024,,PENDING
,USD,,customerapplication,9503,2024,,PENDING
,USD,,customerapplication,9504,2024,,PENDING
,USD,,customerapplication,9505,2024,,PENDING
,USD,,customerapplication,9506,2024,,PENDING
,USD,,customerapplication,9507,2024,,PENDING
,ZWL,,customerapplication,9508,2024,,PENDING
,USD,,customerapplication,9509,2024,,PENDING
,ZWL,,customerapplication,9510,2024,,PENDING
,ZWL,,customerapplication,9511,2024,,PENDING
,ZWL,,customerapplication,9512,2024,,PENDING
,USD,,customerapplication,9513,2024,,PENDING
,USD,,customerapplication,9514,2024,,PENDING
,ZWL,,customerapplication,9515,2024,,PENDING
,USD,,customerapplication,9516,2024,,PENDING
,USD,,customerapplication,9517,2024,,PENDING
,ZWL,,customerapplication,9518,2024,,PENDING
,ZWL,,customerapplication,9519,2024,,PENDING
,USD,,customerapplication,9520,2024,,PENDING
,USD,,customerapplication,9521,2024,,PENDING
,USD,,customerapplication,9522,2024,,PENDING
,USD,,customerapplication,9523,2024,,PENDING
,USD,,customerapplication,9524,2024,,PENDING
,ZWL,,customerapplication,9525,2024,,PENDING
,ZWL,,customerapplication,9526,2024,,PENDING
,ZWL,,customerapplication,9527,2024,,PENDING
,ZWL,,customerapplication,9528,2024,,PENDING
,ZWL,,customerapplication,9529,2024,,PENDING
,ZWL,,customerapplication,9530,2024,,PENDING
,USD,,customerapplication,9531,2024,,PENDING
,ZWL,,customerapplication,9532,2024,,PENDING
,ZWL,,customerapplication,9533,2024,,PENDING
,ZWL,,customerapplication,9534,2024,,PENDING
,ZWL,,customerapplication,9535,2024,,PENDING
,ZWL,,customerapplication,9536,2024,,PENDING
,ZWL,,customerapplication,9537,2024,,PENDING
,USD,,customerapplication,9538,2024,,PENDING
,ZWL,,customerapplication,9539,2024,,PENDING
,USD,,customerapplication,9540,2024,,PENDING
,ZWL,,customerapplication,9541,2024,,PENDING
,ZWL,,customerapplication,9542,2024,,PENDING
,ZWL,,customerapplication,9543,2024,,PENDING
,ZWL,,customerapplication,9544,2024,,PENDING
,USD,,customerapplication,9545,2024,,PENDING
,USD,,customerapplication,9546,2024,,PENDING
,USD,,customerapplication,9547,2024,,PENDING
,ZWL,,customerapplication,9548,2024,,PENDING
,ZWL,,customerapplication,9549,2024,,PENDING
,ZWL,,customerapplication,9550,2024,,PENDING
,USD,,customerapplication,9551,2024,,PENDING
,ZWL,,customerapplication,9552,2024,,PENDING
,ZWL,,customerapplication,9553,2024,,PENDING
,USD,,customerapplication,9554,2024,,PENDING
,USD,,customerapplication,9555,2024,,PENDING
,USD,,customerapplication,9556,2024,,PENDING
,ZWL,,customerapplication,9557,2024,,PENDING
,USD,,customerapplication,9558,2024,,PENDING
,USD,,customerapplication,9559,2024,,PENDING
,USD,,customerapplication,9562,2024,,PENDING
,USD,,customerapplication,9563,2024,,PENDING
,USD,,customerapplication,9564,2024,,PENDING
,ZWL,,customerapplication,9565,2024,,PENDING
,ZWL,,customerapplication,9566,2024,,PENDING
,ZWL,,customerapplication,9567,2024,,PENDING
,USD,,customerapplication,9568,2024,,PENDING
,ZWL,,customerapplication,9569,2024,,PENDING
,USD,,customerapplication,9570,2024,,PENDING
,USD,,customerapplication,9571,2024,,PENDING
,ZWL,,customerapplication,9572,2024,,PENDING
,ZWL,,customerapplication,9573,2024,,PENDING
,USD,,customerapplication,9574,2024,,PENDING
,USD,,customerapplication,9575,2024,,PENDING
,USD,,customerapplication,9576,2024,,PENDING
,USD,,customerapplication,9577,2024,,PENDING
,USD,,customerapplication,9578,2024,,PENDING
,ZWL,,customerapplication,9579,2024,,PENDING
,ZWL,,customerapplication,9580,2024,,PENDING
,USD,,customerapplication,9581,2024,,PENDING
,USD,,customerapplication,9582,2024,,PENDING
,USD,,customerapplication,9583,2024,,PENDING
,USD,,customerapplication,9584,2024,,PENDING
,USD,,customerapplication,9585,2024,,PENDING
,USD,,customerapplication,9586,2024,,PENDING
,USD,,customerapplication,9587,2024,,PENDING
,USD,,customerapplication,9588,2024,,PENDING
,ZWL,,customerapplication,9589,2024,,PENDING
,ZWL,,customerapplication,9590,2024,,PENDING
,USD,,customerapplication,9591,2024,,PENDING
,USD,,customerapplication,9592,2024,,PENDING
,USD,,customerapplication,9593,2024,,PENDING
,USD,,customerapplication,9594,2024,,PENDING
,USD,,customerapplication,9595,2024,,PENDING
,USD,,customerapplication,9596,2024,,PENDING
,USD,,customerapplication,9597,2024,,PENDING
,USD,,customerapplication,9598,2024,,PENDING
,USD,,customerapplication,9599,2024,,PENDING
,USD,,customerapplication,9600,2024,,PENDING
,USD,,customerapplication,9601,2024,,PENDING
,USD,,customerapplication,9602,2024,,PENDING
,USD,,customerapplication,9603,2024,,PENDING
,USD,,customerapplication,9604,2024,,PENDING
,ZWL,,customerapplication,9605,2024,,PENDING
,USD,,customerapplication,9606,2024,,PENDING
,USD,,customerapplication,9607,2024,,PENDING
,USD,,customerapplication,9608,2024,,PENDING
,USD,,customerapplication,9609,2024,,PENDING
,USD,,customerapplication,9610,2024,,PENDING
,USD,,customerapplication,9611,2024,,PENDING
,ZWL,,customerapplication,9612,2024,,PENDING
,ZWL,,customerapplication,9613,2024,,PENDING
,ZWL,,customerapplication,9614,2024,,PENDING
,USD,,customerapplication,9615,2024,,PENDING
,USD,,customerapplication,9616,2024,,PENDING
,USD,,customerapplication,9617,2024,,PENDING
,USD,,customerapplication,9618,2024,,PENDING
,ZWL,,customerapplication,9619,2024,,PENDING
,USD,,customerapplication,9620,2024,,PENDING
,ZWL,,customerapplication,9621,2024,,PENDING
,USD,,customerapplication,9622,2024,,PENDING
,USD,,customerapplication,9623,2024,,PENDING
,USD,,customerapplication,9624,2024,,PENDING
,USD,,customerapplication,9625,2024,,PENDING
,ZWL,,customerapplication,9628,2024,,PENDING
,USD,,customerapplication,9629,2024,,PENDING
,ZWL,,customerapplication,9630,2024,,PENDING
,USD,,customerapplication,9631,2024,,PENDING
,USD,,customerapplication,9632,2024,,PENDING
,ZWL,,customerapplication,9633,2024,,PENDING
,ZWL,,customerapplication,9634,2024,,PENDING
,USD,,customerapplication,9635,2024,,PENDING
,ZWL,,customerapplication,9636,2024,,PENDING
,ZWL,,customerapplication,9637,2024,,PENDING
,ZWL,,customerapplication,9638,2024,,PENDING
,ZWL,,customerapplication,9639,2024,,PENDING
,ZWL,,customerapplication,9640,2024,,PENDING
,ZWL,,customerapplication,9641,2024,,PENDING
,USD,,customerapplication,9642,2024,,PENDING
,USD,,customerapplication,9643,2024,,PENDING
,USD,,customerapplication,9644,2024,,PENDING
,USD,,customerapplication,9645,2024,,PENDING
,USD,,customerapplication,9646,2024,,PENDING
,USD,,customerapplication,9647,2024,,PENDING
,ZWL,,customerapplication,9648,2024,,PENDING
,ZWL,,customerapplication,9649,2024,,PENDING
,ZWL,,customerapplication,9650,2024,,PENDING
,USD,,customerapplication,9651,2024,,PENDING
,USD,,customerapplication,9652,2024,,PENDING
,USD,,customerapplication,9653,2024,,PENDING
,USD,,customerapplication,9654,2024,,PENDING
,USD,,customerapplication,9656,2024,,PENDING
,USD,,customerapplication,9657,2024,,PENDING
,USD,,customerapplication,9658,2024,,PENDING
,USD,,customerapplication,9659,2024,,PENDING
,USD,,customerapplication,9660,2024,,PENDING
,USD,,customerapplication,9661,2024,,PENDING
,ZWL,,customerapplication,9662,2024,,PENDING
,USD,,customerapplication,9663,2024,,PENDING
,ZWL,,customerapplication,9664,2024,,PENDING
,USD,,customerapplication,9665,2024,,PENDING
,USD,,customerapplication,9666,2024,,PENDING
,USD,,customerapplication,9667,2024,,PENDING
,ZWL,,customerapplication,9668,2024,,PENDING
,USD,,customerapplication,9669,2024,,PENDING
,ZWL,,customerapplication,9670,2024,,PENDING
,ZWL,,customerapplication,9672,2024,,PENDING
,ZWL,,customerapplication,9673,2024,,PENDING
,ZWL,,customerapplication,9674,2024,,PENDING
,USD,,customerapplication,9675,2024,,PENDING
,ZWL,,customerapplication,9676,2024,,PENDING
,USD,,customerapplication,9677,2024,,PENDING
,USD,,customerapplication,9678,2024,,PENDING
,ZWL,,customerapplication,9679,2024,,PENDING
,ZWL,,customerapplication,9680,2024,,PENDING
,USD,,customerapplication,9681,2024,,PENDING
,ZWL,,customerapplication,9682,2024,,PENDING
,USD,,customerapplication,9683,2024,,PENDING
,ZWL,,customerapplication,9684,2024,,PENDING
,ZWL,,customerapplication,9686,2024,,PENDING
,ZWL,,customerapplication,9687,2024,,PENDING
,USD,,customerapplication,9688,2024,,PENDING
,ZWL,,customerapplication,9689,2024,,PENDING
,ZWL,,customerapplication,9690,2024,,PENDING
,USD,,customerapplication,9691,2024,,PENDING
,ZWL,,customerapplication,9692,2024,,PENDING
,ZWL,,customerapplication,9693,2024,,PENDING
,USD,,customerapplication,9694,2024,,PENDING
,ZWL,,customerapplication,9695,2024,,PENDING
,USD,,customerapplication,9696,2024,,PENDING
,USD,,customerapplication,9697,2024,,PENDING
,USD,,customerapplication,9698,2024,,PENDING
,ZWL,,customerapplication,9699,2024,,PENDING
,USD,,customerapplication,9700,2024,,PENDING
,ZWL,,customerapplication,9701,2024,,PENDING
,ZWL,,customerapplication,9702,2024,,PENDING
,USD,,customerapplication,9703,2024,,PENDING
,USD,,customerapplication,9704,2024,,PENDING
,USD,,customerapplication,9705,2024,,PENDING
,ZWL,,customerapplication,9706,2024,,PENDING
,USD,,customerapplication,9707,2024,,PENDING
,USD,,customerapplication,9708,2024,,PENDING
,USD,,customerapplication,9709,2024,,PENDING
,USD,,customerapplication,9710,2024,,PENDING
,USD,,customerapplication,9711,2024,,PENDING
,USD,,customerapplication,9712,2024,,PENDING
,USD,,customerapplication,9713,2024,,PENDING
,USD,,customerapplication,9714,2024,,PENDING
,USD,,customerapplication,9715,2024,,PENDING
,USD,,customerapplication,9716,2024,,PENDING
,USD,,customerapplication,9717,2024,,PENDING
,ZWL,,customerapplication,9718,2024,,PENDING
,USD,,customerapplication,9719,2024,,PENDING
,ZWL,,customerapplication,9720,2024,,PENDING
,USD,,customerapplication,9721,2024,,PENDING
,USD,,customerapplication,9722,2024,,PENDING
,USD,,customerapplication,9723,2024,,PENDING
,USD,,customerapplication,9724,2024,,PENDING
,ZWL,,customerapplication,9725,2024,,PENDING
,USD,,customerapplication,9726,2024,,PENDING
,ZWL,,customerapplication,9727,2024,,PENDING
,USD,,customerapplication,9728,2024,,PENDING
,USD,,customerapplication,9729,2024,,PENDING
,USD,,customerapplication,9730,2024,,PENDING
,USD,,customerapplication,9731,2024,,PENDING
,USD,,customerapplication,9732,2024,,PENDING
,USD,,customerapplication,9733,2024,,PENDING
,USD,,customerapplication,9734,2024,,PENDING
,USD,,customerapplication,9735,2024,,PENDING
,USD,,customerapplication,9736,2024,,PENDING
,USD,,customerapplication,9737,2024,,PENDING
,USD,,customerapplication,9738,2024,,PENDING
,ZWL,,customerapplication,9739,2024,,PENDING
,USD,,customerapplication,9740,2024,,PENDING
,ZWL,,customerapplication,9741,2024,,PENDING
,USD,,customerapplication,9742,2024,,PENDING
,USD,,customerapplication,9743,2024,,PENDING
,USD,,customerapplication,9744,2024,,PENDING
,ZWL,,customerapplication,9746,2024,,PENDING
,ZWL,,customerapplication,9747,2024,,PENDING
,USD,,customerapplication,9748,2024,,PENDING
,ZWL,,customerapplication,9749,2024,,PENDING
,ZWL,,customerapplication,9750,2024,,PENDING
,USD,,customerapplication,9751,2024,,PENDING
,USD,,customerapplication,9752,2024,,PENDING
,ZWL,,customerapplication,9753,2024,,PENDING
,ZWL,,customerapplication,9754,2024,,PENDING
,USD,,customerapplication,9755,2024,,PENDING
,ZWL,,customerapplication,9756,2024,,PENDING
,ZWL,,customerapplication,9757,2024,,PENDING
,USD,,customerapplication,9758,2024,,PENDING
,USD,,customerapplication,9760,2024,,PENDING
,ZWL,,customerapplication,9761,2024,,PENDING
,USD,,customerapplication,9762,2024,,PENDING
,ZWL,,customerapplication,9763,2024,,PENDING
,USD,,customerapplication,9764,2024,,PENDING
,USD,,customerapplication,9765,2024,,PENDING
,USD,,customerapplication,9766,2024,,PENDING
,USD,,customerapplication,9767,2024,,PENDING
,USD,,customerapplication,9769,2024,,PENDING
,USD,,customerapplication,9770,2024,,PENDING
,USD,,customerapplication,9771,2024,,PENDING
,ZWL,,customerapplication,9772,2024,,PENDING
,ZWL,,customerapplication,9773,2024,,PENDING
,ZWL,,customerapplication,9774,2024,,PENDING
,USD,,customerapplication,9775,2024,,PENDING
,USD,,customerapplication,9777,2024,,PENDING
,ZWL,,customerapplication,9778,2024,,PENDING
,ZWL,,customerapplication,9779,2024,,PENDING
,ZWL,,customerapplication,9780,2024,,PENDING
,USD,,customerapplication,9781,2024,,PENDING
,ZWL,,customerapplication,9782,2024,,PENDING
,ZWL,,customerapplication,9783,2024,,PENDING
,ZWL,,customerapplication,9784,2024,,PENDING
,ZWL,,customerapplication,9785,2024,,PENDING
,ZWL,,customerapplication,9786,2024,,PENDING
,ZWL,,customerapplication,9787,2024,,PENDING
,ZWL,,customerapplication,9788,2024,,PENDING
,ZWL,,customerapplication,9789,2024,,PENDING
,ZWL,,customerapplication,9790,2024,,PENDING
,ZWL,,customerapplication,9791,2024,,PENDING
,USD,,customerapplication,9792,2024,,PENDING
,ZWL,,customerapplication,9793,2024,,PENDING
,ZWL,,customerapplication,9794,2024,,PENDING
,ZWL,,customerapplication,9795,2024,,PENDING
,ZWL,,customerapplication,9797,2024,,PENDING
,ZWL,,customerapplication,9798,2024,,PENDING
,ZWL,,customerapplication,9799,2024,,PENDING
,ZWL,,customerapplication,9800,2024,,PENDING
,ZWL,,customerapplication,9802,2024,,PENDING
,USD,,customerapplication,9804,2024,,PENDING
,ZWL,,customerapplication,9805,2024,,PENDING
,USD,,customerapplication,9806,2024,,PENDING
,USD,,customerapplication,9807,2024,,PENDING
,USD,,customerapplication,9808,2024,,PENDING
,ZWL,,customerapplication,9809,2024,,PENDING
,ZWL,,customerapplication,9810,2024,,PENDING
,USD,,customerapplication,9811,2024,,PENDING
,ZWL,,customerapplication,9812,2024,,PENDING
,ZWL,,customerapplication,9814,2024,,PENDING
,USD,,customerapplication,9815,2024,,PENDING
,USD,,customerapplication,9816,2024,,PENDING
,ZWL,,customerapplication,9817,2024,,PENDING
,ZWL,,customerapplication,9818,2024,,PENDING
,USD,,customerapplication,9819,2024,,PENDING
,USD,,customerapplication,9820,2024,,PENDING
,USD,,customerapplication,9821,2024,,PENDING
,ZWL,,customerapplication,9822,2024,,PENDING
,ZWL,,customerapplication,9823,2024,,PENDING
,ZWL,,customerapplication,9824,2024,,PENDING
,ZWL,,customerapplication,9825,2024,,PENDING
,ZWL,,customerapplication,9826,2024,,PENDING
,USD,,customerapplication,9827,2024,,PENDING
,USD,,customerapplication,9828,2024,,PENDING
,USD,,customerapplication,9829,2024,,PENDING
,USD,,customerapplication,9831,2024,,PENDING
,USD,,customerapplication,9832,2024,,PENDING
,ZWL,,customerapplication,9833,2024,,PENDING
,ZWL,,customerapplication,9834,2024,,PENDING
,USD,,customerapplication,9835,2024,,PENDING
,ZWL,,customerapplication,9836,2024,,PENDING
,ZWL,,customerapplication,9837,2024,,PENDING
,USD,,customerapplication,9838,2024,,PENDING
,USD,,customerapplication,9839,2024,,PENDING
,USD,,customerapplication,9840,2024,,PENDING
,USD,,customerapplication,9841,2024,,PENDING
,ZWL,,customerapplication,9842,2024,,PENDING
,ZWL,,customerapplication,9843,2024,,PENDING
,ZWL,,customerapplication,9844,2024,,PENDING
,USD,,customerapplication,9845,2024,,PENDING
,USD,,customerapplication,9846,2024,,PENDING
,ZWL,,customerapplication,9847,2024,,PENDING
,ZWL,,customerapplication,9848,2024,,PENDING
,USD,,customerapplication,9849,2024,,PENDING
,ZWL,,customerapplication,9850,2024,,PENDING
,ZWL,,customerapplication,9851,2024,,PENDING
,USD,,customerapplication,9852,2024,,PENDING
,ZWL,,customerapplication,9853,2024,,PENDING
,ZWL,,customerapplication,9854,2024,,PENDING
,ZWL,,customerapplication,9855,2024,,PENDING
,ZWL,,customerapplication,9856,2024,,PENDING
,USD,,customerapplication,9857,2024,,PENDING
,USD,,customerapplication,9858,2024,,PENDING
,USD,,customerapplication,9860,2024,,PENDING
,ZWL,,customerapplication,9861,2024,,PENDING
,USD,,customerapplication,9862,2024,,PENDING
,ZWL,,customerapplication,9865,2024,,PENDING
,ZWL,,customerapplication,9866,2024,,PENDING
,ZWL,,customerapplication,9867,2024,,PENDING
,ZWL,,customerapplication,9868,2024,,PENDING
,USD,,customerapplication,9869,2024,,PENDING
,USD,,customerapplication,9870,2024,,PENDING
,ZWL,,customerapplication,9871,2024,,PENDING
,USD,,customerapplication,9872,2024,,PENDING
,ZWL,,customerapplication,9873,2024,,PENDING
,ZWL,,customerapplication,9874,2024,,PENDING
,USD,,customerapplication,9876,2024,,PENDING
,USD,,customerapplication,9877,2024,,PENDING
,USD,,customerapplication,9879,2024,,PENDING
,ZWL,,customerapplication,9880,2024,,PENDING
,ZWL,,customerapplication,9881,2024,,PENDING
,ZWL,,customerapplication,9882,2024,,PENDING
,USD,,customerapplication,9883,2024,,PENDING
,ZWL,,customerapplication,9884,2024,,PENDING
,USD,,customerapplication,9885,2024,,PENDING
,USD,,customerapplication,9886,2024,,PENDING
,ZWL,,customerapplication,9887,2024,,PENDING
,USD,,customerapplication,9888,2024,,PENDING
,ZWL,,customerapplication,9889,2024,,PENDING
,USD,,customerapplication,9890,2024,,PENDING
,USD,,customerapplication,9891,2024,,PENDING
,USD,,customerapplication,9892,2024,,PENDING
,USD,,customerapplication,9893,2024,,PENDING
,USD,,customerapplication,9894,2024,,PENDING
,USD,,customerapplication,9895,2024,,PENDING
,ZWL,,customerapplication,9896,2024,,PENDING
,ZWL,,customerapplication,9897,2024,,PENDING
,USD,,customerapplication,9898,2024,,PENDING
,USD,,customerapplication,9899,2024,,PENDING
,ZWL,,customerapplication,9900,2024,,PENDING
,ZWL,,customerapplication,9901,2024,,PENDING
,USD,,customerapplication,9902,2024,,PENDING
,ZWL,,customerapplication,9903,2024,,PENDING
,ZWL,,customerapplication,9904,2024,,PENDING
,USD,,customerapplication,9905,2024,,PENDING
,USD,,customerapplication,9906,2024,,PENDING
,ZWL,,customerapplication,9907,2024,,PENDING
,USD,,customerapplication,9908,2024,,PENDING
,ZWL,,customerapplication,9909,2024,,PENDING
,USD,,customerapplication,9910,2024,,PENDING
,ZWL,,customerapplication,9911,2024,,PENDING
,USD,,customerapplication,9912,2024,,PENDING
,USD,,customerapplication,9913,2024,,PENDING
,USD,,customerapplication,9914,2024,,PENDING
,ZWL,,customerapplication,9915,2024,,PENDING
,ZWL,,customerapplication,9916,2024,,PENDING
,USD,,customerapplication,9917,2024,,PENDING
,ZWL,,customerapplication,9918,2024,,PENDING
,ZWL,,customerapplication,9919,2024,,PENDING
,ZWL,,customerapplication,9920,2024,,PENDING
,USD,,customerapplication,9921,2024,,PENDING
,ZWL,,customerapplication,9922,2024,,PENDING
,USD,,customerapplication,9923,2024,,PENDING
,USD,,customerapplication,9924,2024,,PENDING
,USD,,customerapplication,9925,2024,,PENDING
,USD,,customerapplication,9926,2024,,PENDING
,USD,,customerapplication,9927,2024,,PENDING
,ZWL,,customerapplication,9928,2024,,PENDING
,ZWL,,customerapplication,9929,2024,,PENDING
,USD,,customerapplication,9930,2024,,PENDING
,ZWL,,customerapplication,9931,2024,,PENDING
,ZWL,,customerapplication,9932,2024,,PENDING
,USD,,customerapplication,9933,2024,,PENDING
,USD,,customerapplication,9934,2024,,PENDING
,USD,,customerapplication,9935,2024,,PENDING
,ZWL,,customerapplication,9936,2024,,PENDING
,ZWL,,customerapplication,9937,2024,,PENDING
,ZWL,,customerapplication,9938,2024,,PENDING
,ZWL,,customerapplication,9940,2024,,PENDING
,USD,,customerapplication,9941,2024,,PENDING
,USD,,customerapplication,9942,2024,,PENDING
,USD,,customerapplication,9943,2024,,PENDING
,USD,,customerapplication,9944,2024,,PENDING
,ZWL,,customerapplication,9945,2024,,PENDING
,ZWL,,customerapplication,9946,2024,,PENDING
,USD,,customerapplication,9947,2024,,PENDING
,ZWL,,customerapplication,9948,2024,,PENDING
,USD,,customerapplication,9949,2024,,PENDING
,ZWL,,customerapplication,9950,2024,,PENDING
,USD,,customerapplication,9951,2024,,PENDING
,ZWL,,customerapplication,9952,2024,,PENDING
,ZWL,,customerapplication,9953,2024,,PENDING
,USD,,customerapplication,9954,2024,,PENDING
,USD,,customerapplication,9955,2024,,PENDING
,USD,,customerapplication,9956,2024,,PENDING
,USD,,customerapplication,9957,2024,,PENDING
,USD,,customerapplication,9958,2024,,PENDING
,USD,,customerapplication,9959,2024,,PENDING
,USD,,customerapplication,9960,2024,,PENDING
,USD,,customerapplication,9961,2024,,PENDING
,ZWL,,customerapplication,9962,2024,,PENDING
,ZWL,,customerapplication,9963,2024,,PENDING
,ZWL,,customerapplication,9964,2024,,PENDING
,USD,,customerapplication,9965,2024,,PENDING
,USD,,customerapplication,9966,2024,,PENDING
,USD,,customerapplication,9967,2024,,PENDING
,ZWL,,customerapplication,9968,2024,,PENDING
,USD,,customerapplication,9969,2024,,PENDING
,USD,,customerapplication,9970,2024,,PENDING
,ZWL,,customerapplication,9971,2024,,PENDING
,ZWL,,customerapplication,9972,2024,,PENDING
,ZWL,,customerapplication,9973,2024,,PENDING
,ZWL,,customerapplication,9974,2024,,PENDING
,ZWL,,customerapplication,9975,2024,,PENDING
,ZWL,,customerapplication,9976,2024,,PENDING
,ZWL,,customerapplication,9977,2024,,PENDING
,USD,,customerapplication,9978,2024,,PENDING
,USD,,customerapplication,9979,2024,,PENDING
,USD,,customerapplication,9980,2024,,PENDING
,USD,,customerapplication,9981,2024,,PENDING
,USD,,customerapplication,9982,2024,,PENDING
,ZWL,,customerapplication,9983,2024,,PENDING
,ZWL,,customerapplication,9984,2024,,PENDING
,ZWL,,customerapplication,9985,2024,,PENDING
,ZWL,,customerapplication,9986,2024,,PENDING
,ZWL,,customerapplication,9987,2024,,PENDING
,ZWL,,customerapplication,9988,2024,,PENDING
,ZWL,,customerapplication,9989,2024,,PENDING
,ZWL,,customerapplication,9990,2024,,PENDING
,ZWL,,customerapplication,9991,2024,,PENDING
,ZWL,,customerapplication,9992,2024,,PENDING
,ZWL,,customerapplication,9993,2024,,PENDING
,ZWL,,customerapplication,9994,2024,,PENDING
,ZWL,,customerapplication,9995,2024,,PENDING
,ZWL,,customerapplication,9996,2024,,PENDING
,ZWL,,customerapplication,9997,2024,,PENDING
,ZWL,,customerapplication,9998,2024,,PENDING
,ZWL,,customerapplication,9999,2024,,PENDING
,ZWL,,customerapplication,10000,2024,,PENDING
,ZWL,,customerapplication,10001,2024,,PENDING
,ZWL,,customerapplication,10002,2024,,PENDING
,ZWL,,customerapplication,10003,2024,,PENDING
,ZWL,,customerapplication,10004,2024,,PENDING
,ZWL,,customerapplication,10005,2024,,PENDING
,USD,,customerapplication,10006,2024,,PENDING
,USD,,customerapplication,10007,2024,,PENDING
,USD,,customerapplication,10008,2024,,PENDING
,ZWL,,customerapplication,10009,2024,,PENDING
,ZWL,,customerapplication,10010,2024,,PENDING
,USD,,customerapplication,10011,2024,,PENDING
,ZWL,,customerapplication,10012,2024,,PENDING
,ZWL,,customerapplication,10013,2024,,PENDING
,USD,,customerapplication,10014,2024,,PENDING
,USD,,customerapplication,10015,2024,,PENDING
,ZWL,,customerapplication,10016,2024,,PENDING
,USD,,customerapplication,10017,2024,,PENDING
,ZWL,,customerapplication,10018,2024,,PENDING
,ZWL,,customerapplication,10019,2024,,PENDING
,ZWL,,customerapplication,10020,2024,,PENDING
,ZWL,,customerapplication,10021,2024,,PENDING
,ZWL,,customerapplication,10022,2024,,PENDING
,ZWL,,customerapplication,10023,2024,,PENDING
,ZWL,,customerapplication,10024,2024,,PENDING
,ZWL,,customerapplication,10025,2024,,PENDING
,USD,,customerapplication,10026,2024,,PENDING
,ZWL,,customerapplication,10027,2024,,PENDING
,USD,,customerapplication,10028,2024,,PENDING
,USD,,customerapplication,10029,2024,,PENDING
,ZWL,,customerapplication,10030,2024,,PENDING
,USD,,customerapplication,10031,2024,,PENDING
,USD,,customerapplication,10032,2024,,PENDING
,USD,,customerapplication,10033,2024,,PENDING
,ZWL,,customerapplication,10034,2024,,PENDING
,USD,,customerapplication,10035,2024,,PENDING
,USD,,customerapplication,10036,2024,,PENDING
,USD,,customerapplication,10037,2024,,PENDING
,USD,,customerapplication,10038,2024,,PENDING
,ZWL,,customerapplication,10040,2024,,PENDING
,USD,,customerapplication,10041,2024,,PENDING
,ZWL,,customerapplication,10042,2024,,PENDING
,ZWL,,customerapplication,10043,2024,,PENDING
,USD,,customerapplication,10044,2024,,PENDING
,USD,,customerapplication,10045,2024,,PENDING
,USD,,customerapplication,10046,2024,,PENDING
,USD,,customerapplication,10047,2024,,PENDING
,USD,,customerapplication,10048,2024,,PENDING
,USD,,customerapplication,10049,2024,,PENDING
,USD,,customerapplication,10050,2024,,PENDING
,USD,,customerapplication,10051,2024,,PENDING
,ZWL,,customerapplication,10052,2024,,PENDING
,ZWL,,customerapplication,10053,2024,,PENDING
,USD,,customerapplication,10054,2024,,PENDING
,USD,,customerapplication,10055,2024,,PENDING
,USD,,customerapplication,10056,2024,,PENDING
,USD,,customerapplication,10057,2024,,PENDING
,ZWL,,customerapplication,10058,2024,,PENDING
,USD,,customerapplication,10059,2024,,PENDING
,USD,,customerapplication,10060,2024,,PENDING
,USD,,customerapplication,10061,2024,,PENDING
,USD,,customerapplication,10062,2024,,PENDING
,USD,,customerapplication,10063,2024,,PENDING
,USD,,customerapplication,10064,2024,,PENDING
,USD,,customerapplication,10065,2024,,PENDING
,ZWL,,customerapplication,10066,2024,,PENDING
,USD,,customerapplication,10067,2024,,PENDING
,USD,,customerapplication,10068,2024,,PENDING
,USD,,customerapplication,10069,2024,,PENDING
,USD,,customerapplication,10070,2024,,PENDING
,USD,,customerapplication,10071,2024,,PENDING
,USD,,customerapplication,10073,2024,,PENDING
,USD,,customerapplication,10074,2024,,PENDING
,USD,,customerapplication,10075,2024,,PENDING
,USD,,customerapplication,10076,2024,,PENDING
,ZWL,,customerapplication,10077,2024,,PENDING
,ZWL,,customerapplication,10078,2024,,PENDING
,USD,,customerapplication,10079,2024,,PENDING
,USD,,customerapplication,10080,2024,,PENDING
,USD,,customerapplication,10081,2024,,PENDING
,ZWL,,customerapplication,10082,2024,,PENDING
,USD,,customerapplication,10083,2024,,PENDING
,ZWL,,customerapplication,10084,2024,,PENDING
,ZWL,,customerapplication,10085,2024,,PENDING
,USD,,customerapplication,10086,2024,,PENDING
,ZWL,,customerapplication,10087,2024,,PENDING
,ZWL,,customerapplication,10088,2024,,PENDING
,USD,,customerapplication,10089,2024,,PENDING
,USD,,customerapplication,10090,2024,,PENDING
,USD,,customerapplication,10091,2024,,PENDING
,USD,,customerapplication,10092,2024,,PENDING
,USD,,customerapplication,10093,2024,,PENDING
,USD,,customerapplication,10094,2024,,PENDING
,USD,,customerapplication,10095,2024,,PENDING
,USD,,customerapplication,10096,2024,,PENDING
,USD,,customerapplication,10097,2024,,PENDING
,USD,,customerapplication,10098,2024,,PENDING
,USD,,customerapplication,10099,2024,,PENDING
,USD,,customerapplication,10100,2024,,PENDING
,USD,,customerapplication,10101,2024,,PENDING
,USD,,customerapplication,10102,2024,,PENDING
,USD,,customerapplication,10103,2024,,PENDING
,USD,,customerapplication,10104,2024,,PENDING
,USD,,customerapplication,10105,2024,,PENDING
,USD,,customerapplication,10106,2024,,PENDING
,USD,,customerapplication,10107,2024,,PENDING
,USD,,customerapplication,10108,2024,,PENDING
,USD,,customerapplication,10109,2024,,PENDING
,USD,,customerapplication,10110,2024,,PENDING
,USD,,customerapplication,10111,2024,,PENDING
,USD,,customerapplication,10112,2024,,PENDING
,USD,,customerapplication,10114,2024,,PENDING
,USD,,customerapplication,10115,2024,,PENDING
,USD,,customerapplication,10116,2024,,PENDING
,USD,,customerapplication,10117,2024,,PENDING
,USD,,customerapplication,10118,2024,,PENDING
,USD,,customerapplication,10119,2024,,PENDING
,USD,,customerapplication,10120,2024,,PENDING
,USD,,customerapplication,10121,2024,,PENDING
,USD,,customerapplication,10122,2024,,PENDING
,USD,,customerapplication,10123,2024,,PENDING
,USD,,customerapplication,10124,2024,,PENDING
,USD,,customerapplication,10125,2024,,PENDING
,USD,,customerapplication,10126,2024,,PENDING
,USD,,customerapplication,10127,2024,,PENDING
,USD,,customerapplication,10128,2024,,PENDING
,USD,,customerapplication,10129,2024,,PENDING
,USD,,customerapplication,10130,2024,,PENDING
,USD,,customerapplication,10131,2024,,PENDING
,USD,,customerapplication,10132,2024,,PENDING
,USD,,customerapplication,10134,2024,,PENDING
,USD,,customerapplication,10135,2024,,PENDING
,USD,,customerapplication,10136,2024,,PENDING
,USD,,customerapplication,10138,2024,,PENDING
,USD,,customerapplication,10139,2024,,PENDING
,USD,,customerapplication,10140,2024,,PENDING
,USD,,customerapplication,10141,2024,,PENDING
,USD,,customerapplication,10142,2024,,PENDING
,USD,,customerapplication,10143,2024,,PENDING
,USD,,customerapplication,10144,2024,,PENDING
,USD,,customerapplication,10145,2024,,PENDING
,USD,,customerapplication,10146,2024,,PENDING
,USD,,customerapplication,10147,2024,,PENDING
,USD,,customerapplication,10148,2024,,PENDING
,USD,,customerapplication,10149,2024,,PENDING
,USD,,customerapplication,10150,2024,,PENDING
,USD,,customerapplication,10151,2024,,PENDING
,USD,,customerapplication,10152,2024,,PENDING
,USD,,customerapplication,10153,2024,,PENDING
,USD,,customerapplication,10154,2024,,PENDING
,USD,,customerapplication,10155,2024,,PENDING
,USD,,customerapplication,10156,2024,,PENDING
,USD,,customerapplication,10157,2024,,PENDING
,USD,,customerapplication,10158,2024,,PENDING
,USD,,customerapplication,10159,2024,,PENDING
,USD,,customerapplication,10160,2024,,PENDING
,USD,,customerapplication,10161,2024,,PENDING
,USD,,customerapplication,10162,2024,,PENDING
,USD,,customerapplication,10163,2024,,PENDING
,USD,,customerapplication,10164,2024,,PENDING
,USD,,customerapplication,10165,2024,,PENDING
,USD,,customerapplication,10166,2024,,PENDING
,USD,,customerapplication,10167,2024,,PENDING
,USD,,customerapplication,10168,2024,,PENDING
,USD,,customerapplication,10169,2024,,PENDING
,USD,,customerapplication,10170,2024,,PENDING
,USD,,customerapplication,10171,2024,,PENDING
,USD,,customerapplication,10172,2024,,PENDING
,USD,,customerapplication,10173,2024,,PENDING
,USD,,customerapplication,10174,2024,,PENDING
,USD,,customerapplication,10175,2024,,PENDING
,USD,,customerapplication,10176,2024,,PENDING
,USD,,customerapplication,10177,2024,,PENDING
,USD,,customerapplication,10178,2024,,PENDING
,USD,,customerapplication,10179,2024,,PENDING
,USD,,customerapplication,10180,2024,,PENDING
,USD,,customerapplication,10181,2024,,PENDING
,USD,,customerapplication,10182,2024,,PENDING
,USD,,customerapplication,10183,2024,,PENDING
,USD,,customerapplication,10184,2024,,PENDING
,USD,,customerapplication,10186,2024,,PENDING
,USD,,customerapplication,10187,2024,,PENDING
,USD,,customerapplication,10188,2024,,PENDING
,USD,,customerapplication,10189,2024,,PENDING
,USD,,customerapplication,10190,2024,,PENDING
,USD,,customerapplication,10191,2024,,PENDING
,USD,,customerapplication,10192,2024,,PENDING
,USD,,customerapplication,10193,2024,,PENDING
,USD,,customerapplication,10194,2024,,PENDING
,USD,,customerapplication,10195,2024,,PENDING
,USD,,customerapplication,10196,2024,,PENDING
,USD,,customerapplication,10197,2024,,PENDING
,USD,,customerapplication,10198,2024,,PENDING
,USD,,customerapplication,10199,2024,,PENDING
,USD,,customerapplication,10200,2024,,PENDING
,USD,,customerapplication,10201,2024,,PENDING
,USD,,customerapplication,10202,2024,,PENDING
,USD,,customerapplication,10203,2024,,PENDING
,USD,,customerapplication,10206,2024,,PENDING
,USD,,customerapplication,10207,2024,,PENDING
,USD,,customerapplication,10208,2024,,PENDING
,USD,,customerapplication,10209,2024,,PENDING
,USD,,customerapplication,10210,2024,,PENDING
,USD,,customerapplication,10211,2024,,PENDING
,USD,,customerapplication,10212,2024,,PENDING
,USD,,customerapplication,10213,2024,,PENDING
,USD,,customerapplication,10214,2024,,PENDING
,USD,,customerapplication,10215,2024,,PENDING
,USD,,customerapplication,10216,2024,,PENDING
,USD,,customerapplication,10217,2024,,PENDING
,USD,,customerapplication,10219,2024,,PENDING
,USD,,customerapplication,10220,2024,,PENDING
,USD,,customerapplication,10221,2024,,PENDING
,USD,,customerapplication,10222,2024,,PENDING
,USD,,customerapplication,10223,2024,,PENDING
,USD,,customerapplication,10224,2024,,PENDING
,USD,,customerapplication,10225,2024,,PENDING
,USD,,customerapplication,10226,2024,,PENDING
,USD,,customerapplication,10227,2024,,PENDING
,USD,,customerapplication,10228,2024,,PENDING
,USD,,customerapplication,10229,2024,,PENDING
,USD,,customerapplication,10230,2024,,PENDING
,USD,,customerapplication,10231,2024,,PENDING
,USD,,customerapplication,10232,2024,,PENDING
,USD,,customerapplication,10233,2024,,PENDING
,USD,,customerapplication,10234,2024,,PENDING
,USD,,customerapplication,10235,2024,,PENDING
,USD,,customerapplication,10236,2024,,PENDING
,USD,,customerapplication,10237,2024,,PENDING
,USD,,customerapplication,10238,2024,,PENDING
,USD,,customerapplication,10239,2024,,PENDING
,USD,,customerapplication,10240,2024,,PENDING
,USD,,customerapplication,10241,2024,,PENDING
,USD,,customerapplication,10242,2024,,PENDING
,USD,,customerapplication,10243,2024,,PENDING
,USD,,customerapplication,10244,2024,,PENDING
,USD,,customerapplication,10245,2024,,PENDING
,USD,,customerapplication,10246,2024,,PENDING
,USD,,customerapplication,10247,2024,,PENDING
,USD,,customerapplication,10248,2024,,PENDING
,USD,,customerapplication,10249,2024,,PENDING
,USD,,customerapplication,10250,2024,,PENDING
,USD,,customerapplication,10251,2024,,PENDING
,USD,,customerapplication,10252,2024,,PENDING
,USD,,customerapplication,10253,2024,,PENDING
,USD,,customerapplication,10254,2024,,PENDING
,USD,,customerapplication,10255,2024,,PENDING
,USD,,customerapplication,10256,2024,,PENDING
,USD,,customerapplication,10257,2024,,PENDING
,USD,,customerapplication,10258,2024,,PENDING
,USD,,customerapplication,10259,2024,,PENDING
,USD,,customerapplication,10260,2024,,PENDING
,USD,,customerapplication,10261,2024,,PENDING
,USD,,customerapplication,10262,2024,,PENDING
,USD,,customerapplication,10263,2024,,PENDING
,USD,,customerapplication,10264,2024,,PENDING
,USD,,customerapplication,10265,2024,,PENDING
,USD,,customerapplication,10266,2024,,PENDING
,USD,,customerapplication,10267,2024,,PENDING
,USD,,customerapplication,10268,2024,,PENDING
,USD,,customerapplication,10269,2024,,PENDING
,USD,,customerapplication,10270,2024,,PENDING
,USD,,customerapplication,10271,2024,,PENDING
,USD,,customerapplication,10272,2024,,PENDING
,USD,,customerapplication,10273,2024,,PENDING
,USD,,customerapplication,10274,2024,,PENDING
,USD,,customerapplication,10275,2024,,PENDING
,USD,,customerapplication,10276,2024,,PENDING
,USD,,customerapplication,10277,2024,,PENDING
,USD,,customerapplication,10278,2024,,PENDING
,USD,,customerapplication,10279,2024,,PENDING
,USD,,customerapplication,10280,2024,,PENDING
,USD,,customerapplication,10281,2024,,PENDING
,USD,,customerapplication,10282,2024,,PENDING
,USD,,customerapplication,10283,2024,,PENDING
,USD,,customerapplication,10284,2024,,PENDING
,USD,,customerapplication,10285,2024,,PENDING
,USD,,customerapplication,10286,2024,,PENDING
,USD,,customerapplication,10287,2024,,PENDING
,USD,,customerapplication,10288,2024,,PENDING
,USD,,customerapplication,10289,2024,,PENDING
,USD,,customerapplication,10290,2024,,PENDING
,USD,,customerapplication,10291,2024,,PENDING
,USD,,customerapplication,10292,2024,,PENDING
,USD,,customerapplication,10293,2024,,PENDING
,USD,,customerapplication,10294,2024,,PENDING
,USD,,customerapplication,10295,2024,,PENDING
,USD,,customerapplication,10296,2024,,PENDING
,USD,,customerapplication,10297,2024,,PENDING
,USD,,customerapplication,10298,2024,,PENDING
,USD,,customerapplication,10299,2024,,PENDING
,USD,,customerapplication,10300,2024,,PENDING
,USD,,customerapplication,10301,2024,,PENDING
,USD,,customerapplication,10302,2024,,PENDING
,USD,,customerapplication,10303,2024,,PENDING
,USD,,customerapplication,10304,2024,,PENDING
,USD,,customerapplication,10305,2024,,PENDING
,USD,,customerapplication,10306,2024,,PENDING
,USD,,customerapplication,10307,2024,,PENDING
,USD,,customerapplication,10308,2024,,PENDING
,USD,,customerapplication,10309,2024,,PENDING
,USD,,customerapplication,10310,2024,,PENDING
,USD,,customerapplication,10311,2024,,PENDING
,USD,,customerapplication,10312,2024,,PENDING
,USD,,customerapplication,10313,2024,,PENDING
,USD,,customerapplication,10314,2024,,PENDING
,USD,,customerapplication,10315,2024,,PENDING
,USD,,customerapplication,10318,2024,,PENDING
,USD,,customerapplication,10319,2024,,PENDING
,USD,,customerapplication,10320,2024,,PENDING
,USD,,customerapplication,10321,2024,,PENDING
,USD,,customerapplication,10322,2024,,PENDING
,USD,,customerapplication,10323,2024,,PENDING
,USD,,customerapplication,10324,2024,,PENDING
,USD,,customerapplication,10325,2024,,PENDING
,USD,,customerapplication,10326,2024,,PENDING
,USD,,customerapplication,10327,2024,,PENDING
,USD,,customerapplication,10328,2024,,PENDING
,USD,,customerapplication,10329,2024,,PENDING
,USD,,customerapplication,10330,2024,,PENDING
,USD,,customerapplication,10331,2024,,PENDING
,USD,,customerapplication,10332,2024,,PENDING
,USD,,customerapplication,10333,2024,,PENDING
,USD,,customerapplication,10334,2024,,PENDING
,USD,,customerapplication,10335,2024,,PENDING
,USD,,customerapplication,10336,2024,,PENDING
,USD,,customerapplication,10337,2024,,PENDING
,USD,,customerapplication,10338,2024,,PENDING
,USD,,customerapplication,10339,2024,,PENDING
,USD,,customerapplication,10340,2024,,PENDING
,USD,,customerapplication,10341,2024,,PENDING
,USD,,customerapplication,10342,2024,,PENDING
,USD,,customerapplication,10343,2024,,PENDING
,USD,,customerapplication,10344,2024,,PENDING
,USD,,customerapplication,10345,2024,,PENDING
,USD,,customerapplication,10346,2024,,PENDING
,USD,,customerapplication,10347,2024,,PENDING
,USD,,customerapplication,10348,2024,,PENDING
,USD,,customerapplication,10349,2024,,PENDING
,USD,,customerapplication,10350,2024,,PENDING
,USD,,customerapplication,10351,2024,,PENDING
,USD,,customerapplication,10352,2024,,PENDING
,USD,,customerapplication,10353,2024,,PENDING
,USD,,customerapplication,10354,2024,,PENDING
,USD,,customerapplication,10355,2024,,PENDING
,USD,,customerapplication,10356,2024,,PENDING
,USD,,customerapplication,10357,2024,,PENDING
,USD,,customerapplication,10358,2024,,PENDING
,USD,,customerapplication,10359,2024,,PENDING
,USD,,customerapplication,10360,2024,,PENDING
,USD,,customerapplication,10361,2024,,PENDING
,USD,,customerapplication,10362,2024,,PENDING
,USD,,customerapplication,10363,2024,,PENDING
,USD,,customerapplication,10364,2024,,PENDING
,USD,,customerapplication,10365,2024,,PENDING
,USD,,customerapplication,10366,2024,,PENDING
,USD,,customerapplication,10367,2024,,PENDING
,USD,,customerapplication,10368,2024,,PENDING
,USD,,customerapplication,10369,2024,,PENDING
,USD,,customerapplication,10370,2024,,PENDING
,USD,,customerapplication,10371,2024,,PENDING
,USD,,customerapplication,10372,2024,,PENDING
,USD,,customerapplication,10374,2024,,PENDING
,USD,,customerapplication,10375,2024,,PENDING
,USD,,customerapplication,10376,2024,,PENDING
,USD,,customerapplication,10377,2024,,PENDING
,USD,,customerapplication,10378,2024,,PENDING
,USD,,customerapplication,10379,2024,,PENDING
,USD,,customerapplication,10380,2024,,PENDING
,USD,,customerapplication,10381,2024,,PENDING
,USD,,customerapplication,10382,2024,,PENDING
,USD,,customerapplication,10383,2024,,PENDING
,USD,,customerapplication,10384,2024,,PENDING
,USD,,customerapplication,10385,2024,,PENDING
,USD,,customerapplication,10386,2024,,PENDING
,USD,,customerapplication,10387,2024,,PENDING
,USD,,customerapplication,10388,2024,,PENDING
,USD,,customerapplication,10390,2024,,PENDING
,USD,,customerapplication,10391,2024,,PENDING
,USD,,customerapplication,10392,2024,,PENDING
,USD,,customerapplication,10393,2024,,PENDING
,USD,,customerapplication,10394,2024,,PENDING
,USD,,customerapplication,10395,2024,,PENDING
,USD,,customerapplication,10396,2024,,PENDING
,USD,,customerapplication,10397,2024,,PENDING
,USD,,customerapplication,10398,2024,,PENDING
,USD,,customerapplication,10399,2024,,PENDING
,USD,,customerapplication,10400,2024,,PENDING
,USD,,customerapplication,10401,2024,,PENDING
,USD,,customerapplication,10402,2024,,PENDING
,USD,,customerapplication,10403,2024,,PENDING
,USD,,customerapplication,10404,2024,,PENDING
,USD,,customerapplication,10405,2024,,PENDING
,USD,,customerapplication,10406,2024,,PENDING
,USD,,customerapplication,10407,2024,,PENDING
,USD,,customerapplication,10408,2024,,PENDING
,USD,,customerapplication,10409,2024,,PENDING
,USD,,customerapplication,10411,2024,,PENDING
,USD,,customerapplication,10412,2024,,PENDING
,USD,,customerapplication,10413,2024,,PENDING
,USD,,customerapplication,10414,2024,,PENDING
,USD,,customerapplication,10415,2024,,PENDING
,USD,,customerapplication,446217,2024,,PENDING
,USD,,customerapplication,446218,2024,,PENDING
,USD,,customerapplication,446219,2024,,PENDING
,USD,,customerapplication,446220,2024,,PENDING
,USD,,customerapplication,446221,2024,,PENDING
,USD,,customerapplication,446222,2024,,PENDING
,USD,,customerapplication,446223,2024,,PENDING
,USD,,customerapplication,446224,2024,,PENDING
,USD,,customerapplication,446225,2024,,PENDING
,USD,,customerapplication,446226,2024,,PENDING
,USD,,customerapplication,446227,2024,,PENDING
,USD,,customerapplication,446228,2024,,PENDING
,USD,,customerapplication,446229,2024,,PENDING
,USD,,customerapplication,446230,2024,,PENDING
,USD,,customerapplication,446231,2024,,PENDING
,USD,,customerapplication,446232,2024,,PENDING
,USD,,customerapplication,446233,2024,,PENDING
,USD,,customerapplication,446234,2024,,PENDING
,USD,,customerapplication,446235,2024,,PENDING
,USD,,customerapplication,446236,2024,,PENDING
,USD,,customerapplication,446237,2024,,PENDING
,USD,,customerapplication,446238,2024,,PENDING
,USD,,customerapplication,446239,2024,,PENDING
,USD,,customerapplication,446240,2024,,PENDING
,USD,,customerapplication,446241,2024,,PENDING
,USD,,customerapplication,446242,2024,,PENDING
,USD,,customerapplication,446243,2024,,PENDING
,USD,,customerapplication,446244,2024,,PENDING
,USD,,customerapplication,446245,2024,,PENDING
,USD,,customerapplication,446246,2024,,PENDING
,USD,,customerapplication,446247,2024,,PENDING
,USD,,customerapplication,446249,2024,,PENDING
,USD,,customerapplication,446250,2024,,PENDING
,USD,,customerapplication,446251,2024,,PENDING
,USD,,customerapplication,446252,2024,,PENDING
,USD,,customerapplication,446253,2024,,PENDING
,USD,,customerapplication,446254,2024,,PENDING
,USD,,customerapplication,446255,2024,,PENDING
,USD,,customerapplication,446256,2024,,PENDING
,USD,,customerapplication,446257,2024,,PENDING
,USD,,customerapplication,446258,2024,,PENDING
,USD,,customerapplication,446259,2024,,PENDING
,USD,,customerapplication,446260,2024,,PENDING
,USD,,customerapplication,446261,2024,,PENDING
,USD,,customerapplication,446262,2024,,PENDING
,USD,,customerapplication,446263,2024,,PENDING
,USD,,customerapplication,446264,2024,,PENDING
,USD,,customerapplication,446265,2024,,PENDING
,USD,,customerapplication,446266,2024,,PENDING
,USD,,customerapplication,446267,2024,,PENDING
,USD,,customerapplication,446268,2024,,PENDING
,USD,,customerapplication,446269,2024,,PENDING
,USD,,customerapplication,446270,2024,,PENDING
,USD,,customerapplication,446271,2024,,PENDING
,USD,,customerapplication,446272,2024,,PENDING
,USD,,customerapplication,446273,2024,,PENDING
,USD,,customerapplication,446274,2024,,PENDING
,USD,,customerapplication,446275,2024,,PENDING
,USD,,customerapplication,446276,2024,,PENDING
,USD,,customerapplication,446277,2024,,PENDING
,USD,,customerapplication,446278,2024,,PENDING
,USD,,customerapplication,446279,2024,,PENDING
,USD,,customerapplication,446280,2024,,PENDING
,USD,,customerapplication,446281,2024,,PENDING
,USD,,customerapplication,446282,2024,,PENDING
,USD,,customerapplication,446283,2024,,PENDING
,USD,,customerapplication,446284,2024,,PENDING
,USD,,customerapplication,446285,2024,,PENDING
,USD,,customerapplication,446286,2024,,PENDING
,USD,,customerapplication,446287,2024,,PENDING
,USD,,customerapplication,446288,2024,,PENDING
,USD,,customerapplication,446289,2024,,PENDING
,USD,,customerapplication,446290,2024,,PENDING
,USD,,customerapplication,446291,2024,,PENDING
,USD,,customerapplication,446292,2024,,PENDING
,USD,,customerapplication,446293,2024,,PENDING
,USD,,customerapplication,446294,2024,,PENDING
,USD,,customerapplication,446295,2024,,PENDING
,USD,,customerapplication,446296,2024,,PENDING
,USD,,customerapplication,446297,2024,,PENDING
,USD,,customerapplication,446298,2024,,PENDING
,USD,,customerapplication,446300,2024,,PENDING
,USD,,customerapplication,446304,2024,,PENDING
,USD,,customerapplication,446305,2024,,PENDING
,USD,,customerapplication,446306,2024,,PENDING
,USD,,customerapplication,446307,2024,,PENDING
,USD,,customerapplication,446308,2024,,PENDING
,USD,,customerapplication,446309,2024,,PENDING
,USD,,customerapplication,446310,2024,,PENDING
,USD,,customerapplication,446311,2024,,PENDING
,USD,,customerapplication,446312,2024,,PENDING
,USD,,customerapplication,446313,2024,,PENDING
,USD,,customerapplication,446314,2024,,PENDING
,USD,,customerapplication,446315,2024,,PENDING
,USD,,customerapplication,446316,2024,,PENDING
,USD,,customerapplication,446317,2024,,PENDING
,USD,,customerapplication,446318,2024,,PENDING
,USD,,customerapplication,446319,2024,,PENDING
,USD,,customerapplication,446320,2024,,PENDING
,USD,,customerapplication,446321,2024,,PENDING
,USD,,customerapplication,446322,2024,,PENDING
,USD,,customerapplication,446323,2024,,PENDING
,USD,,customerapplication,446324,2024,,PENDING
,USD,,customerapplication,446325,2024,,PENDING
,USD,,customerapplication,446326,2024,,PENDING
,USD,,customerapplication,446327,2024,,PENDING
,USD,,customerapplication,446328,2024,,PENDING
,USD,,customerapplication,446329,2024,,PENDING
,USD,,customerapplication,446330,2024,,PENDING
,USD,,customerapplication,446332,2024,,PENDING
,USD,,customerapplication,446333,2024,,PENDING
,USD,,customerapplication,446334,2024,,PENDING
,USD,,customerapplication,446335,2024,,PENDING
,USD,,customerapplication,446336,2024,,PENDING
,USD,,customerapplication,446337,2024,,PENDING
,USD,,customerapplication,446338,2024,,PENDING
,USD,,customerapplication,446339,2024,,PENDING
,USD,,customerapplication,446340,2024,,PENDING
,USD,,customerapplication,446341,2024,,PENDING
,USD,,customerapplication,446342,2024,,PENDING
,USD,,customerapplication,446343,2024,,PENDING
,USD,,customerapplication,446344,2024,,PENDING
,USD,,customerapplication,446345,2024,,PENDING
,USD,,customerapplication,446346,2024,,PENDING
,USD,,customerapplication,446347,2024,,PENDING
,USD,,customerapplication,446348,2024,,PENDING
,USD,,customerapplication,446349,2024,,PENDING
,USD,,customerapplication,446350,2024,,PENDING
,USD,,customerapplication,446351,2024,,PENDING
,USD,,customerapplication,446352,2024,,PENDING
,USD,,customerapplication,446353,2024,,PENDING
,USD,,customerapplication,446354,2024,,PENDING
,USD,,customerapplication,446355,2024,,PENDING
,USD,,customerapplication,446356,2024,,PENDING
,USD,,customerapplication,446357,2024,,PENDING
,USD,,customerapplication,446358,2024,,PENDING
,USD,,customerapplication,446359,2024,,PENDING
,USD,,customerapplication,446360,2024,,PENDING
,USD,,customerapplication,446361,2024,,PENDING
,USD,,customerapplication,446362,2024,,PENDING
,USD,,customerapplication,446363,2024,,PENDING
,USD,,customerapplication,446364,2024,,PENDING
,USD,,customerapplication,446365,2024,,PENDING
,USD,,customerapplication,446366,2024,,PENDING
,USD,,customerapplication,446367,2024,,PENDING
,USD,,customerapplication,446368,2024,,PENDING
,USD,,customerapplication,446369,2024,,PENDING
,USD,,customerapplication,446370,2024,,PENDING
,USD,,customerapplication,446371,2024,,PENDING
,USD,,customerapplication,446372,2024,,PENDING
,USD,,customerapplication,446373,2024,,PENDING
,USD,,customerapplication,446374,2024,,PENDING
,USD,,customerapplication,446375,2024,,PENDING
,USD,,customerapplication,446376,2024,,PENDING
,USD,,customerapplication,446377,2024,,PENDING
,USD,,customerapplication,446378,2024,,PENDING
,USD,,customerapplication,446379,2024,,PENDING
,USD,,customerapplication,446380,2024,,PENDING
,USD,,customerapplication,446381,2024,,PENDING
,USD,,customerapplication,446382,2024,,PENDING
,USD,,customerapplication,446383,2024,,PENDING
,USD,,customerapplication,446384,2024,,PENDING
,USD,,customerapplication,446385,2024,,PENDING
,USD,,customerapplication,446386,2024,,PENDING
,USD,,customerapplication,446387,2024,,PENDING
,USD,,customerapplication,446388,2024,,PENDING
,USD,,customerapplication,446389,2024,,PENDING
,USD,,customerapplication,446390,2024,,PENDING
,USD,,customerapplication,446391,2024,,PENDING
,USD,,customerapplication,446392,2024,,PENDING
,USD,,customerapplication,446393,2024,,PENDING
,USD,,customerapplication,446394,2024,,PENDING
,USD,,customerapplication,446395,2024,,PENDING
,USD,,customerapplication,446396,2024,,PENDING
,USD,,customerapplication,446397,2024,,PENDING
,USD,,customerapplication,446398,2024,,PENDING
,USD,,customerapplication,446399,2024,,PENDING
,USD,,customerapplication,446400,2024,,PENDING
,USD,,customerapplication,446401,2024,,PENDING
,USD,,customerapplication,446402,2024,,PENDING
,USD,,customerapplication,446403,2024,,PENDING
,USD,,customerapplication,446405,2024,,PENDING
,USD,,customerapplication,446406,2024,,PENDING
,USD,,customerapplication,446407,2024,,PENDING
,USD,,customerapplication,446408,2024,,PENDING
,USD,,customerapplication,446409,2024,,PENDING
,USD,,customerapplication,446410,2024,,PENDING
,USD,,customerapplication,446411,2024,,PENDING
,USD,,customerapplication,446412,2024,,PENDING
,USD,,customerapplication,446413,2024,,PENDING
,USD,,customerapplication,446414,2024,,PENDING
,USD,,customerapplication,446415,2024,,PENDING
,USD,,customerapplication,446416,2024,,PENDING
,USD,,customerapplication,446417,2024,,PENDING
,USD,,customerapplication,446418,2024,,PENDING
,USD,,customerapplication,446419,2024,,PENDING
,USD,,customerapplication,446420,2024,,PENDING
,USD,,customerapplication,446421,2024,,PENDING
,USD,,customerapplication,446422,2024,,PENDING
,USD,,customerapplication,446423,2024,,PENDING
,USD,,customerapplication,446424,2024,,PENDING
,USD,,customerapplication,446425,2024,,PENDING
,USD,,customerapplication,446426,2024,,PENDING
,USD,,customerapplication,446427,2024,,PENDING
,USD,,customerapplication,446428,2024,,PENDING
,USD,,customerapplication,446429,2024,,PENDING
,USD,,customerapplication,446430,2024,,PENDING
,USD,,customerapplication,446431,2024,,PENDING
,USD,,customerapplication,446432,2024,,PENDING
,USD,,customerapplication,446433,2024,,PENDING
,USD,,customerapplication,446434,2024,,PENDING
,USD,,customerapplication,446435,2024,,PENDING
,USD,,customerapplication,446436,2024,,PENDING
,USD,,customerapplication,446437,2024,,PENDING
,USD,,customerapplication,446438,2024,,PENDING
,USD,,customerapplication,446439,2024,,PENDING
,USD,,customerapplication,446440,2024,,PENDING
,USD,,customerapplication,446441,2024,,PENDING
,USD,,customerapplication,446442,2024,,PENDING
,USD,,customerapplication,446443,2024,,PENDING
,USD,,customerapplication,446444,2024,,PENDING
,USD,,customerapplication,446445,2024,,PENDING
,USD,,customerapplication,446446,2024,,PENDING
,USD,,customerapplication,446447,2024,,PENDING
,USD,,customerapplication,446448,2024,,PENDING
,USD,,customerapplication,446449,2024,,PENDING
,USD,,customerapplication,446450,2024,,PENDING
,USD,,customerapplication,446451,2024,,PENDING
,USD,,customerapplication,446452,2024,,PENDING
,USD,,customerapplication,446453,2024,,PENDING
,USD,,customerapplication,446454,2024,,PENDING
,USD,,customerapplication,446455,2024,,PENDING
,USD,,customerapplication,446456,2024,,PENDING
,USD,,customerapplication,446457,2024,,PENDING
,USD,,customerapplication,446458,2024,,PENDING
,USD,,customerapplication,446459,2024,,PENDING
,USD,,customerapplication,446460,2024,,PENDING
,USD,,customerapplication,446461,2024,,PENDING
,USD,,customerapplication,446462,2024,,PENDING
,USD,,customerapplication,446463,2024,,PENDING
,USD,,customerapplication,446464,2024,,PENDING
,USD,,customerapplication,446465,2024,,PENDING
,USD,,customerapplication,446466,2024,,PENDING
,USD,,customerapplication,446467,2024,,PENDING
,USD,,customerapplication,446468,2024,,PENDING
,USD,,customerapplication,446469,2024,,PENDING
,USD,,customerapplication,446470,2024,,PENDING
,USD,,customerapplication,446471,2024,,PENDING
,USD,,customerapplication,446472,2024,,PENDING
,USD,,customerapplication,446473,2024,,PENDING
,USD,,customerapplication,446474,2024,,PENDING
,USD,,customerapplication,446475,2024,,PENDING
,USD,,customerapplication,446476,2024,,PENDING
,USD,,customerapplication,446477,2024,,PENDING
,USD,,customerapplication,446479,2024,,PENDING
,USD,,customerapplication,446480,2024,,PENDING
,USD,,customerapplication,446481,2024,,PENDING
,USD,,customerapplication,446482,2024,,PENDING
,USD,,customerapplication,446483,2024,,PENDING
,USD,,customerapplication,446484,2024,,PENDING
,USD,,customerapplication,446485,2024,,PENDING
,USD,,customerapplication,446486,2024,,PENDING
,USD,,customerapplication,446487,2024,,PENDING
,USD,,customerapplication,446488,2024,,PENDING
,USD,,customerapplication,446489,2024,,PENDING
,USD,,customerapplication,446490,2024,,PENDING
,USD,,customerapplication,446491,2024,,PENDING
,USD,,customerapplication,446492,2024,,PENDING
,USD,,customerapplication,446493,2024,,PENDING
,USD,,customerapplication,446494,2024,,PENDING
,USD,,customerapplication,446495,2024,,PENDING
,USD,,customerapplication,446496,2024,,PENDING
,USD,,customerapplication,446497,2024,,PENDING
,USD,,customerapplication,446498,2024,,PENDING
,USD,,customerapplication,446499,2024,,PENDING
,USD,,customerapplication,446500,2024,,PENDING
,USD,,customerapplication,446501,2024,,PENDING
,USD,,customerapplication,446502,2024,,PENDING
,USD,,customerapplication,446503,2024,,PENDING
,USD,,customerapplication,446504,2024,,PENDING
,USD,,customerapplication,446505,2024,,PENDING
,USD,,customerapplication,446506,2024,,PENDING
,USD,,customerapplication,446507,2024,,PENDING
,USD,,customerapplication,446508,2024,,PENDING
,USD,,customerapplication,446509,2024,,PENDING
,USD,,customerapplication,446510,2024,,PENDING
,USD,,customerapplication,446511,2024,,PENDING
,USD,,customerapplication,446512,2024,,PENDING
,USD,,customerapplication,446513,2024,,PENDING
,USD,,customerapplication,446514,2024,,PENDING
,USD,,customerapplication,446515,2024,,PENDING
,USD,,customerapplication,446516,2024,,PENDING
,USD,,customerapplication,446517,2024,,PENDING
,USD,,customerapplication,446518,2024,,PENDING
,USD,,customerapplication,446519,2024,,PENDING
,USD,,customerapplication,446520,2024,,PENDING
,USD,,customerapplication,446521,2024,,PENDING
,USD,,customerapplication,446522,2024,,PENDING
,USD,,customerapplication,446523,2024,,PENDING
,USD,,customerapplication,446524,2024,,PENDING
,USD,,customerapplication,446525,2024,,PENDING
,USD,,customerapplication,446526,2024,,PENDING
,USD,,customerapplication,446527,2024,,PENDING
,USD,,customerapplication,446528,2024,,PENDING
,USD,,customerapplication,446529,2024,,PENDING
,USD,,customerapplication,446530,2024,,PENDING
,USD,,customerapplication,446531,2024,,PENDING
,USD,,customerapplication,446532,2024,,PENDING
,USD,,customerapplication,446533,2024,,PENDING
,USD,,customerapplication,446534,2024,,PENDING
,USD,,customerapplication,446535,2024,,PENDING
,USD,,customerapplication,446536,2024,,PENDING
,USD,,customerapplication,446537,2024,,PENDING
,USD,,customerapplication,446538,2024,,PENDING
,USD,,customerapplication,446539,2024,,PENDING
,USD,,customerapplication,446540,2024,,PENDING
,USD,,customerapplication,446541,2024,,PENDING
,USD,,customerapplication,446542,2024,,PENDING
,USD,,customerapplication,446543,2024,,PENDING
,USD,,customerapplication,446544,2024,,PENDING
,USD,,customerapplication,446545,2024,,PENDING
,USD,,customerapplication,446546,2024,,PENDING
,USD,,customerapplication,446547,2024,,PENDING
,USD,,customerapplication,446548,2024,,PENDING
,USD,,customerapplication,446549,2024,,PENDING
,USD,,customerapplication,446550,2024,,PENDING
,USD,,customerapplication,446553,2024,,PENDING
,USD,,customerapplication,446554,2024,,PENDING
,USD,,customerapplication,446555,2024,,PENDING
,USD,,customerapplication,446556,2024,,PENDING
,USD,,customerapplication,446557,2024,,PENDING
,USD,,customerapplication,446558,2024,,PENDING
,USD,,customerapplication,446559,2024,,PENDING
,USD,,customerapplication,446560,2024,,PENDING
,USD,,customerapplication,446561,2024,,PENDING
,USD,,customerapplication,446562,2024,,PENDING
,USD,,customerapplication,446563,2024,,PENDING
,USD,,customerapplication,446564,2024,,PENDING
,USD,,customerapplication,446565,2024,,PENDING
,USD,,customerapplication,446566,2024,,PENDING
,USD,,customerapplication,446567,2024,,PENDING
,USD,,customerapplication,446568,2024,,PENDING
,USD,,customerapplication,446569,2024,,PENDING
,USD,,customerapplication,446570,2024,,PENDING
,USD,,customerapplication,446571,2024,,PENDING
,USD,,customerapplication,446572,2024,,PENDING
,USD,,customerapplication,446573,2024,,PENDING
,USD,,customerapplication,446574,2024,,PENDING
,USD,,customerapplication,446575,2024,,PENDING
,USD,,customerapplication,446576,2024,,PENDING
,USD,,customerapplication,446577,2024,,PENDING
,USD,,customerapplication,446578,2024,,PENDING
,USD,,customerapplication,446579,2024,,PENDING
,USD,,customerapplication,446580,2024,,PENDING
,USD,,customerapplication,446581,2024,,PENDING
,USD,,customerapplication,446582,2024,,PENDING
,USD,,customerapplication,446583,2024,,PENDING
,USD,,customerapplication,446584,2024,,PENDING
,USD,,customerapplication,446585,2024,,PENDING
,USD,,customerapplication,446586,2024,,PENDING
,USD,,customerapplication,446587,2024,,PENDING
,USD,,customerapplication,446588,2024,,PENDING
,USD,,customerapplication,446589,2024,,PENDING
,USD,,customerapplication,446590,2024,,PENDING
,USD,,customerapplication,446591,2024,,PENDING
,USD,,customerapplication,446592,2024,,PENDING
,USD,,customerapplication,446594,2024,,PENDING
,USD,,customerapplication,446595,2024,,PENDING
,USD,,customerapplication,446596,2024,,PENDING
,USD,,customerapplication,446597,2024,,PENDING
,USD,,customerapplication,446598,2024,,PENDING
,USD,,customerapplication,446599,2024,,PENDING
,USD,,customerapplication,446600,2024,,PENDING
,USD,,customerapplication,446601,2024,,PENDING
,USD,,customerapplication,446602,2024,,PENDING
,USD,,customerapplication,446603,2024,,PENDING
,USD,,customerapplication,446604,2024,,PENDING
,USD,,customerapplication,446605,2024,,PENDING
,USD,,customerapplication,446606,2024,,PENDING
,USD,,customerapplication,446607,2024,,PENDING
,USD,,customerapplication,446608,2024,,PENDING
,USD,,customerapplication,446609,2024,,PENDING
,USD,,customerapplication,446610,2024,,PENDING
,USD,,customerapplication,446611,2024,,PENDING
,USD,,customerapplication,446612,2024,,PENDING
,USD,,customerapplication,446613,2024,,PENDING
,USD,,customerapplication,446614,2024,,PENDING
,USD,,customerapplication,446615,2024,,PENDING
,USD,,customerapplication,446616,2024,,PENDING
,USD,,customerapplication,446617,2024,,PENDING
,USD,,customerapplication,446618,2024,,PENDING
,USD,,customerapplication,446619,2024,,PENDING
,USD,,customerapplication,446620,2024,,PENDING
,USD,,customerapplication,446621,2024,,PENDING
,USD,,customerapplication,446622,2024,,PENDING
,USD,,customerapplication,446623,2024,,PENDING
,USD,,customerapplication,446624,2024,,PENDING
,USD,,customerapplication,446625,2024,,PENDING
,USD,,customerapplication,446626,2024,,PENDING
,USD,,customerapplication,446627,2024,,PENDING
,USD,,customerapplication,446628,2024,,PENDING
,USD,,customerapplication,446629,2024,,PENDING
,USD,,customerapplication,446630,2024,,PENDING
,USD,,customerapplication,446631,2024,,PENDING
,USD,,customerapplication,446632,2024,,PENDING
,USD,,customerapplication,446633,2024,,PENDING
,USD,,customerapplication,446634,2024,,PENDING
,USD,,customerapplication,446635,2024,,PENDING
,USD,,customerapplication,446636,2024,,PENDING
,USD,,customerapplication,446637,2024,,PENDING
,USD,,customerapplication,446638,2024,,PENDING
,USD,,customerapplication,446639,2024,,PENDING
,USD,,customerapplication,446640,2024,,PENDING
,USD,,customerapplication,446641,2024,,PENDING
,USD,,customerapplication,446642,2024,,PENDING
,USD,,customerapplication,446643,2024,,PENDING
,USD,,customerapplication,446644,2024,,PENDING
,USD,,customerapplication,446645,2024,,PENDING
,USD,,customerapplication,446646,2024,,PENDING
,USD,,customerapplication,446647,2024,,PENDING
,USD,,customerapplication,446648,2024,,PENDING
,USD,,customerapplication,446649,2024,,PENDING
,USD,,customerapplication,446650,2024,,PENDING
,USD,,customerapplication,446651,2024,,PENDING
,USD,,customerapplication,446652,2024,,PENDING
,USD,,customerapplication,446653,2024,,PENDING
,USD,,customerapplication,446654,2024,,PENDING
,USD,,customerapplication,446655,2024,,PENDING
,USD,,customerapplication,446656,2024,,PENDING
,USD,,customerapplication,446657,2024,,PENDING
,USD,,customerapplication,446658,2024,,PENDING
,USD,,customerapplication,446659,2024,,PENDING
,USD,,customerapplication,446660,2024,,PENDING
,USD,,customerapplication,446661,2024,,PENDING
,USD,,customerapplication,446662,2024,,PENDING
,USD,,customerapplication,446663,2024,,PENDING
,USD,,customerapplication,446664,2024,,PENDING
,USD,,customerapplication,446665,2024,,PENDING
,USD,,customerapplication,446666,2024,,PENDING
,USD,,customerapplication,446667,2024,,PENDING
,USD,,customerapplication,446668,2024,,PENDING
,USD,,customerapplication,446669,2024,,PENDING
,USD,,customerapplication,446670,2024,,PENDING
,USD,,customerapplication,446671,2024,,PENDING
,USD,,customerapplication,446672,2024,,PENDING
,USD,,customerapplication,446673,2024,,PENDING
,USD,,customerapplication,446674,2024,,PENDING
,USD,,customerapplication,446675,2024,,PENDING
,USD,,customerapplication,446676,2024,,PENDING
,USD,,customerapplication,446677,2024,,PENDING
,USD,,customerapplication,446678,2024,,PENDING
,USD,,customerapplication,446679,2024,,PENDING
,USD,,customerapplication,446680,2024,,PENDING
,USD,,customerapplication,446681,2024,,PENDING
,USD,,customerapplication,446682,2024,,PENDING
,USD,,customerapplication,446683,2024,,PENDING
,USD,,customerapplication,446684,2024,,PENDING
,USD,,customerapplication,446685,2024,,PENDING
,USD,,customerapplication,446686,2024,,PENDING
,USD,,customerapplication,446687,2024,,PENDING
,USD,,customerapplication,446688,2024,,PENDING
,USD,,customerapplication,446689,2024,,PENDING
,USD,,customerapplication,446690,2024,,PENDING
,USD,,customerapplication,446691,2024,,PENDING
,USD,,customerapplication,446692,2024,,PENDING
,USD,,customerapplication,446693,2024,,PENDING
,USD,,customerapplication,446694,2024,,PENDING
,USD,,customerapplication,446695,2024,,PENDING
,USD,,customerapplication,446696,2024,,PENDING
,USD,,customerapplication,446697,2024,,PENDING
,USD,,customerapplication,446698,2024,,PENDING
,USD,,customerapplication,446699,2024,,PENDING
,USD,,customerapplication,446700,2024,,PENDING
,USD,,customerapplication,446701,2024,,PENDING
,USD,,customerapplication,446702,2024,,PENDING
,USD,,customerapplication,446703,2024,,PENDING
,USD,,customerapplication,446704,2024,,PENDING
,USD,,customerapplication,446705,2024,,PENDING
,USD,,customerapplication,446706,2024,,PENDING
,USD,,customerapplication,446707,2024,,PENDING
,USD,,customerapplication,446708,2024,,PENDING
,USD,,customerapplication,446709,2024,,PENDING
,USD,,customerapplication,446710,2024,,PENDING
,USD,,customerapplication,446711,2024,,PENDING
,USD,,customerapplication,446712,2024,,PENDING
,USD,,customerapplication,446713,2024,,PENDING
,USD,,customerapplication,446714,2024,,PENDING
,USD,,customerapplication,446715,2024,,PENDING
,USD,,customerapplication,446716,2024,,PENDING
,USD,,customerapplication,446717,2024,,PENDING
,USD,,customerapplication,446718,2024,,PENDING
,USD,,customerapplication,446719,2024,,PENDING
,USD,,customerapplication,446720,2024,,PENDING
,USD,,customerapplication,446721,2024,,PENDING
,USD,,customerapplication,446722,2024,,PENDING
,USD,,customerapplication,446723,2024,,PENDING
,USD,,customerapplication,446724,2024,,PENDING
,USD,,customerapplication,446725,2024,,PENDING
,USD,,customerapplication,446726,2024,,PENDING
,USD,,customerapplication,446727,2024,,PENDING
,USD,,customerapplication,446728,2024,,PENDING
,USD,,customerapplication,446729,2024,,PENDING
,USD,,customerapplication,446730,2024,,PENDING
,USD,,customerapplication,446731,2024,,PENDING
,USD,,customerapplication,446732,2024,,PENDING
,USD,,customerapplication,446733,2024,,PENDING
,USD,,customerapplication,446734,2024,,PENDING
,USD,,customerapplication,446735,2024,,PENDING
,USD,,customerapplication,446736,2024,,PENDING
,USD,,customerapplication,446737,2024,,PENDING
,USD,,customerapplication,446739,2024,,PENDING
,USD,,customerapplication,446740,2024,,PENDING
,USD,,customerapplication,446741,2024,,PENDING
,USD,,customerapplication,446742,2024,,PENDING
,USD,,customerapplication,446743,2024,,PENDING
,USD,,customerapplication,446744,2024,,PENDING
,USD,,customerapplication,446745,2024,,PENDING
,USD,,customerapplication,446746,2024,,PENDING
,USD,,customerapplication,446747,2024,,PENDING
,USD,,customerapplication,446748,2024,,PENDING
,USD,,customerapplication,446749,2024,,PENDING
,USD,,customerapplication,446750,2024,,PENDING
,USD,,customerapplication,446751,2024,,PENDING
,USD,,customerapplication,446752,2024,,PENDING
,USD,,customerapplication,446753,2024,,PENDING
,USD,,customerapplication,446754,2024,,PENDING
,USD,,customerapplication,446755,2024,,PENDING
,USD,,customerapplication,446756,2024,,PENDING
,USD,,customerapplication,446757,2024,,PENDING
,USD,,customerapplication,446758,2024,,PENDING
,USD,,customerapplication,446759,2024,,PENDING
,USD,,customerapplication,446760,2024,,PENDING
,USD,,customerapplication,446761,2024,,PENDING
,USD,,customerapplication,446762,2024,,PENDING
,USD,,customerapplication,446763,2024,,PENDING
,USD,,customerapplication,446764,2024,,PENDING
,USD,,customerapplication,446765,2024,,PENDING
,USD,,customerapplication,446766,2024,,PENDING
,USD,,customerapplication,446767,2024,,PENDING
,USD,,customerapplication,446768,2024,,PENDING
,USD,,customerapplication,446769,2024,,PENDING
,USD,,customerapplication,446770,2024,,PENDING
,USD,,customerapplication,446771,2024,,PENDING
,USD,,customerapplication,446772,2024,,PENDING
,USD,,customerapplication,446773,2024,,PENDING
,USD,,customerapplication,446774,2024,,PENDING
,USD,,customerapplication,446775,2024,,PENDING
,USD,,customerapplication,446776,2024,,PENDING
,USD,,customerapplication,446777,2024,,PENDING
,USD,,customerapplication,446778,2024,,PENDING
,USD,,customerapplication,446779,2024,,PENDING
,USD,,customerapplication,446780,2024,,PENDING
,USD,,customerapplication,446781,2024,,PENDING
,USD,,customerapplication,446782,2024,,PENDING
,USD,,customerapplication,446783,2024,,PENDING
,USD,,customerapplication,446784,2024,,PENDING
,USD,,customerapplication,446785,2024,,PENDING
,USD,,customerapplication,446786,2024,,PENDING
,USD,,customerapplication,446787,2024,,PENDING
,USD,,customerapplication,446788,2024,,PENDING
,USD,,customerapplication,446789,2024,,PENDING
,USD,,customerapplication,446790,2024,,PENDING
,USD,,customerapplication,446791,2024,,PENDING
,USD,,customerapplication,446792,2024,,PENDING
,USD,,customerapplication,446793,2024,,PENDING
,USD,,customerapplication,446794,2024,,PENDING
,USD,,customerapplication,446795,2024,,PENDING
,USD,,customerapplication,446796,2024,,PENDING
,USD,,customerapplication,446797,2024,,PENDING
,USD,,customerapplication,446798,2024,,PENDING
,USD,,customerapplication,446799,2024,,PENDING
,USD,,customerapplication,446800,2024,,PENDING
,USD,,customerapplication,446801,2024,,PENDING
,USD,,customerapplication,446802,2024,,PENDING
,USD,,customerapplication,446803,2024,,PENDING
,USD,,customerapplication,446804,2024,,PENDING
,USD,,customerapplication,446805,2024,,PENDING
,USD,,customerapplication,446806,2024,,PENDING
,USD,,customerapplication,446807,2024,,PENDING
,USD,,customerapplication,446808,2024,,PENDING
,USD,,customerapplication,446809,2024,,PENDING
,USD,,customerapplication,446810,2024,,PENDING
,USD,,customerapplication,446811,2024,,PENDING
,USD,,customerapplication,446812,2024,,PENDING
,USD,,customerapplication,446813,2024,,PENDING
,USD,,customerapplication,446814,2024,,PENDING
,USD,,customerapplication,446815,2024,,PENDING
,USD,,customerapplication,446816,2024,,PENDING
,USD,,customerapplication,446817,2024,,PENDING
,USD,,customerapplication,446818,2024,,PENDING
,USD,,customerapplication,446819,2024,,PENDING
,USD,,customerapplication,446820,2024,,PENDING
,USD,,customerapplication,446821,2024,,PENDING
,USD,,customerapplication,446822,2024,,PENDING
,USD,,customerapplication,446824,2024,,PENDING
,USD,,customerapplication,446825,2024,,PENDING
,USD,,customerapplication,446826,2024,,PENDING
,USD,,customerapplication,446827,2024,,PENDING
,USD,,customerapplication,446828,2024,,PENDING
,USD,,customerapplication,446829,2024,,PENDING
,USD,,customerapplication,446830,2024,,PENDING
,USD,,customerapplication,446831,2024,,PENDING
,USD,,customerapplication,446832,2024,,PENDING
,USD,,customerapplication,446833,2024,,PENDING
,USD,,customerapplication,446834,2024,,PENDING
,USD,,customerapplication,446835,2024,,PENDING
,USD,,customerapplication,446836,2024,,PENDING
,USD,,customerapplication,446837,2024,,PENDING
,USD,,customerapplication,446838,2024,,PENDING
,USD,,customerapplication,446839,2024,,PENDING
,USD,,customerapplication,446840,2024,,PENDING
,USD,,customerapplication,446841,2024,,PENDING
,USD,,customerapplication,446842,2024,,PENDING
,USD,,customerapplication,446843,2024,,PENDING
,USD,,customerapplication,446844,2024,,PENDING
,USD,,customerapplication,446845,2024,,PENDING
,USD,,customerapplication,446846,2024,,PENDING
,USD,,customerapplication,446847,2024,,PENDING
,USD,,customerapplication,446848,2024,,PENDING
,USD,,customerapplication,446849,2024,,PENDING
,USD,,customerapplication,446850,2024,,PENDING
,USD,,customerapplication,446851,2024,,PENDING
,USD,,customerapplication,446852,2024,,PENDING
,USD,,customerapplication,446853,2024,,PENDING
,USD,,customerapplication,446854,2024,,PENDING
,USD,,customerapplication,446855,2024,,PENDING
,USD,,customerapplication,446856,2024,,PENDING
,USD,,customerapplication,446857,2024,,PENDING
,USD,,customerapplication,446858,2024,,PENDING
,USD,,customerapplication,446859,2024,,PENDING
,USD,,customerapplication,446860,2024,,PENDING
,USD,,customerapplication,446861,2024,,PENDING
,USD,,customerapplication,446862,2024,,PENDING
,USD,,customerapplication,446863,2024,,PENDING
,USD,,customerapplication,446864,2024,,PENDING
,USD,,customerapplication,446865,2024,,PENDING
,USD,,customerapplication,446866,2024,,PENDING
,USD,,customerapplication,446868,2024,,PENDING
,USD,,customerapplication,446869,2024,,PENDING
,USD,,customerapplication,446870,2024,,PENDING
,USD,,customerapplication,446871,2024,,PENDING
,USD,,customerapplication,446872,2024,,PENDING
,USD,,customerapplication,446873,2024,,PENDING
,USD,,customerapplication,446874,2024,,PENDING
,USD,,customerapplication,446875,2024,,PENDING
,USD,,customerapplication,446876,2024,,PENDING
,USD,,customerapplication,446877,2024,,PENDING
,USD,,customerapplication,446878,2024,,PENDING
,USD,,customerapplication,446879,2024,,PENDING
,USD,,customerapplication,446881,2024,,PENDING
,USD,,customerapplication,446882,2024,,PENDING
,USD,,customerapplication,446883,2024,,PENDING
,USD,,customerapplication,446884,2024,,PENDING
,USD,,customerapplication,446885,2024,,PENDING
,USD,,customerapplication,446886,2024,,PENDING
,USD,,customerapplication,446887,2024,,PENDING
,USD,,customerapplication,446888,2024,,PENDING
,USD,,customerapplication,446889,2024,,PENDING
,USD,,customerapplication,446890,2024,,PENDING
,USD,,customerapplication,446891,2024,,PENDING
,USD,,customerapplication,446892,2024,,PENDING
,USD,,customerapplication,446893,2024,,PENDING
,USD,,customerapplication,446894,2024,,PENDING
,USD,,customerapplication,446895,2024,,PENDING
,USD,,customerapplication,446896,2024,,PENDING
,USD,,customerapplication,446897,2024,,PENDING
,USD,,customerapplication,446898,2024,,PENDING
,USD,,customerapplication,446899,2024,,PENDING
,USD,,customerapplication,446900,2024,,PENDING
,USD,,customerapplication,446901,2024,,PENDING
,USD,,customerapplication,446902,2024,,PENDING
,USD,,customerapplication,446903,2024,,PENDING
,USD,,customerapplication,446904,2024,,PENDING
,USD,,customerapplication,446905,2024,,PENDING
,USD,,customerapplication,446906,2024,,PENDING
,USD,,customerapplication,446907,2024,,PENDING
,USD,,customerapplication,446908,2024,,PENDING
,USD,,customerapplication,446909,2024,,PENDING
,USD,,customerapplication,446910,2024,,PENDING
,USD,,customerapplication,446911,2024,,PENDING
,USD,,customerapplication,446912,2024,,PENDING
,USD,,customerapplication,446913,2024,,PENDING
,USD,,customerapplication,446914,2024,,PENDING
,USD,,customerapplication,446915,2024,,PENDING
,USD,,customerapplication,446916,2024,,PENDING
,USD,,customerapplication,446917,2024,,PENDING
,USD,,customerapplication,446918,2024,,PENDING
,USD,,customerapplication,446919,2024,,PENDING
,USD,,customerapplication,446920,2024,,PENDING
,USD,,customerapplication,446921,2024,,PENDING
,USD,,customerapplication,446922,2024,,PENDING
,USD,,customerapplication,446923,2024,,PENDING
,USD,,customerapplication,446924,2024,,PENDING
,USD,,customerapplication,446925,2024,,PENDING
,USD,,customerapplication,446926,2024,,PENDING
,USD,,customerapplication,446927,2024,,PENDING
,USD,,customerapplication,446928,2024,,PENDING
,USD,,customerapplication,446929,2024,,PENDING
,USD,,customerapplication,446930,2024,,PENDING
,USD,,customerapplication,446931,2024,,PENDING
,USD,,customerapplication,446932,2024,,PENDING
,USD,,customerapplication,446933,2024,,PENDING
,USD,,customerapplication,446934,2024,,PENDING
,USD,,customerapplication,446935,2024,,PENDING
,USD,,customerapplication,446936,2024,,PENDING
,USD,,customerapplication,446937,2024,,PENDING
,USD,,customerapplication,446938,2024,,PENDING
,USD,,customerapplication,446942,2024,,PENDING
,USD,,customerapplication,446943,2024,,PENDING
,USD,,customerapplication,446944,2024,,PENDING
,USD,,customerapplication,446945,2024,,PENDING
,USD,,customerapplication,446946,2024,,PENDING
,USD,,customerapplication,446947,2024,,PENDING
,USD,,customerapplication,446948,2024,,PENDING
,USD,,customerapplication,446949,2024,,PENDING
,USD,,customerapplication,446950,2024,,PENDING
,USD,,customerapplication,446951,2024,,PENDING
,USD,,customerapplication,446952,2024,,PENDING
,USD,,customerapplication,446953,2024,,PENDING
,USD,,customerapplication,446954,2024,,PENDING
,USD,,customerapplication,446955,2024,,PENDING
,USD,,customerapplication,446956,2024,,PENDING
,USD,,customerapplication,446957,2024,,PENDING
,USD,,customerapplication,446958,2024,,PENDING
,USD,,customerapplication,446959,2024,,PENDING
,USD,,customerapplication,446960,2024,,PENDING
,USD,,customerapplication,446963,2024,,PENDING
,USD,,customerapplication,446964,2024,,PENDING
,USD,,customerapplication,446965,2024,,PENDING
,USD,,customerapplication,446966,2024,,PENDING
,USD,,customerapplication,446967,2024,,PENDING
,USD,,customerapplication,446968,2024,,PENDING
,USD,,customerapplication,446969,2024,,PENDING
,USD,,customerapplication,446970,2024,,PENDING
,USD,,customerapplication,446971,2024,,PENDING
,USD,,customerapplication,446972,2024,,PENDING
,USD,,customerapplication,446973,2024,,PENDING
,USD,,customerapplication,446974,2024,,PENDING
,USD,,customerapplication,446975,2024,,PENDING
,USD,,customerapplication,446976,2024,,PENDING
,USD,,customerapplication,446977,2024,,PENDING
,USD,,customerapplication,446978,2024,,PENDING
,USD,,customerapplication,446979,2024,,PENDING
,USD,,customerapplication,446980,2024,,PENDING
,USD,,customerapplication,446981,2024,,PENDING
,USD,,customerapplication,446982,2024,,PENDING
,USD,,customerapplication,446983,2024,,PENDING
,USD,,customerapplication,446984,2024,,PENDING
,USD,,customerapplication,446985,2024,,PENDING
,USD,,customerapplication,446986,2024,,PENDING
,USD,,customerapplication,446987,2024,,PENDING
,USD,,customerapplication,446988,2024,,PENDING
,USD,,customerapplication,446989,2024,,PENDING
,USD,,customerapplication,446990,2024,,PENDING
,USD,,customerapplication,446991,2024,,PENDING
,USD,,customerapplication,446992,2024,,PENDING
,USD,,customerapplication,446993,2024,,PENDING
,USD,,customerapplication,446994,2024,,PENDING
,USD,,customerapplication,446995,2024,,PENDING
,USD,,customerapplication,446996,2024,,PENDING
,USD,,customerapplication,446997,2024,,PENDING
,USD,,customerapplication,446998,2024,,PENDING
,USD,,customerapplication,446999,2024,,PENDING
,USD,,customerapplication,447000,2024,,PENDING
,USD,,customerapplication,447001,2024,,PENDING
,USD,,customerapplication,447002,2024,,PENDING
,USD,,customerapplication,447003,2024,,PENDING
,USD,,customerapplication,447004,2024,,PENDING
,USD,,customerapplication,447005,2024,,PENDING
,USD,,customerapplication,447006,2024,,PENDING
,USD,,customerapplication,447007,2024,,PENDING
,USD,,customerapplication,447008,2024,,PENDING
,USD,,customerapplication,447009,2024,,PENDING
,USD,,customerapplication,447010,2024,,PENDING
,USD,,customerapplication,447011,2024,,PENDING
,USD,,customerapplication,447012,2024,,PENDING
,USD,,customerapplication,447013,2024,,PENDING
,USD,,customerapplication,447014,2024,,PENDING
,USD,,customerapplication,447015,2024,,PENDING
,USD,,customerapplication,447016,2024,,PENDING
,USD,,customerapplication,447017,2024,,PENDING
,USD,,customerapplication,447018,2024,,PENDING
,USD,,customerapplication,447019,2024,,PENDING
,USD,,customerapplication,447020,2024,,PENDING
,USD,,customerapplication,447021,2024,,PENDING
,USD,,customerapplication,447022,2024,,PENDING
,USD,,customerapplication,447023,2024,,PENDING
,USD,,customerapplication,447024,2024,,PENDING
,USD,,customerapplication,447025,2024,,PENDING
,USD,,customerapplication,447026,2024,,PENDING
,USD,,customerapplication,447028,2024,,PENDING
,USD,,customerapplication,447031,2024,,PENDING
,USD,,customerapplication,447032,2024,,PENDING
,USD,,customerapplication,447033,2024,,PENDING
,USD,,customerapplication,447034,2024,,PENDING
,USD,,customerapplication,447035,2024,,PENDING
,USD,,customerapplication,447036,2024,,PENDING
,USD,,customerapplication,447037,2024,,PENDING
,USD,,customerapplication,447038,2024,,PENDING
,USD,,customerapplication,447039,2024,,PENDING
,USD,,customerapplication,447040,2024,,PENDING
,USD,,customerapplication,447041,2024,,PENDING
,USD,,customerapplication,447042,2024,,PENDING
,USD,,customerapplication,447043,2024,,PENDING
,USD,,customerapplication,447044,2024,,PENDING
,USD,,customerapplication,447045,2024,,PENDING
,USD,,customerapplication,447046,2024,,PENDING
,USD,,customerapplication,447047,2024,,PENDING
,USD,,customerapplication,447048,2024,,PENDING
,USD,,customerapplication,447049,2024,,PENDING
,USD,,customerapplication,447050,2024,,PENDING
,USD,,customerapplication,447051,2024,,PENDING
,USD,,customerapplication,447052,2024,,PENDING
,USD,,customerapplication,447053,2024,,PENDING
,USD,,customerapplication,447054,2024,,PENDING
,USD,,customerapplication,447055,2024,,PENDING
,USD,,customerapplication,447056,2024,,PENDING
,USD,,customerapplication,447057,2024,,PENDING
,USD,,customerapplication,447058,2024,,PENDING
,USD,,customerapplication,447059,2024,,PENDING
,USD,,customerapplication,447060,2024,,PENDING
,USD,,customerapplication,447061,2024,,PENDING
,USD,,customerapplication,447062,2024,,PENDING
,USD,,customerapplication,447063,2024,,PENDING
,USD,,customerapplication,447064,2024,,PENDING
,USD,,customerapplication,447065,2024,,PENDING
,USD,,customerapplication,447068,2024,,PENDING
,USD,,customerapplication,447069,2024,,PENDING
,USD,,customerapplication,447070,2024,,PENDING
,USD,,customerapplication,447071,2024,,PENDING
,USD,,customerapplication,447072,2024,,PENDING
,USD,,customerapplication,447073,2024,,PENDING
,USD,,customerapplication,447074,2024,,PENDING
,USD,,customerapplication,447075,2024,,PENDING
,USD,,customerapplication,447076,2024,,PENDING
,USD,,customerapplication,447077,2024,,PENDING
,USD,,customerapplication,447078,2024,,PENDING
,USD,,customerapplication,447079,2024,,PENDING
,USD,,customerapplication,447080,2024,,PENDING
,USD,,customerapplication,447081,2024,,PENDING
,USD,,customerapplication,447082,2024,,PENDING
,USD,,customerapplication,447083,2024,,PENDING
,USD,,customerapplication,447084,2024,,PENDING
,USD,,customerapplication,447085,2024,,PENDING
,USD,,customerapplication,447086,2024,,PENDING
,USD,,customerapplication,447087,2024,,PENDING
,USD,,customerapplication,447088,2024,,PENDING
,USD,,customerapplication,447089,2024,,PENDING
,USD,,customerapplication,447090,2024,,PENDING
,USD,,customerapplication,447091,2024,,PENDING
,USD,,customerapplication,447092,2024,,PENDING
,USD,,customerapplication,447093,2024,,PENDING
,USD,,customerapplication,447095,2024,,PENDING
,USD,,customerapplication,447096,2024,,PENDING
,USD,,customerapplication,447097,2024,,PENDING
,USD,,customerapplication,447098,2024,,PENDING
,USD,,customerapplication,447099,2024,,PENDING
,USD,,customerapplication,447102,2024,,PENDING
,USD,,customerapplication,447103,2024,,PENDING
,USD,,customerapplication,447104,2024,,PENDING
,USD,,customerapplication,447105,2024,,PENDING
,USD,,customerapplication,447106,2024,,PENDING
,USD,,customerapplication,447107,2024,,PENDING
,USD,,customerapplication,447108,2024,,PENDING
,USD,,customerapplication,447109,2024,,PENDING
,USD,,customerapplication,447110,2024,,PENDING
,USD,,customerapplication,447111,2024,,PENDING
,USD,,customerapplication,447112,2024,,PENDING
,USD,,customerapplication,447113,2024,,PENDING
,USD,,customerapplication,447114,2024,,PENDING
,USD,,customerapplication,447115,2024,,PENDING
,USD,,customerapplication,447117,2024,,PENDING
,USD,,customerapplication,447118,2024,,PENDING
,USD,,customerapplication,447119,2024,,PENDING
,USD,,customerapplication,447120,2024,,PENDING
,USD,,customerapplication,447121,2024,,PENDING
,USD,,customerapplication,447122,2024,,PENDING
,USD,,customerapplication,447123,2024,,PENDING
,USD,,customerapplication,447124,2024,,PENDING
,USD,,customerapplication,447125,2024,,PENDING
,USD,,customerapplication,447126,2024,,PENDING
,USD,,customerapplication,447127,2024,,PENDING
,USD,,customerapplication,447128,2024,,PENDING
,USD,,customerapplication,447129,2024,,PENDING
,USD,,customerapplication,447130,2024,,PENDING
,USD,,customerapplication,447132,2024,,PENDING
,USD,,customerapplication,447133,2024,,PENDING
,USD,,customerapplication,447134,2024,,PENDING
,USD,,customerapplication,447135,2024,,PENDING
,USD,,customerapplication,447136,2024,,PENDING
,USD,,customerapplication,447137,2024,,PENDING
,USD,,customerapplication,447138,2024,,PENDING
,USD,,customerapplication,447139,2024,,PENDING
,USD,,customerapplication,447141,2024,,PENDING
,USD,,customerapplication,447142,2024,,PENDING
,USD,,customerapplication,447143,2024,,PENDING
,USD,,customerapplication,447144,2024,,PENDING
,USD,,customerapplication,447145,2024,,PENDING
,USD,,customerapplication,447146,2024,,PENDING
,USD,,customerapplication,447147,2024,,PENDING
,USD,,customerapplication,447148,2024,,PENDING
,USD,,customerapplication,447149,2024,,PENDING
,USD,,customerapplication,447150,2024,,PENDING
,USD,,customerapplication,447151,2024,,PENDING
,USD,,customerapplication,447152,2024,,PENDING
,USD,,customerapplication,447153,2024,,PENDING
,USD,,customerapplication,447154,2024,,PENDING
,USD,,customerapplication,447155,2024,,PENDING
,USD,,customerapplication,447156,2024,,PENDING
,USD,,customerapplication,447157,2024,,PENDING
,USD,,customerapplication,447158,2024,,PENDING
,USD,,customerapplication,447159,2024,,PENDING
,USD,,customerapplication,447160,2024,,PENDING
,USD,,customerapplication,447161,2024,,PENDING
,USD,,customerapplication,447162,2024,,PENDING
,USD,,customerapplication,447163,2024,,PENDING
,USD,,customerapplication,447164,2024,,PENDING
,USD,,customerapplication,447165,2024,,PENDING
,USD,,customerapplication,447166,2024,,PENDING
,USD,,customerapplication,447167,2024,,PENDING
,USD,,customerapplication,447168,2024,,PENDING
,USD,,customerapplication,447169,2024,,PENDING
,USD,,customerapplication,447170,2024,,PENDING
,USD,,customerapplication,447171,2024,,PENDING
,USD,,customerapplication,447172,2024,,PENDING
,USD,,customerapplication,447173,2024,,PENDING
,USD,,customerapplication,447174,2024,,PENDING
,USD,,customerapplication,447175,2024,,PENDING
,USD,,customerapplication,447176,2024,,PENDING
,USD,,customerapplication,447177,2024,,PENDING
,USD,,customerapplication,447178,2024,,PENDING
,USD,,customerapplication,447179,2024,,PENDING
,USD,,customerapplication,447180,2024,,PENDING
,USD,,customerapplication,447181,2024,,PENDING
,USD,,customerapplication,447182,2024,,PENDING
,USD,,customerapplication,447183,2024,,PENDING
,USD,,customerapplication,447184,2024,,PENDING
,USD,,customerapplication,447185,2024,,PENDING
,USD,,customerapplication,447186,2024,,PENDING
,USD,,customerapplication,447187,2024,,PENDING
,USD,,customerapplication,447188,2024,,PENDING
,USD,,customerapplication,447189,2024,,PENDING
,USD,,customerapplication,447190,2024,,PENDING
,USD,,customerapplication,447192,2024,,PENDING
,USD,,customerapplication,447193,2024,,PENDING
,USD,,customerapplication,447194,2024,,PENDING
,USD,,customerapplication,447195,2024,,PENDING
,USD,,customerapplication,447196,2024,,PENDING
,USD,,customerapplication,447198,2024,,PENDING
,USD,,customerapplication,447199,2024,,PENDING
,USD,,customerapplication,447200,2024,,PENDING
,USD,,customerapplication,447201,2024,,PENDING
,USD,,customerapplication,447202,2024,,PENDING
,USD,,customerapplication,447203,2024,,PENDING
,USD,,customerapplication,447204,2024,,PENDING
,USD,,customerapplication,447205,2024,,PENDING
,USD,,customerapplication,447206,2024,,PENDING
,USD,,customerapplication,447207,2024,,PENDING
,USD,,customerapplication,447208,2024,,PENDING
,USD,,customerapplication,447209,2024,,PENDING
,USD,,customerapplication,447210,2024,,PENDING
,USD,,customerapplication,447211,2024,,PENDING
,USD,,customerapplication,447212,2024,,PENDING
,USD,,customerapplication,447213,2024,,PENDING
,USD,,customerapplication,447214,2024,,PENDING
,USD,,customerapplication,447215,2024,,PENDING
,USD,,customerapplication,447216,2024,,PENDING
,USD,,customerapplication,447217,2024,,PENDING
,USD,,customerapplication,447218,2024,,PENDING
,USD,,customerapplication,447219,2024,,PENDING
,USD,,customerapplication,447220,2024,,PENDING
,USD,,customerapplication,447221,2024,,PENDING
,USD,,customerapplication,447222,2024,,PENDING
,USD,,customerapplication,447223,2024,,PENDING
,USD,,customerapplication,447224,2024,,PENDING
,USD,,customerapplication,447225,2024,,PENDING
,USD,,customerapplication,447226,2024,,PENDING
,USD,,customerapplication,447227,2024,,PENDING
,USD,,customerapplication,447228,2024,,PENDING
,USD,,customerapplication,447229,2024,,PENDING
,USD,,customerapplication,447230,2024,,PENDING
,USD,,customerapplication,447231,2024,,PENDING
,USD,,customerapplication,447232,2024,,PENDING
,USD,,customerapplication,447233,2024,,PENDING
,USD,,customerapplication,447234,2024,,PENDING
,USD,,customerapplication,447235,2024,,PENDING
,USD,,customerapplication,447237,2024,,PENDING
,USD,,customerapplication,447238,2024,,PENDING
,USD,,customerapplication,447239,2024,,PENDING
,USD,,customerapplication,447240,2024,,PENDING
,USD,,customerapplication,447241,2024,,PENDING
,USD,,customerapplication,447242,2024,,PENDING
,USD,,customerapplication,447243,2024,,PENDING
,USD,,customerapplication,447244,2024,,PENDING
,USD,,customerapplication,447245,2024,,PENDING
,USD,,customerapplication,447246,2024,,PENDING
,USD,,customerapplication,447247,2024,,PENDING
,USD,,customerapplication,447248,2024,,PENDING
,USD,,customerapplication,447249,2024,,PENDING
,USD,,customerapplication,447251,2024,,PENDING
,USD,,customerapplication,447252,2024,,PENDING
,USD,,customerapplication,447253,2024,,PENDING
,USD,,customerapplication,447254,2024,,PENDING
,USD,,customerapplication,447255,2024,,PENDING
,USD,,customerapplication,447256,2024,,PENDING
,USD,,customerapplication,447257,2024,,PENDING
,USD,,customerapplication,447258,2024,,PENDING
,USD,,customerapplication,447259,2024,,PENDING
,USD,,customerapplication,447260,2024,,PENDING
,USD,,customerapplication,447261,2024,,PENDING
,USD,,customerapplication,447262,2024,,PENDING
,USD,,customerapplication,447263,2024,,PENDING
,USD,,customerapplication,447264,2024,,PENDING
,USD,,customerapplication,447265,2024,,PENDING
,USD,,customerapplication,447266,2024,,PENDING
,USD,,customerapplication,447267,2024,,PENDING
,USD,,customerapplication,447268,2024,,PENDING
,USD,,customerapplication,447269,2024,,PENDING
,USD,,customerapplication,447270,2024,,PENDING
,USD,,customerapplication,447271,2024,,PENDING
,USD,,customerapplication,447272,2024,,PENDING
,USD,,customerapplication,447273,2024,,PENDING
,USD,,customerapplication,447274,2024,,PENDING
,USD,,customerapplication,447275,2024,,PENDING
,USD,,customerapplication,447276,2024,,PENDING
,USD,,customerapplication,447277,2024,,PENDING
,USD,,customerapplication,447278,2024,,PENDING
,USD,,customerapplication,447279,2024,,PENDING
,USD,,customerapplication,447280,2024,,PENDING
,USD,,customerapplication,447281,2024,,PENDING
,USD,,customerapplication,447282,2024,,PENDING
,USD,,customerapplication,447283,2024,,PENDING
,USD,,customerapplication,447284,2024,,PENDING
,USD,,customerapplication,447285,2024,,PENDING
,USD,,customerapplication,447286,2024,,PENDING
,USD,,customerapplication,447287,2024,,PENDING
,USD,,customerapplication,447288,2024,,PENDING
,USD,,customerapplication,447289,2024,,PENDING
,USD,,customerapplication,447290,2024,,PENDING
,USD,,customerapplication,447291,2024,,PENDING
,USD,,customerapplication,447292,2024,,PENDING
,USD,,customerapplication,447293,2024,,PENDING
,USD,,customerapplication,447294,2024,,PENDING
,USD,,customerapplication,447295,2024,,PENDING
,USD,,customerapplication,447296,2024,,PENDING
,USD,,customerapplication,447297,2024,,PENDING
,USD,,customerapplication,447298,2024,,PENDING
,USD,,customerapplication,447299,2024,,PENDING
,USD,,customerapplication,447300,2024,,PENDING
,USD,,customerapplication,447301,2024,,PENDING
,USD,,customerapplication,447302,2024,,PENDING
,USD,,customerapplication,447303,2024,,PENDING
,USD,,customerapplication,447304,2024,,PENDING
,USD,,customerapplication,447305,2024,,PENDING
,USD,,customerapplication,447306,2024,,PENDING
,USD,,customerapplication,447307,2024,,PENDING
,USD,,customerapplication,447308,2024,,PENDING
,USD,,customerapplication,447309,2024,,PENDING
,USD,,customerapplication,447310,2024,,PENDING
,USD,,customerapplication,447311,2024,,PENDING
,USD,,customerapplication,447313,2024,,PENDING
,USD,,customerapplication,447314,2024,,PENDING
,USD,,customerapplication,447315,2024,,PENDING
,USD,,customerapplication,447316,2024,,PENDING
,USD,,customerapplication,447317,2024,,PENDING
,USD,,customerapplication,447318,2024,,PENDING
,USD,,customerapplication,447319,2024,,PENDING
,USD,,customerapplication,447320,2024,,PENDING
,USD,,customerapplication,447321,2024,,PENDING
,USD,,customerapplication,447322,2024,,PENDING
,USD,,customerapplication,447323,2024,,PENDING
,USD,,customerapplication,447324,2024,,PENDING
,USD,,customerapplication,447325,2024,,PENDING
,USD,,customerapplication,447326,2024,,PENDING
,USD,,customerapplication,447327,2024,,PENDING
,USD,,customerapplication,447328,2024,,PENDING
,USD,,customerapplication,447329,2024,,PENDING
,USD,,customerapplication,447330,2024,,PENDING
,USD,,customerapplication,447331,2024,,PENDING
,USD,,customerapplication,447332,2024,,PENDING
,USD,,customerapplication,447333,2024,,PENDING
,USD,,customerapplication,447334,2024,,PENDING
,USD,,customerapplication,447335,2024,,PENDING
,USD,,customerapplication,447336,2024,,PENDING
,USD,,customerapplication,447337,2024,,PENDING
,USD,,customerapplication,447338,2024,,PENDING
,USD,,customerapplication,447339,2024,,PENDING
,USD,,customerapplication,447340,2024,,PENDING
,USD,,customerapplication,447341,2024,,PENDING
,USD,,customerapplication,447342,2024,,PENDING
,USD,,customerapplication,447343,2024,,PENDING
,USD,,customerapplication,447344,2024,,PENDING
,USD,,customerapplication,447345,2024,,PENDING
,USD,,customerapplication,447347,2024,,PENDING
,USD,,customerapplication,447348,2024,,PENDING
,USD,,customerapplication,447349,2024,,PENDING
,USD,,customerapplication,447350,2024,,PENDING
,USD,,customerapplication,447351,2024,,PENDING
,USD,,customerapplication,447352,2024,,PENDING
,USD,,customerapplication,447353,2024,,PENDING
,USD,,customerapplication,447354,2024,,PENDING
,USD,,customerapplication,447355,2024,,PENDING
,USD,,customerapplication,447356,2024,,PENDING
,USD,,customerapplication,447357,2024,,PENDING
,USD,,customerapplication,447358,2024,,PENDING
,USD,,customerapplication,447359,2024,,PENDING
,USD,,customerapplication,447360,2024,,PENDING
,USD,,customerapplication,447361,2024,,PENDING
,USD,,customerapplication,447362,2024,,PENDING
,USD,,customerapplication,447363,2024,,PENDING
,USD,,customerapplication,447364,2024,,PENDING
,USD,,customerapplication,447365,2024,,PENDING
,USD,,customerapplication,447366,2024,,PENDING
,USD,,customerapplication,447367,2024,,PENDING
,USD,,customerapplication,447368,2024,,PENDING
,USD,,customerapplication,447369,2024,,PENDING
,USD,,customerapplication,447370,2024,,PENDING
,USD,,customerapplication,447371,2024,,PENDING
,USD,,customerapplication,447372,2024,,PENDING
,USD,,customerapplication,447373,2024,,PENDING
,USD,,customerapplication,447375,2024,,PENDING
,USD,,customerapplication,447376,2024,,PENDING
,USD,,customerapplication,447377,2024,,PENDING
,USD,,customerapplication,447378,2024,,PENDING
,USD,,customerapplication,447379,2024,,PENDING
,USD,,customerapplication,447380,2024,,PENDING
,USD,,customerapplication,447381,2024,,PENDING
,USD,,customerapplication,447382,2024,,PENDING
,USD,,customerapplication,447383,2024,,PENDING
,USD,,customerapplication,447384,2024,,PENDING
,USD,,customerapplication,447385,2024,,PENDING
,USD,,customerapplication,447386,2024,,PENDING
,USD,,customerapplication,447387,2024,,PENDING
,USD,,customerapplication,447388,2024,,PENDING
,USD,,customerapplication,447390,2024,,PENDING
,USD,,customerapplication,447391,2024,,PENDING
,USD,,customerapplication,447392,2024,,PENDING
,USD,,customerapplication,447393,2024,,PENDING
,USD,,customerapplication,447394,2024,,PENDING
,USD,,customerapplication,447395,2024,,PENDING
,USD,,customerapplication,447396,2024,,PENDING
,USD,,customerapplication,447397,2024,,PENDING
,USD,,customerapplication,447398,2024,,PENDING
,USD,,customerapplication,447399,2024,,PENDING
,USD,,customerapplication,447400,2024,,PENDING
,USD,,customerapplication,447401,2024,,PENDING
,USD,,customerapplication,447402,2024,,PENDING
,USD,,customerapplication,447403,2024,,PENDING
,USD,,customerapplication,447404,2024,,PENDING
,USD,,customerapplication,447405,2024,,PENDING
,USD,,customerapplication,447406,2024,,PENDING
,USD,,customerapplication,447407,2024,,PENDING
,USD,,customerapplication,447408,2024,,PENDING
,USD,,customerapplication,447409,2024,,PENDING
,USD,,customerapplication,447410,2024,,PENDING
,USD,,customerapplication,447411,2024,,PENDING
,USD,,customerapplication,447412,2024,,PENDING
,USD,,customerapplication,447413,2024,,PENDING
,USD,,customerapplication,447414,2024,,PENDING
,USD,,customerapplication,447415,2024,,PENDING
,USD,,customerapplication,447416,2024,,PENDING
,USD,,customerapplication,447417,2024,,PENDING
,USD,,customerapplication,447418,2024,,PENDING
,USD,,customerapplication,447419,2024,,PENDING
,USD,,customerapplication,447420,2024,,PENDING
,USD,,customerapplication,447421,2024,,PENDING
,USD,,customerapplication,447422,2024,,PENDING
,USD,,customerapplication,447425,2024,,PENDING
,USD,,customerapplication,447426,2024,,PENDING
,USD,,customerapplication,447427,2024,,PENDING
,USD,,customerapplication,447428,2024,,PENDING
,USD,,customerapplication,447429,2024,,PENDING
,USD,,customerapplication,447430,2024,,PENDING
,USD,,customerapplication,447431,2024,,PENDING
,USD,,customerapplication,447432,2024,,PENDING
,USD,,customerapplication,447433,2024,,PENDING
,USD,,customerapplication,447435,2024,,PENDING
,USD,,customerapplication,447436,2024,,PENDING
,USD,,customerapplication,447437,2024,,PENDING
,USD,,customerapplication,447438,2024,,PENDING
,USD,,customerapplication,447439,2024,,PENDING
,USD,,customerapplication,447440,2024,,PENDING
,USD,,customerapplication,447441,2024,,PENDING
,USD,,customerapplication,447442,2024,,PENDING
,USD,,customerapplication,447443,2024,,PENDING
,USD,,customerapplication,447444,2024,,PENDING
,USD,,customerapplication,447445,2024,,PENDING
,USD,,customerapplication,447446,2024,,PENDING
,USD,,customerapplication,447447,2024,,PENDING
,USD,,customerapplication,447448,2024,,PENDING
,USD,,customerapplication,447449,2024,,PENDING
,USD,,customerapplication,447450,2024,,PENDING
,USD,,customerapplication,447451,2024,,PENDING
,USD,,customerapplication,447452,2024,,PENDING
,USD,,customerapplication,447453,2024,,PENDING
,USD,,customerapplication,447454,2024,,PENDING
,USD,,customerapplication,447455,2024,,PENDING
,USD,,customerapplication,447456,2024,,PENDING
,USD,,customerapplication,447457,2024,,PENDING
,USD,,customerapplication,447458,2024,,PENDING
,USD,,customerapplication,447459,2024,,PENDING
,USD,,customerapplication,447462,2024,,PENDING
,USD,,customerapplication,447463,2024,,PENDING
,USD,,customerapplication,447464,2024,,PENDING
,USD,,customerapplication,447465,2024,,PENDING
,USD,,customerapplication,447466,2024,,PENDING
,USD,,customerapplication,447467,2024,,PENDING
,USD,,customerapplication,447468,2024,,PENDING
,USD,,customerapplication,447472,2024,,PENDING
,USD,,customerapplication,447473,2024,,PENDING
,USD,,customerapplication,447474,2024,,PENDING
,USD,,customerapplication,447475,2024,,PENDING
,USD,,customerapplication,447476,2024,,PENDING
,USD,,customerapplication,447477,2024,,PENDING
,USD,,customerapplication,447479,2024,,PENDING
,USD,,customerapplication,447480,2024,,PENDING
,USD,,customerapplication,447481,2024,,PENDING
,USD,,customerapplication,447482,2024,,PENDING
,USD,,customerapplication,447483,2024,,PENDING
,USD,,customerapplication,447484,2024,,PENDING
,USD,,customerapplication,447485,2024,,PENDING
,USD,,customerapplication,447486,2024,,PENDING
,USD,,customerapplication,447487,2024,,PENDING
,USD,,customerapplication,447488,2024,,PENDING
,USD,,customerapplication,447489,2024,,PENDING
,USD,,customerapplication,447490,2024,,PENDING
,USD,,customerapplication,447491,2024,,PENDING
,USD,,customerapplication,447492,2024,,PENDING
,USD,,customerapplication,447493,2024,,PENDING
,USD,,customerapplication,447494,2024,,PENDING
,USD,,customerapplication,447495,2024,,PENDING
,USD,,customerapplication,447496,2024,,PENDING
,USD,,customerapplication,447497,2024,,PENDING
,USD,,customerapplication,447498,2024,,PENDING
,USD,,customerapplication,447499,2024,,PENDING
,USD,,customerapplication,447500,2024,,PENDING
,USD,,customerapplication,447501,2024,,PENDING
,USD,,customerapplication,447502,2024,,PENDING
,USD,,customerapplication,447503,2024,,PENDING
,USD,,customerapplication,447504,2024,,PENDING
,USD,,customerapplication,447505,2024,,PENDING
,USD,,customerapplication,447506,2024,,PENDING
,USD,,customerapplication,447507,2024,,PENDING
,USD,,customerapplication,447508,2024,,PENDING
,USD,,customerapplication,447509,2024,,PENDING
,USD,,customerapplication,447510,2024,,PENDING
,USD,,customerapplication,447511,2024,,PENDING
,USD,,customerapplication,447512,2024,,PENDING
,USD,,customerapplication,447513,2024,,PENDING
,USD,,customerapplication,447514,2024,,PENDING
,USD,,customerapplication,447515,2024,,PENDING
,USD,,customerapplication,447516,2024,,PENDING
,USD,,customerapplication,447517,2024,,PENDING
,USD,,customerapplication,447518,2024,,PENDING
,USD,,customerapplication,447519,2024,,PENDING
,USD,,customerapplication,447520,2024,,PENDING
,USD,,customerapplication,447522,2024,,PENDING
,USD,,customerapplication,447524,2024,,PENDING
,USD,,customerapplication,447525,2024,,PENDING
,USD,,customerapplication,447526,2024,,PENDING
,USD,,customerapplication,447527,2024,,PENDING
,USD,,customerapplication,447528,2024,,PENDING
,USD,,customerapplication,447532,2024,,PENDING
,USD,,customerapplication,447533,2024,,PENDING
,USD,,customerapplication,447534,2024,,PENDING
,USD,,customerapplication,447535,2024,,PENDING
,USD,,customerapplication,447536,2024,,PENDING
,USD,,customerapplication,447537,2024,,PENDING
,USD,,customerapplication,447538,2024,,PENDING
,USD,,customerapplication,447539,2024,,PENDING
,USD,,customerapplication,447540,2024,,PENDING
,USD,,customerapplication,447541,2024,,PENDING
,USD,,customerapplication,447542,2024,,PENDING
,USD,,customerapplication,447543,2024,,PENDING
,USD,,customerapplication,447544,2024,,PENDING
,USD,,customerapplication,447545,2024,,PENDING
,USD,,customerapplication,447546,2024,,PENDING
,USD,,customerapplication,447547,2024,,PENDING
,USD,,customerapplication,447548,2024,,PENDING
,USD,,customerapplication,447549,2024,,PENDING
,USD,,customerapplication,447550,2024,,PENDING
,USD,,customerapplication,447551,2024,,PENDING
,USD,,customerapplication,447552,2024,,PENDING
,USD,,customerapplication,447553,2024,,PENDING
,USD,,customerapplication,447554,2024,,PENDING
,USD,,customerapplication,447555,2024,,PENDING
,USD,,customerapplication,447556,2024,,PENDING
,USD,,customerapplication,447557,2024,,PENDING
,USD,,customerapplication,447560,2024,,PENDING
,USD,,customerapplication,447561,2024,,PENDING
,USD,,customerapplication,447562,2024,,PENDING
,USD,,customerapplication,447563,2024,,PENDING
,USD,,customerapplication,447564,2024,,PENDING
,USD,,customerapplication,447568,2024,,PENDING
,USD,,customerapplication,447569,2024,,PENDING
,USD,,customerapplication,447571,2024,,PENDING
,USD,,customerapplication,447572,2024,,PENDING
,USD,,customerapplication,447582,2024,,PENDING
,USD,,customerapplication,447583,2024,,PENDING
,USD,,customerapplication,447584,2024,,PENDING
,USD,,customerapplication,447585,2024,,PENDING
,USD,,customerapplication,447586,2024,,PENDING
,USD,,customerapplication,447587,2024,,PENDING
,USD,,customerapplication,447588,2024,,PENDING
,USD,,customerapplication,447589,2024,,PENDING
,USD,,customerapplication,447590,2024,,PENDING
,USD,,customerapplication,447591,2024,,PENDING
,USD,,customerapplication,447592,2024,,PENDING
,USD,,customerapplication,447594,2024,,PENDING
,USD,,customerapplication,447595,2024,,PENDING
,USD,,customerapplication,447596,2024,,PENDING
,USD,,customerapplication,447597,2024,,PENDING
,USD,,customerapplication,447598,2024,,PENDING
,USD,,customerapplication,447599,2024,,PENDING
,USD,,customerapplication,447600,2024,,PENDING
,USD,,customerapplication,447601,2024,,PENDING
,USD,,customerapplication,447602,2024,,PENDING
,USD,,customerapplication,447603,2024,,PENDING
,USD,,customerapplication,447604,2024,,PENDING
,USD,,customerapplication,447605,2024,,PENDING
,USD,,customerapplication,447606,2024,,PENDING
,USD,,customerapplication,447607,2024,,PENDING
,USD,,customerapplication,447608,2024,,PENDING
,USD,,customerapplication,447609,2024,,PENDING
,USD,,customerapplication,447610,2024,,PENDING
,USD,,customerapplication,447611,2024,,PENDING
,USD,,customerapplication,447612,2024,,PENDING
,USD,,customerapplication,447613,2024,,PENDING
,USD,,customerapplication,447614,2024,,PENDING
,USD,,customerapplication,447615,2024,,PENDING
,USD,,customerapplication,447616,2024,,PENDING
,USD,,customerapplication,447617,2024,,PENDING
,USD,,customerapplication,447618,2024,,PENDING
,USD,,customerapplication,447619,2024,,PENDING
,USD,,customerapplication,447620,2024,,PENDING
,USD,,customerapplication,447621,2024,,PENDING
,USD,,customerapplication,447622,2024,,PENDING
,USD,,customerapplication,447623,2024,,PENDING
,USD,,customerapplication,447624,2024,,PENDING
,USD,,customerapplication,447625,2024,,PENDING
,USD,,customerapplication,447626,2024,,PENDING
,USD,,customerapplication,447627,2024,,PENDING
,USD,,customerapplication,447628,2024,,PENDING
,USD,,customerapplication,447629,2024,,PENDING
,USD,,customerapplication,447630,2024,,PENDING
,USD,,customerapplication,447631,2024,,PENDING
,USD,,customerapplication,447632,2024,,PENDING
,USD,,customerapplication,447633,2024,,PENDING
,USD,,customerapplication,447634,2024,,PENDING
,USD,,customerapplication,447635,2024,,PENDING
,USD,,customerapplication,447636,2024,,PENDING
,USD,,customerapplication,447637,2024,,PENDING
,USD,,customerapplication,447638,2024,,PENDING
,USD,,customerapplication,447639,2024,,PENDING
,USD,,customerapplication,447640,2024,,PENDING
,USD,,customerapplication,447641,2024,,PENDING
,USD,,customerapplication,447642,2024,,PENDING
,USD,,customerapplication,447643,2024,,PENDING
,USD,,customerapplication,447644,2024,,PENDING
,USD,,customerapplication,447645,2024,,PENDING
,USD,,customerapplication,447646,2024,,PENDING
,USD,,customerapplication,447647,2024,,PENDING
,USD,,customerapplication,447648,2024,,PENDING
,USD,,customerapplication,447649,2024,,PENDING
,USD,,customerapplication,447650,2024,,PENDING
,USD,,customerapplication,447651,2024,,PENDING
,USD,,customerapplication,447652,2024,,PENDING
,USD,,customerapplication,447653,2024,,PENDING
,USD,,customerapplication,447654,2024,,PENDING
,USD,,customerapplication,447655,2024,,PENDING
,USD,,customerapplication,447656,2024,,PENDING
,USD,,customerapplication,447657,2024,,PENDING
,USD,,customerapplication,447660,2024,,PENDING
,USD,,customerapplication,447661,2024,,PENDING
,USD,,customerapplication,447662,2024,,PENDING
,USD,,customerapplication,447663,2024,,PENDING
,USD,,customerapplication,447664,2024,,PENDING
,USD,,customerapplication,447665,2024,,PENDING
,USD,,customerapplication,447666,2024,,PENDING
,USD,,customerapplication,447667,2024,,PENDING
,USD,,customerapplication,447668,2024,,PENDING
,USD,,customerapplication,447669,2024,,PENDING
,USD,,customerapplication,447670,2024,,PENDING
,USD,,customerapplication,447671,2024,,PENDING
,USD,,customerapplication,447673,2024,,PENDING
,USD,,customerapplication,447674,2024,,PENDING
,USD,,customerapplication,447675,2024,,PENDING
,USD,,customerapplication,447676,2024,,PENDING
,USD,,customerapplication,447677,2024,,PENDING
,USD,,customerapplication,447678,2024,,PENDING
,USD,,customerapplication,447680,2024,,PENDING
,USD,,customerapplication,447682,2024,,PENDING
,USD,,customerapplication,447683,2024,,PENDING
,USD,,customerapplication,447684,2024,,PENDING
,USD,,customerapplication,447685,2024,,PENDING
,USD,,customerapplication,447686,2024,,PENDING
,USD,,customerapplication,447687,2024,,PENDING
,USD,,customerapplication,447688,2024,,PENDING
,USD,,customerapplication,447689,2024,,PENDING
,USD,,customerapplication,447690,2024,,PENDING
,USD,,customerapplication,447691,2024,,PENDING
,USD,,customerapplication,447692,2024,,PENDING
,USD,,customerapplication,447693,2024,,PENDING
,USD,,customerapplication,447694,2024,,PENDING
,USD,,customerapplication,447695,2024,,PENDING
,USD,,customerapplication,447696,2024,,PENDING
,USD,,customerapplication,447697,2024,,PENDING
,USD,,customerapplication,447698,2024,,PENDING
,USD,,customerapplication,447699,2024,,PENDING
,USD,,customerapplication,447700,2024,,PENDING
,USD,,customerapplication,447701,2024,,PENDING
,USD,,customerapplication,447702,2024,,PENDING
,USD,,customerapplication,447703,2024,,PENDING
,USD,,customerapplication,447704,2024,,PENDING
,USD,,customerapplication,447705,2024,,PENDING
,USD,,customerapplication,447707,2024,,PENDING
,USD,,customerapplication,447708,2024,,PENDING
,USD,,customerapplication,447709,2024,,PENDING
,USD,,customerapplication,447710,2024,,PENDING
,USD,,customerapplication,447711,2024,,PENDING
,USD,,customerapplication,447712,2024,,PENDING
,USD,,customerapplication,447713,2024,,PENDING
,USD,,customerapplication,447714,2024,,PENDING
,USD,,customerapplication,447715,2024,,PENDING
,USD,,customerapplication,447718,2024,,PENDING
,USD,,customerapplication,447719,2024,,PENDING
,USD,,customerapplication,447720,2024,,PENDING
,USD,,customerapplication,447721,2024,,PENDING
,USD,,customerapplication,447722,2024,,PENDING
,USD,,customerapplication,447723,2024,,PENDING
,USD,,customerapplication,447724,2024,,PENDING
,USD,,customerapplication,447725,2024,,PENDING
,USD,,customerapplication,447726,2024,,PENDING
,USD,,customerapplication,447727,2024,,PENDING
,USD,,customerapplication,447728,2024,,PENDING
,USD,,customerapplication,447729,2024,,PENDING
,USD,,customerapplication,447730,2024,,PENDING
,USD,,customerapplication,447731,2024,,PENDING
,USD,,customerapplication,447732,2024,,PENDING
,USD,,customerapplication,447736,2024,,PENDING
,USD,,customerapplication,447737,2024,,PENDING
,USD,,customerapplication,447738,2024,,PENDING
,USD,,customerapplication,447739,2024,,PENDING
,USD,,customerapplication,447740,2024,,PENDING
,USD,,customerapplication,447741,2024,,PENDING
,USD,,customerapplication,447742,2024,,PENDING
,USD,,customerapplication,447743,2024,,PENDING
,USD,,customerapplication,447744,2024,,PENDING
,USD,,customerapplication,447745,2024,,PENDING
,USD,,customerapplication,447746,2024,,PENDING
,USD,,customerapplication,447747,2024,,PENDING
,USD,,customerapplication,447748,2024,,PENDING
,USD,,customerapplication,447750,2024,,PENDING
,USD,,customerapplication,447751,2024,,PENDING
,USD,,customerapplication,447752,2024,,PENDING
,USD,,customerapplication,447753,2024,,PENDING
,USD,,customerapplication,447754,2024,,PENDING
,USD,,customerapplication,447756,2024,,PENDING
,USD,,customerapplication,447757,2024,,PENDING
,USD,,customerapplication,447758,2024,,PENDING
,USD,,customerapplication,447759,2024,,PENDING
,USD,,customerapplication,447760,2024,,PENDING
,USD,,customerapplication,447761,2024,,PENDING
,USD,,customerapplication,447763,2024,,PENDING
,USD,,customerapplication,447764,2024,,PENDING
,USD,,customerapplication,447765,2024,,PENDING
,USD,,customerapplication,447766,2024,,PENDING
,USD,,customerapplication,447767,2024,,PENDING
,USD,,customerapplication,447768,2024,,PENDING
,USD,,customerapplication,447769,2024,,PENDING
,USD,,customerapplication,447770,2024,,PENDING
,USD,,customerapplication,447771,2024,,PENDING
,USD,,customerapplication,447772,2024,,PENDING
,USD,,customerapplication,447773,2024,,PENDING
,USD,,customerapplication,447774,2024,,PENDING
,USD,,customerapplication,447775,2024,,PENDING
,USD,,customerapplication,447776,2024,,PENDING
,USD,,customerapplication,447777,2024,,PENDING
,USD,,customerapplication,447778,2024,,PENDING
,USD,,customerapplication,447779,2024,,PENDING
,USD,,customerapplication,447780,2024,,PENDING
,USD,,customerapplication,447781,2024,,PENDING
,USD,,customerapplication,447782,2024,,PENDING
,USD,,customerapplication,447783,2024,,PENDING
,USD,,customerapplication,447784,2024,,PENDING
,USD,,customerapplication,447785,2024,,PENDING
,USD,,customerapplication,447786,2024,,PENDING
,USD,,customerapplication,447787,2024,,PENDING
,USD,,customerapplication,447788,2024,,PENDING
,USD,,customerapplication,447789,2024,,PENDING
,USD,,customerapplication,447790,2024,,PENDING
,USD,,customerapplication,447791,2024,,PENDING
,USD,,customerapplication,447792,2024,,PENDING
,USD,,customerapplication,447793,2024,,PENDING
,USD,,customerapplication,447794,2024,,PENDING
,USD,,customerapplication,447795,2024,,PENDING
,USD,,customerapplication,447796,2024,,PENDING
,USD,,customerapplication,447797,2024,,PENDING
,USD,,customerapplication,447798,2024,,PENDING
,USD,,customerapplication,447799,2024,,PENDING
,USD,,customerapplication,447802,2024,,PENDING
,USD,,customerapplication,447804,2024,,PENDING
,USD,,customerapplication,447805,2024,,PENDING
,USD,,customerapplication,447807,2024,,PENDING
,USD,,customerapplication,447808,2024,,PENDING
,USD,,customerapplication,447809,2024,,PENDING
,USD,,customerapplication,447810,2024,,PENDING
,USD,,customerapplication,447811,2024,,PENDING
,USD,,customerapplication,447812,2024,,PENDING
,USD,,customerapplication,447813,2024,,PENDING
,USD,,customerapplication,447814,2024,,PENDING
,USD,,customerapplication,447815,2024,,PENDING
,USD,,customerapplication,447817,2024,,PENDING
,USD,,customerapplication,447818,2024,,PENDING
,USD,,customerapplication,447819,2024,,PENDING
,USD,,customerapplication,447820,2024,,PENDING
,USD,,customerapplication,447822,2024,,PENDING
,USD,,customerapplication,447823,2024,,PENDING
,USD,,customerapplication,447824,2024,,PENDING
,USD,,customerapplication,447825,2024,,PENDING
,USD,,customerapplication,447826,2024,,PENDING
,USD,,customerapplication,447827,2024,,PENDING
,USD,,customerapplication,447828,2024,,PENDING
,USD,,customerapplication,447829,2024,,PENDING
,USD,,customerapplication,447830,2024,,PENDING
,USD,,customerapplication,447831,2024,,PENDING
,USD,,customerapplication,447832,2024,,PENDING
,USD,,customerapplication,447833,2024,,PENDING
,USD,,customerapplication,447834,2024,,PENDING
,USD,,customerapplication,447836,2024,,PENDING
,USD,,customerapplication,447837,2024,,PENDING
,USD,,customerapplication,447838,2024,,PENDING
,USD,,customerapplication,447839,2024,,PENDING
,USD,,customerapplication,447840,2024,,PENDING
,USD,,customerapplication,447841,2024,,PENDING
,USD,,customerapplication,447842,2024,,PENDING
,USD,,customerapplication,447843,2024,,PENDING
,USD,,customerapplication,447844,2024,,PENDING
,USD,,customerapplication,447845,2024,,PENDING
,USD,,customerapplication,447846,2024,,PENDING
,USD,,customerapplication,447847,2024,,PENDING
,USD,,customerapplication,447848,2024,,PENDING
,USD,,customerapplication,447849,2024,,PENDING
,USD,,customerapplication,447851,2024,,PENDING
,USD,,customerapplication,447852,2024,,PENDING
,USD,,customerapplication,447854,2024,,PENDING
,USD,,customerapplication,447855,2024,,PENDING
,USD,,customerapplication,447856,2024,,PENDING
,USD,,customerapplication,447857,2024,,PENDING
,USD,,customerapplication,447858,2024,,PENDING
,USD,,customerapplication,447859,2024,,PENDING
,USD,,customerapplication,447860,2024,,PENDING
,USD,,customerapplication,447861,2024,,PENDING
,USD,,customerapplication,447862,2024,,PENDING
,USD,,customerapplication,447863,2024,,PENDING
,USD,,customerapplication,447864,2024,,PENDING
,USD,,customerapplication,447865,2024,,PENDING
,USD,,customerapplication,447866,2024,,PENDING
,USD,,customerapplication,447867,2024,,PENDING
,USD,,customerapplication,447868,2024,,PENDING
,USD,,customerapplication,447869,2024,,PENDING
,USD,,customerapplication,447870,2024,,PENDING
,USD,,customerapplication,447871,2024,,PENDING
,USD,,customerapplication,447872,2024,,PENDING
,USD,,customerapplication,447876,2024,,PENDING
,USD,,customerapplication,447877,2024,,PENDING
,USD,,customerapplication,447878,2024,,PENDING
,USD,,customerapplication,447879,2024,,PENDING
,USD,,customerapplication,447880,2024,,PENDING
,USD,,customerapplication,447881,2024,,PENDING
,USD,,customerapplication,447882,2024,,PENDING
,USD,,customerapplication,447883,2024,,PENDING
,USD,,customerapplication,447884,2024,,PENDING
,USD,,customerapplication,447885,2024,,PENDING
,USD,,customerapplication,447886,2024,,PENDING
,USD,,customerapplication,447887,2024,,PENDING
,USD,,customerapplication,447888,2024,,PENDING
,USD,,customerapplication,447889,2024,,PENDING
,USD,,customerapplication,447890,2024,,PENDING
,USD,,customerapplication,447891,2024,,PENDING
,USD,,customerapplication,447892,2024,,PENDING
,USD,,customerapplication,447893,2024,,PENDING
,USD,,customerapplication,447894,2024,,PENDING
,USD,,customerapplication,447895,2024,,PENDING
,USD,,customerapplication,447896,2024,,PENDING
,USD,,customerapplication,447897,2024,,PENDING
,USD,,customerapplication,447898,2024,,PENDING
,USD,,customerapplication,447899,2024,,PENDING
,USD,,customerapplication,447900,2024,,PENDING
,USD,,customerapplication,447901,2024,,PENDING
,USD,,customerapplication,447902,2024,,PENDING
,USD,,customerapplication,447903,2024,,PENDING
,USD,,customerapplication,447904,2024,,PENDING
,USD,,customerapplication,447905,2024,,PENDING
,USD,,customerapplication,447906,2024,,PENDING
,USD,,customerapplication,447907,2024,,PENDING
,USD,,customerapplication,447908,2024,,PENDING
,USD,,customerapplication,447909,2024,,PENDING
,USD,,customerapplication,447910,2024,,PENDING
,USD,,customerapplication,447911,2024,,PENDING
,USD,,customerapplication,447912,2024,,PENDING
,USD,,customerapplication,447913,2024,,PENDING
,USD,,customerapplication,447914,2024,,PENDING
,USD,,customerapplication,447915,2024,,PENDING
,USD,,customerapplication,447916,2024,,PENDING
,USD,,customerapplication,447917,2024,,PENDING
,USD,,customerapplication,447918,2024,,PENDING
,USD,,customerapplication,447919,2024,,PENDING
,USD,,customerapplication,447920,2024,,PENDING
,USD,,customerapplication,447921,2024,,PENDING
,USD,,customerapplication,447922,2024,,PENDING
,USD,,customerapplication,447923,2024,,PENDING
,USD,,customerapplication,447924,2024,,PENDING
,USD,,customerapplication,447925,2024,,PENDING
,USD,,customerapplication,447926,2024,,PENDING
,USD,,customerapplication,447927,2024,,PENDING
,USD,,customerapplication,447928,2024,,PENDING
,USD,,customerapplication,447929,2024,,PENDING
,USD,,customerapplication,447930,2024,,PENDING
,USD,,customerapplication,447931,2024,,PENDING
,USD,,customerapplication,447932,2024,,PENDING
,USD,,customerapplication,447933,2024,,PENDING
,USD,,customerapplication,447934,2024,,PENDING
,USD,,customerapplication,447935,2024,,PENDING
,USD,,customerapplication,447936,2024,,PENDING
,USD,,customerapplication,447937,2024,,PENDING
,USD,,customerapplication,447938,2024,,PENDING
,USD,,customerapplication,447940,2024,,PENDING
,USD,,customerapplication,447942,2024,,PENDING
,USD,,customerapplication,447943,2024,,PENDING
,USD,,customerapplication,447944,2024,,PENDING
,USD,,customerapplication,447945,2024,,PENDING
,USD,,customerapplication,447946,2024,,PENDING
,USD,,customerapplication,447947,2024,,PENDING
,USD,,customerapplication,447948,2024,,PENDING
,USD,,customerapplication,447949,2024,,PENDING
,USD,,customerapplication,447950,2024,,PENDING
,USD,,customerapplication,447951,2024,,PENDING
,USD,,customerapplication,447952,2024,,PENDING
,USD,,customerapplication,447953,2024,,PENDING
,USD,,customerapplication,447956,2024,,PENDING
,USD,,customerapplication,447957,2024,,PENDING
,USD,,customerapplication,447958,2024,,PENDING
,USD,,customerapplication,447959,2024,,PENDING
,USD,,customerapplication,447960,2024,,PENDING
,USD,,customerapplication,447961,2024,,PENDING
,USD,,customerapplication,447962,2024,,PENDING
,USD,,customerapplication,447963,2024,,PENDING
,USD,,customerapplication,447964,2024,,PENDING
,USD,,customerapplication,447965,2024,,PENDING
,USD,,customerapplication,447966,2024,,PENDING
,USD,,customerapplication,447968,2024,,PENDING
,USD,,customerapplication,447969,2024,,PENDING
,USD,,customerapplication,447971,2024,,PENDING
,USD,,customerapplication,447972,2024,,PENDING
,USD,,customerapplication,447973,2024,,PENDING
,USD,,customerapplication,447974,2024,,PENDING
,USD,,customerapplication,447976,2024,,PENDING
,USD,,customerapplication,447977,2024,,PENDING
,USD,,customerapplication,447978,2024,,PENDING
,USD,,customerapplication,447979,2024,,PENDING
,USD,,customerapplication,447980,2024,,PENDING
,USD,,customerapplication,447981,2024,,PENDING
,USD,,customerapplication,447982,2024,,PENDING
,USD,,customerapplication,447983,2024,,PENDING
,USD,,customerapplication,447984,2024,,PENDING
,USD,,customerapplication,447985,2024,,PENDING
,USD,,customerapplication,447986,2024,,PENDING
,USD,,customerapplication,447987,2024,,PENDING
,USD,,customerapplication,447988,2024,,PENDING
,USD,,customerapplication,447989,2024,,PENDING
,USD,,customerapplication,447990,2024,,PENDING
,USD,,customerapplication,447991,2024,,PENDING
,USD,,customerapplication,447992,2024,,PENDING
,USD,,customerapplication,447993,2024,,PENDING
,USD,,customerapplication,447994,2024,,PENDING
,USD,,customerapplication,447995,2024,,PENDING
,USD,,customerapplication,447996,2024,,PENDING
,USD,,customerapplication,447997,2024,,PENDING
,USD,,customerapplication,447998,2024,,PENDING
,USD,,customerapplication,447999,2024,,PENDING
,USD,,customerapplication,448000,2024,,PENDING
,USD,,customerapplication,448001,2024,,PENDING
,USD,,customerapplication,448002,2024,,PENDING
,USD,,customerapplication,448003,2024,,PENDING
,USD,,customerapplication,448004,2024,,PENDING
,USD,,customerapplication,448005,2024,,PENDING
,USD,,customerapplication,448006,2024,,PENDING
,USD,,customerapplication,448007,2024,,PENDING
,USD,,customerapplication,448008,2024,,PENDING
,USD,,customerapplication,448009,2024,,PENDING
,USD,,customerapplication,448010,2024,,PENDING
,USD,,customerapplication,448011,2024,,PENDING
,USD,,customerapplication,448012,2024,,PENDING
,USD,,customerapplication,448014,2024,,PENDING
,USD,,customerapplication,448015,2024,,PENDING
,USD,,customerapplication,448016,2024,,PENDING
,USD,,customerapplication,448017,2024,,PENDING
,USD,,customerapplication,448018,2024,,PENDING
,USD,,customerapplication,448019,2024,,PENDING
,USD,,customerapplication,448020,2024,,PENDING
,USD,,customerapplication,448021,2024,,PENDING
,USD,,customerapplication,448023,2024,,PENDING
,USD,,customerapplication,448024,2024,,PENDING
,USD,,customerapplication,448025,2024,,PENDING
,USD,,customerapplication,448030,2024,,PENDING
,USD,,customerapplication,448031,2024,,PENDING
,USD,,customerapplication,448033,2024,,PENDING
,USD,,customerapplication,448034,2024,,PENDING
,USD,,customerapplication,448035,2024,,PENDING
,USD,,customerapplication,448036,2024,,PENDING
,USD,,customerapplication,448037,2024,,PENDING
,USD,,customerapplication,448038,2024,,PENDING
,USD,,customerapplication,448039,2024,,PENDING
,USD,,customerapplication,448040,2024,,PENDING
,USD,,customerapplication,448041,2024,,PENDING
,USD,,customerapplication,448042,2024,,PENDING
,USD,,customerapplication,448043,2024,,PENDING
,USD,,customerapplication,448044,2024,,PENDING
,USD,,customerapplication,448045,2024,,PENDING
,USD,,customerapplication,448046,2024,,PENDING
,USD,,customerapplication,448047,2024,,PENDING
,USD,,customerapplication,448048,2024,,PENDING
,USD,,customerapplication,448049,2024,,PENDING
,USD,,customerapplication,448050,2024,,PENDING
,USD,,customerapplication,448051,2024,,PENDING
,USD,,customerapplication,448052,2024,,PENDING
,USD,,customerapplication,448053,2024,,PENDING
,USD,,customerapplication,448054,2024,,PENDING
,USD,,customerapplication,448056,2024,,PENDING
,USD,,customerapplication,448057,2024,,PENDING
,USD,,customerapplication,448058,2024,,PENDING
,USD,,customerapplication,448059,2024,,PENDING
,USD,,customerapplication,448060,2024,,PENDING
,USD,,customerapplication,448061,2024,,PENDING
,USD,,customerapplication,448062,2024,,PENDING
,USD,,customerapplication,448063,2024,,PENDING
,USD,,customerapplication,448064,2024,,PENDING
,USD,,customerapplication,448068,2024,,PENDING
,USD,,customerapplication,448069,2024,,PENDING
,USD,,customerapplication,448070,2024,,PENDING
,USD,,customerapplication,448071,2024,,PENDING
,USD,,customerapplication,448072,2024,,PENDING
,USD,,customerapplication,448073,2024,,PENDING
,USD,,customerapplication,448074,2024,,PENDING
,USD,,customerapplication,448075,2024,,PENDING
,USD,,customerapplication,448076,2024,,PENDING
,USD,,customerapplication,448077,2024,,PENDING
,USD,,customerapplication,448078,2024,,PENDING
,USD,,customerapplication,448079,2024,,PENDING
,USD,,customerapplication,448080,2024,,PENDING
,USD,,customerapplication,448081,2024,,PENDING
,USD,,customerapplication,448082,2024,,PENDING
,USD,,customerapplication,448083,2024,,PENDING
,USD,,customerapplication,448085,2024,,PENDING
,USD,,customerapplication,448086,2024,,PENDING
,USD,,customerapplication,448089,2024,,PENDING
,USD,,customerapplication,448090,2024,,PENDING
,USD,,customerapplication,448091,2024,,PENDING
,USD,,customerapplication,448092,2024,,PENDING
,USD,,customerapplication,448093,2024,,PENDING
,USD,,customerapplication,448094,2024,,PENDING
,USD,,customerapplication,448096,2024,,PENDING
,USD,,customerapplication,448099,2024,,PENDING
,USD,,customerapplication,448102,2024,,PENDING
,USD,,customerapplication,448103,2024,,PENDING
,USD,,customerapplication,448105,2024,,PENDING
,USD,,customerapplication,448106,2024,,PENDING
,USD,,customerapplication,448107,2024,,PENDING
,USD,,customerapplication,448108,2024,,PENDING
,USD,,customerapplication,448109,2024,,PENDING
,USD,,customerapplication,448110,2024,,PENDING
,USD,,customerapplication,448111,2024,,PENDING
,USD,,customerapplication,448112,2024,,PENDING
,USD,,customerapplication,448113,2024,,PENDING
,USD,,customerapplication,448114,2024,,PENDING
,USD,,customerapplication,448115,2024,,PENDING
,USD,,customerapplication,448118,2024,,PENDING
,USD,,customerapplication,448119,2024,,PENDING
,USD,,customerapplication,448120,2024,,PENDING
,USD,,customerapplication,448121,2024,,PENDING
,USD,,customerapplication,448122,2024,,PENDING
,USD,,customerapplication,448123,2024,,PENDING
,USD,,customerapplication,448124,2024,,PENDING
,USD,,customerapplication,448125,2024,,PENDING
,USD,,customerapplication,448128,2024,,PENDING
,USD,,customerapplication,448129,2024,,PENDING
,USD,,customerapplication,448130,2024,,PENDING
,USD,,customerapplication,448131,2024,,PENDING
,USD,,customerapplication,448132,2024,,PENDING
,USD,,customerapplication,448133,2024,,PENDING
,USD,,customerapplication,448134,2024,,PENDING
,USD,,customerapplication,448135,2024,,PENDING
,USD,,customerapplication,448136,2024,,PENDING
,USD,,customerapplication,448137,2024,,PENDING
,USD,,customerapplication,448138,2024,,PENDING
,USD,,customerapplication,448140,2024,,PENDING
,USD,,customerapplication,448141,2024,,PENDING
,USD,,customerapplication,448142,2024,,PENDING
,USD,,customerapplication,448143,2024,,PENDING
,USD,,customerapplication,448144,2024,,PENDING
,USD,,customerapplication,448145,2024,,PENDING
,USD,,customerapplication,448146,2024,,PENDING
,USD,,customerapplication,448147,2024,,PENDING
,USD,,customerapplication,448148,2024,,PENDING
,USD,,customerapplication,448149,2024,,PENDING
,USD,,customerapplication,448150,2024,,PENDING
,USD,,customerapplication,448151,2024,,PENDING
,USD,,customerapplication,448152,2024,,PENDING
,USD,,customerapplication,448153,2024,,PENDING
,USD,,customerapplication,448154,2024,,PENDING
,USD,,customerapplication,448157,2024,,PENDING
,USD,,customerapplication,448158,2024,,PENDING
,USD,,customerapplication,448159,2024,,PENDING
,USD,,customerapplication,448160,2024,,PENDING
,USD,,customerapplication,448161,2024,,PENDING
,USD,,customerapplication,448163,2024,,PENDING
,USD,,customerapplication,448164,2024,,PENDING
,USD,,customerapplication,448165,2024,,PENDING
,USD,,customerapplication,448166,2024,,PENDING
,USD,,customerapplication,448167,2024,,PENDING
,USD,,customerapplication,448168,2024,,PENDING
,USD,,customerapplication,448169,2024,,PENDING
,USD,,customerapplication,448170,2024,,PENDING
,USD,,customerapplication,448171,2024,,PENDING
,USD,,customerapplication,448172,2024,,PENDING
,USD,,customerapplication,448173,2024,,PENDING
,USD,,customerapplication,448174,2024,,PENDING
,USD,,customerapplication,448175,2024,,PENDING
,USD,,customerapplication,448176,2024,,PENDING
,USD,,customerapplication,448177,2024,,PENDING
,USD,,customerapplication,448179,2024,,PENDING
,USD,,customerapplication,448180,2024,,PENDING
,USD,,customerapplication,448181,2024,,PENDING
,USD,,customerapplication,448182,2024,,PENDING
,USD,,customerapplication,448183,2024,,PENDING
,USD,,customerapplication,448184,2024,,PENDING
,USD,,customerapplication,448185,2024,,PENDING
,USD,,customerapplication,448187,2024,,PENDING
,USD,,customerapplication,448189,2024,,PENDING
,USD,,customerapplication,448191,2024,,PENDING
,USD,,customerapplication,448192,2024,,PENDING
,USD,,customerapplication,448193,2024,,PENDING
,USD,,customerapplication,448194,2024,,PENDING
,USD,,customerapplication,448195,2024,,PENDING
,USD,,customerapplication,448197,2024,,PENDING
,USD,,customerapplication,448199,2024,,PENDING
,USD,,customerapplication,448200,2024,,PENDING
,USD,,customerapplication,448201,2024,,PENDING
,USD,,customerapplication,448202,2024,,PENDING
,USD,,customerapplication,448203,2024,,PENDING
,USD,,customerapplication,448204,2024,,PENDING
,USD,,customerapplication,448205,2024,,PENDING
,USD,,customerapplication,448207,2024,,PENDING
,USD,,customerapplication,448209,2024,,PENDING
,USD,,customerapplication,448210,2024,,PENDING
,USD,,customerapplication,448211,2024,,PENDING
,USD,,customerapplication,448212,2024,,PENDING
,USD,,customerapplication,448213,2024,,PENDING
,USD,,customerapplication,448214,2024,,PENDING
,USD,,customerapplication,448215,2024,,PENDING
,USD,,customerapplication,448216,2024,,PENDING
,USD,,customerapplication,448217,2024,,PENDING
,USD,,customerapplication,448218,2024,,PENDING
,USD,,customerapplication,448219,2024,,PENDING
,USD,,customerapplication,448220,2024,,PENDING
,USD,,customerapplication,448221,2024,,PENDING
,USD,,customerapplication,448222,2024,,PENDING
,USD,,customerapplication,448223,2024,,PENDING
,USD,,customerapplication,448224,2024,,PENDING
,USD,,customerapplication,448225,2024,,PENDING
,USD,,customerapplication,448226,2024,,PENDING
,USD,,customerapplication,448227,2024,,PENDING
,USD,,customerapplication,448230,2024,,PENDING
,USD,,customerapplication,448231,2024,,PENDING
,USD,,customerapplication,448232,2024,,PENDING
,USD,,customerapplication,448233,2024,,PENDING
,USD,,customerapplication,448234,2024,,PENDING
,USD,,customerapplication,448235,2024,,PENDING
,USD,,customerapplication,448236,2024,,PENDING
,USD,,customerapplication,448237,2024,,PENDING
,USD,,customerapplication,448238,2024,,PENDING
,USD,,customerapplication,448239,2024,,PENDING
,USD,,customerapplication,448240,2024,,PENDING
,USD,,customerapplication,448241,2024,,PENDING
,USD,,customerapplication,448242,2024,,PENDING
,USD,,customerapplication,448243,2024,,PENDING
,USD,,customerapplication,448244,2024,,PENDING
,USD,,customerapplication,448247,2024,,PENDING
,USD,,customerapplication,448248,2024,,PENDING
,USD,,customerapplication,448249,2024,,PENDING
,USD,,customerapplication,448252,2024,,PENDING
,USD,,customerapplication,448253,2024,,PENDING
,USD,,customerapplication,448254,2024,,PENDING
,USD,,customerapplication,448255,2024,,PENDING
,USD,,customerapplication,448256,2024,,PENDING
,USD,,customerapplication,448258,2024,,PENDING
,USD,,customerapplication,448259,2024,,PENDING
,USD,,customerapplication,448260,2024,,PENDING
,USD,,customerapplication,448261,2024,,PENDING
,USD,,customerapplication,448262,2024,,PENDING
,USD,,customerapplication,448263,2024,,PENDING
,USD,,customerapplication,448264,2024,,PENDING
,USD,,customerapplication,448265,2024,,PENDING
,USD,,customerapplication,448266,2024,,PENDING
,USD,,customerapplication,448267,2024,,PENDING
,USD,,customerapplication,448268,2024,,PENDING
,USD,,customerapplication,448269,2024,,PENDING
,USD,,customerapplication,448270,2024,,PENDING
,USD,,customerapplication,448271,2024,,PENDING
,USD,,customerapplication,448272,2024,,PENDING
,USD,,customerapplication,448273,2024,,PENDING
,USD,,customerapplication,448274,2024,,PENDING
,USD,,customerapplication,448275,2024,,PENDING
,USD,,customerapplication,448276,2024,,PENDING
,USD,,customerapplication,448277,2024,,PENDING
,USD,,customerapplication,448278,2024,,PENDING
,USD,,customerapplication,448279,2024,,PENDING
,USD,,customerapplication,448280,2024,,PENDING
,USD,,customerapplication,448281,2024,,PENDING
,USD,,customerapplication,448282,2024,,PENDING
,USD,,customerapplication,448283,2024,,PENDING
,USD,,customerapplication,448284,2024,,PENDING
,USD,,customerapplication,448285,2024,,PENDING
,USD,,customerapplication,448286,2024,,PENDING
,USD,,customerapplication,448287,2024,,PENDING
,USD,,customerapplication,448288,2024,,PENDING
,USD,,customerapplication,448289,2024,,PENDING
,USD,,customerapplication,448290,2024,,PENDING
,USD,,customerapplication,448291,2024,,PENDING
,USD,,customerapplication,448293,2024,,PENDING
,USD,,customerapplication,448294,2024,,PENDING
,USD,,customerapplication,448295,2024,,PENDING
,USD,,customerapplication,448296,2024,,PENDING
,USD,,customerapplication,448297,2024,,PENDING
,USD,,customerapplication,448298,2024,,PENDING
,USD,,customerapplication,448299,2024,,PENDING
,USD,,customerapplication,448300,2024,,PENDING
,USD,,customerapplication,448301,2024,,PENDING
,USD,,customerapplication,448302,2024,,PENDING
,USD,,customerapplication,448303,2024,,PENDING
,USD,,customerapplication,448304,2024,,PENDING
,USD,,customerapplication,448305,2024,,PENDING
,USD,,customerapplication,448306,2024,,PENDING
,USD,,customerapplication,448307,2024,,PENDING
,USD,,customerapplication,448308,2024,,PENDING
,USD,,customerapplication,448309,2024,,PENDING
,USD,,customerapplication,448312,2024,,PENDING
,USD,,customerapplication,448313,2024,,PENDING
,USD,,customerapplication,448314,2024,,PENDING
,USD,,customerapplication,448315,2024,,PENDING
,USD,,customerapplication,448316,2024,,PENDING
,USD,,customerapplication,448317,2024,,PENDING
,USD,,customerapplication,448318,2024,,PENDING
,USD,,customerapplication,448319,2024,,PENDING
,USD,,customerapplication,448320,2024,,PENDING
,USD,,customerapplication,448321,2024,,PENDING
,USD,,customerapplication,448322,2024,,PENDING
,USD,,customerapplication,448323,2024,,PENDING
,USD,,customerapplication,448324,2024,,PENDING
,USD,,customerapplication,448325,2024,,PENDING
,USD,,customerapplication,448326,2024,,PENDING
,USD,,customerapplication,448327,2024,,PENDING
,USD,,customerapplication,448328,2024,,PENDING
,USD,,customerapplication,448329,2024,,PENDING
,USD,,customerapplication,448330,2024,,PENDING
,USD,,customerapplication,448331,2024,,PENDING
,USD,,customerapplication,448332,2024,,PENDING
,USD,,customerapplication,448333,2024,,PENDING
,USD,,customerapplication,448334,2024,,PENDING
,USD,,customerapplication,448335,2024,,PENDING
,USD,,customerapplication,448336,2024,,PENDING
,USD,,customerapplication,448337,2024,,PENDING
,USD,,customerapplication,448338,2024,,PENDING
,USD,,customerapplication,448339,2024,,PENDING
,USD,,customerapplication,448340,2024,,PENDING
,USD,,customerapplication,448341,2024,,PENDING
,USD,,customerapplication,448342,2024,,PENDING
,USD,,customerapplication,448343,2024,,PENDING
,USD,,customerapplication,448344,2024,,PENDING
,USD,,customerapplication,448345,2024,,PENDING
,USD,,customerapplication,448346,2024,,PENDING
,USD,,customerapplication,448347,2024,,PENDING
,USD,,customerapplication,448348,2024,,PENDING
,USD,,customerapplication,448349,2024,,PENDING
,USD,,customerapplication,448350,2024,,PENDING
,USD,,customerapplication,448351,2024,,PENDING
,USD,,customerapplication,448352,2024,,PENDING
,USD,,customerapplication,448353,2024,,PENDING
,USD,,customerapplication,448354,2024,,PENDING
,USD,,customerapplication,448355,2024,,PENDING
,USD,,customerapplication,448359,2024,,PENDING
,USD,,customerapplication,448360,2024,,PENDING
,USD,,customerapplication,448361,2024,,PENDING
,USD,,customerapplication,448362,2024,,PENDING
,USD,,customerapplication,448363,2024,,PENDING
,USD,,customerapplication,448364,2024,,PENDING
,USD,,customerapplication,448365,2024,,PENDING
,USD,,customerapplication,448366,2024,,PENDING
,USD,,customerapplication,448367,2024,,PENDING
,USD,,customerapplication,448368,2024,,PENDING
,USD,,customerapplication,448369,2024,,PENDING
,USD,,customerapplication,448370,2024,,PENDING
,USD,,customerapplication,448371,2024,,PENDING
,USD,,customerapplication,448373,2024,,PENDING
,USD,,customerapplication,448374,2024,,PENDING
,USD,,customerapplication,448375,2024,,PENDING
,USD,,customerapplication,448376,2024,,PENDING
,USD,,customerapplication,448377,2024,,PENDING
,USD,,customerapplication,448378,2024,,PENDING
,USD,,customerapplication,448379,2024,,PENDING
,USD,,customerapplication,448382,2024,,PENDING
,USD,,customerapplication,448383,2024,,PENDING
,USD,,customerapplication,448384,2024,,PENDING
,USD,,customerapplication,448385,2024,,PENDING
,USD,,customerapplication,448387,2024,,PENDING
,USD,,customerapplication,448389,2024,,PENDING
,USD,,customerapplication,448390,2024,,PENDING
,USD,,customerapplication,448391,2024,,PENDING
,USD,,customerapplication,448392,2024,,PENDING
,USD,,customerapplication,448393,2024,,PENDING
,USD,,customerapplication,448394,2024,,PENDING
,USD,,customerapplication,448395,2024,,PENDING
,USD,,customerapplication,448396,2024,,PENDING
,USD,,customerapplication,448397,2024,,PENDING
,USD,,customerapplication,448398,2024,,PENDING
,USD,,customerapplication,448399,2024,,PENDING
,USD,,customerapplication,448400,2024,,PENDING
,USD,,customerapplication,448401,2024,,PENDING
,USD,,customerapplication,448402,2024,,PENDING
,USD,,customerapplication,448403,2024,,PENDING
,USD,,customerapplication,448404,2024,,PENDING
,USD,,customerapplication,448406,2024,,PENDING
,USD,,customerapplication,448407,2024,,PENDING
,USD,,customerapplication,448408,2024,,PENDING
,USD,,customerapplication,448410,2024,,PENDING
,USD,,customerapplication,448412,2024,,PENDING
,USD,,customerapplication,448413,2024,,PENDING
,USD,,customerapplication,448414,2024,,PENDING
,USD,,customerapplication,448415,2024,,PENDING
,USD,,customerapplication,448416,2024,,PENDING
,USD,,customerapplication,448417,2024,,PENDING
,USD,,customerapplication,448419,2024,,PENDING
,USD,,customerapplication,448420,2024,,PENDING
,USD,,customerapplication,448423,2024,,PENDING
,USD,,customerapplication,448426,2024,,PENDING
,USD,,customerapplication,448427,2024,,PENDING
,USD,,customerapplication,448430,2024,,PENDING
,USD,,customerapplication,448431,2024,,PENDING
,USD,,customerapplication,448432,2024,,PENDING
,USD,,customerapplication,448433,2024,,PENDING
,USD,,customerapplication,448434,2024,,PENDING
,USD,,customerapplication,448435,2024,,PENDING
,USD,,customerapplication,448436,2024,,PENDING
,USD,,customerapplication,448437,2024,,PENDING
,USD,,customerapplication,448438,2024,,PENDING
,USD,,customerapplication,448439,2024,,PENDING
,USD,,customerapplication,448440,2024,,PENDING
,USD,,customerapplication,448441,2024,,PENDING
,USD,,customerapplication,448442,2024,,PENDING
,USD,,customerapplication,448444,2024,,PENDING
,USD,,customerapplication,448446,2024,,PENDING
,USD,,customerapplication,448447,2024,,PENDING
,USD,,customerapplication,448448,2024,,PENDING
,USD,,customerapplication,448449,2024,,PENDING
,USD,,customerapplication,448450,2024,,PENDING
,USD,,customerapplication,448452,2024,,PENDING
,USD,,customerapplication,448454,2024,,PENDING
,USD,,customerapplication,448455,2024,,PENDING
,USD,,customerapplication,448456,2024,,PENDING
,USD,,customerapplication,448457,2024,,PENDING
,USD,,customerapplication,448458,2024,,PENDING
,USD,,customerapplication,448459,2024,,PENDING
,USD,,customerapplication,448460,2024,,PENDING
,USD,,customerapplication,448462,2024,,PENDING
,USD,,customerapplication,448463,2024,,PENDING
,USD,,customerapplication,448464,2024,,PENDING
,USD,,customerapplication,448465,2024,,PENDING
,USD,,customerapplication,448466,2024,,PENDING
,USD,,customerapplication,448467,2024,,PENDING
,USD,,customerapplication,448469,2024,,PENDING
,USD,,customerapplication,448470,2024,,PENDING
,USD,,customerapplication,448471,2024,,PENDING
,USD,,customerapplication,448472,2024,,PENDING
,USD,,customerapplication,448473,2024,,PENDING
,USD,,customerapplication,448474,2024,,PENDING
,USD,,customerapplication,448475,2024,,PENDING
,USD,,customerapplication,448476,2024,,PENDING
,USD,,customerapplication,448477,2024,,PENDING
,USD,,customerapplication,448478,2024,,PENDING
,USD,,customerapplication,448479,2024,,PENDING
,USD,,customerapplication,448480,2024,,PENDING
,USD,,customerapplication,448481,2024,,PENDING
,USD,,customerapplication,448482,2024,,PENDING
,USD,,customerapplication,448483,2024,,PENDING
,USD,,customerapplication,448485,2024,,PENDING
,USD,,customerapplication,448487,2024,,PENDING
,USD,,customerapplication,448488,2024,,PENDING
,USD,,customerapplication,448489,2024,,PENDING
,USD,,customerapplication,448490,2024,,PENDING
,USD,,customerapplication,448491,2024,,PENDING
,USD,,customerapplication,448492,2024,,PENDING
,USD,,customerapplication,448493,2024,,PENDING
,USD,,customerapplication,448494,2024,,PENDING
,USD,,customerapplication,448495,2024,,PENDING
,USD,,customerapplication,448496,2024,,PENDING
,USD,,customerapplication,448497,2024,,PENDING
,USD,,customerapplication,448498,2024,,PENDING
,USD,,customerapplication,448499,2024,,PENDING
,USD,,customerapplication,448500,2024,,PENDING
,USD,,customerapplication,448502,2024,,PENDING
,USD,,customerapplication,448503,2024,,PENDING
,USD,,customerapplication,448504,2024,,PENDING
,USD,,customerapplication,448505,2024,,PENDING
,USD,,customerapplication,448507,2024,,PENDING
,USD,,customerapplication,448510,2024,,PENDING
,USD,,customerapplication,448511,2024,,PENDING
,USD,,customerapplication,448512,2024,,PENDING
,USD,,customerapplication,448513,2024,,PENDING
,USD,,customerapplication,448514,2024,,PENDING
,USD,,customerapplication,448515,2024,,PENDING
,USD,,customerapplication,448516,2024,,PENDING
,USD,,customerapplication,448517,2024,,PENDING
,USD,,customerapplication,448518,2024,,PENDING
,USD,,customerapplication,448521,2024,,PENDING
,USD,,customerapplication,448522,2024,,PENDING
,USD,,customerapplication,448526,2024,,PENDING
,USD,,customerapplication,448527,2024,,PENDING
,USD,,customerapplication,448528,2024,,PENDING
,USD,,customerapplication,448529,2024,,PENDING
,USD,,customerapplication,448530,2024,,PENDING
,USD,,customerapplication,448531,2024,,PENDING
,USD,,customerapplication,448532,2024,,PENDING
,USD,,customerapplication,448534,2024,,PENDING
,USD,,customerapplication,448540,2024,,PENDING
,USD,,customerapplication,448541,2024,,PENDING
,USD,,customerapplication,448545,2024,,PENDING
,USD,,customerapplication,448548,2024,,PENDING
,USD,,customerapplication,448549,2024,,PENDING
,USD,,customerapplication,448550,2024,,PENDING
,USD,,customerapplication,448551,2024,,PENDING
,USD,,customerapplication,448552,2024,,PENDING
,USD,,customerapplication,448553,2024,,PENDING
,USD,,customerapplication,448554,2024,,PENDING
,USD,,customerapplication,448555,2024,,PENDING
,USD,,customerapplication,448557,2024,,PENDING
,USD,,customerapplication,448560,2024,,PENDING
,USD,,customerapplication,448561,2024,,PENDING
,USD,,customerapplication,448564,2024,,PENDING
,USD,,customerapplication,448565,2024,,PENDING
,USD,,customerapplication,448566,2024,,PENDING
,USD,,customerapplication,448567,2024,,PENDING
,USD,,customerapplication,448568,2024,,PENDING
,USD,,customerapplication,448570,2024,,PENDING
,USD,,customerapplication,448572,2024,,PENDING
,USD,,customerapplication,448573,2024,,PENDING
,USD,,customerapplication,448574,2024,,PENDING
,USD,,customerapplication,448576,2024,,PENDING
,USD,,customerapplication,448577,2024,,PENDING
,USD,,customerapplication,448580,2024,,PENDING
,USD,,customerapplication,448581,2024,,PENDING
,USD,,customerapplication,448582,2025,,PENDING
,USD,,customerapplication,448583,2025,,PENDING
,USD,,customerapplication,448584,2025,,PENDING
,USD,,customerapplication,448586,2025,,PENDING
,USD,,customerapplication,448587,2024,,PENDING
,USD,,customerapplication,448588,2025,,PENDING
,USD,,customerapplication,448589,2024,,PENDING
,USD,,customerapplication,448590,2024,,PENDING
,USD,,customerapplication,448592,2024,,PENDING
,USD,,customerapplication,448593,2024,,PENDING
,USD,,customerapplication,448594,2025,,PENDING
,USD,,customerapplication,448595,2025,,PENDING
,USD,,customerapplication,448598,2024,,PENDING
,USD,,customerapplication,448599,2024,,PENDING
,USD,,customerapplication,448600,2024,,PENDING
,USD,,customerapplication,448601,2024,,PENDING
,USD,,customerapplication,448602,2024,,PENDING
,USD,,customerapplication,448603,2024,,PENDING
,USD,,customerapplication,448604,2024,,PENDING
,USD,,customerapplication,448605,2024,,PENDING
,USD,,customerapplication,448606,2024,,PENDING
,USD,,customerapplication,448607,2024,,PENDING
,USD,,customerapplication,448608,2024,,PENDING
,USD,,customerapplication,448609,2024,,PENDING
,USD,,customerapplication,448610,2024,,PENDING
,USD,,customerapplication,448611,2024,,PENDING
,USD,,customerapplication,448612,2025,,PENDING
,USD,,customerapplication,448613,2025,,PENDING
,USD,,customerapplication,448614,2025,,PENDING
,USD,,customerapplication,448615,2025,,PENDING
,USD,,customerapplication,448616,2024,,PENDING
,USD,,customerapplication,448617,2024,,PENDING
,USD,,customerapplication,448618,2024,,PENDING
,USD,,customerapplication,448619,2025,,PENDING
,USD,,customerapplication,448621,2025,,PENDING
,USD,,customerapplication,448622,2025,,PENDING
,USD,,customerapplication,448623,2025,,PENDING
,USD,,customerapplication,448624,2025,,PENDING
,USD,,customerapplication,448625,2024,,PENDING
,USD,,customerapplication,448626,2024,,PENDING
,USD,,customerapplication,448627,2024,,PENDING
,USD,,customerapplication,448628,2024,,PENDING
,USD,,customerapplication,448629,2024,,PENDING
,USD,,customerapplication,448630,2024,,PENDING
,USD,,customerapplication,448631,2024,,PENDING
,USD,,customerapplication,448632,2025,,PENDING
,USD,,customerapplication,448633,2025,,PENDING
,USD,,customerapplication,448634,2024,,PENDING
,USD,,customerapplication,448635,2025,,PENDING
,USD,,customerapplication,448638,2024,,PENDING
,USD,,customerapplication,448639,2024,,PENDING
,USD,,customerapplication,448640,2024,,PENDING
,USD,,customerapplication,448642,2024,,PENDING
,USD,,customerapplication,448643,2025,,PENDING
,USD,,customerapplication,448645,2024,,PENDING
,USD,,customerapplication,448646,2024,,PENDING
,USD,,customerapplication,448647,2025,,PENDING
,USD,,customerapplication,448648,2025,,PENDING
,USD,,customerapplication,448649,2025,,PENDING
,USD,,customerapplication,448650,2025,,PENDING
,USD,,customerapplication,448651,2025,,PENDING
,USD,,customerapplication,448652,2024,,PENDING
,USD,,customerapplication,448653,2024,,PENDING
,USD,,customerapplication,448654,2024,,PENDING
,USD,,customerapplication,448655,2024,,PENDING
,USD,,customerapplication,448656,2024,,PENDING
,USD,,customerapplication,448657,2024,,PENDING
,USD,,customerapplication,448658,2024,,PENDING
,USD,,customerapplication,448659,2025,,PENDING
,USD,,customerapplication,448660,2024,,PENDING
,USD,,customerapplication,448661,2025,,PENDING
,USD,,customerapplication,448662,2024,,PENDING
,USD,,customerapplication,448663,2025,,PENDING
,USD,,customerapplication,448664,2025,,PENDING
,USD,,customerapplication,448665,2024,,PENDING
,USD,,customerapplication,448666,2025,,PENDING
,USD,,customerapplication,448667,2024,,PENDING
,USD,,customerapplication,448668,2025,,PENDING
,USD,,customerapplication,448676,2024,,PENDING
,USD,,customerapplication,448677,2025,,PENDING
,USD,,customerapplication,448678,2025,,PENDING
,USD,,customerapplication,448679,2025,,PENDING
,USD,,customerapplication,448681,2024,,PENDING
,USD,,customerapplication,448682,2025,,PENDING
,USD,,customerapplication,448683,2025,,PENDING
,USD,,customerapplication,448684,2024,,PENDING
,USD,,customerapplication,448685,2024,,PENDING
,USD,,customerapplication,448686,2024,,PENDING
,USD,,customerapplication,448687,2025,,PENDING
,USD,,customerapplication,448690,2024,,PENDING
,USD,,customerapplication,448691,2024,,PENDING
,USD,,customerapplication,448692,2024,,PENDING
,USD,,customerapplication,448693,2025,,PENDING
,USD,,customerapplication,448694,2025,,PENDING
,USD,,customerapplication,448695,2025,,PENDING
,USD,,customerapplication,448696,2024,,PENDING
,USD,,customerapplication,448698,2025,,PENDING
,USD,,customerapplication,448699,2025,,PENDING
,USD,,customerapplication,448700,2025,,PENDING
,USD,,customerapplication,448701,2025,,PENDING
,USD,,customerapplication,448702,2025,,PENDING
,USD,,customerapplication,448704,2024,,PENDING
,USD,,customerapplication,448705,2025,,PENDING
,USD,,customerapplication,448706,2025,,PENDING
,USD,,customerapplication,448707,2024,,PENDING
,USD,,customerapplication,448708,2024,,PENDING
,USD,,customerapplication,448709,2024,,PENDING
,USD,,customerapplication,448710,2025,,PENDING
,USD,,customerapplication,448711,2025,,PENDING
,USD,,customerapplication,448712,2024,,PENDING
,USD,,customerapplication,448713,2024,,PENDING
,USD,,customerapplication,448714,2024,,PENDING
,USD,,customerapplication,448715,2025,,PENDING
,USD,,customerapplication,448716,2025,,PENDING
,USD,,customerapplication,448717,2025,,PENDING
,USD,,customerapplication,448718,2025,,PENDING
,USD,,customerapplication,448719,2025,,PENDING
,USD,,customerapplication,448720,2024,,PENDING
,USD,,customerapplication,448721,2024,,PENDING
,USD,,customerapplication,448722,2024,,PENDING
,USD,,customerapplication,448723,2024,,PENDING
,USD,,customerapplication,448724,2025,,PENDING
,USD,,customerapplication,448725,2025,,PENDING
,USD,,customerapplication,448726,2025,,PENDING
,USD,,customerapplication,448727,2025,,PENDING
,USD,,customerapplication,448728,2025,,PENDING
,USD,,customerapplication,448729,2025,,PENDING
,USD,,customerapplication,448730,2025,,PENDING
,USD,,customerapplication,448731,2025,,PENDING
,USD,,customerapplication,448732,2024,,PENDING
,USD,,customerapplication,448733,2025,,PENDING
,USD,,customerapplication,448734,2025,,PENDING
,USD,,customerapplication,448736,2024,,PENDING
,USD,,customerapplication,448738,2024,,PENDING
,USD,,customerapplication,448739,2025,,PENDING
,USD,,customerapplication,448740,2025,,PENDING
,USD,,customerapplication,448741,2025,,PENDING
,USD,,customerapplication,448742,2025,,PENDING
,USD,,customerapplication,448743,2024,,PENDING
,USD,,customerapplication,448744,2025,,PENDING
,USD,,customerapplication,448745,2025,,PENDING
,USD,,customerapplication,448746,2025,,PENDING
,USD,,customerapplication,448747,2025,,PENDING
,USD,,customerapplication,448748,2025,,PENDING
,USD,,customerapplication,448749,2025,,PENDING
,USD,,customerapplication,448750,2025,,PENDING
,USD,,customerapplication,448751,2025,,PENDING
,USD,,customerapplication,448752,2025,,PENDING
,USD,,customerapplication,448753,2025,,PENDING
,USD,,customerapplication,448754,2025,,PENDING
,USD,,customerapplication,448755,2025,,PENDING
,USD,,customerapplication,448756,2025,,PENDING
,USD,,customerapplication,448757,2025,,PENDING
,USD,,customerapplication,448759,2024,,PENDING
,USD,,customerapplication,448760,2025,,PENDING
,USD,,customerapplication,448762,2024,,PENDING
,USD,,customerapplication,448763,2024,,PENDING
,USD,,customerapplication,448764,2024,,PENDING
,USD,,customerapplication,448765,2024,,PENDING
,USD,,customerapplication,448767,2024,,PENDING
,USD,,customerapplication,448768,2025,,PENDING
,USD,,customerapplication,448769,2024,,PENDING
,USD,,customerapplication,448770,2025,,PENDING
,USD,,customerapplication,448771,2025,,PENDING
,USD,,customerapplication,448772,2025,,PENDING
,USD,,customerapplication,448773,2025,,PENDING
,USD,,customerapplication,448774,2025,,PENDING
,USD,,customerapplication,448775,2025,,PENDING
,USD,,customerapplication,448776,2025,,PENDING
,USD,,customerapplication,448777,2025,,PENDING
,USD,,customerapplication,448778,2025,,PENDING
,USD,,customerapplication,448779,2025,,PENDING
,USD,,customerapplication,448780,2025,,PENDING
,USD,,customerapplication,448781,2025,,PENDING
,USD,,customerapplication,448782,2025,,PENDING
,USD,,customerapplication,448783,2025,,PENDING
,USD,,customerapplication,448784,2025,,PENDING
,USD,,customerapplication,448785,2025,,PENDING
,USD,,customerapplication,448786,2025,,PENDING
,USD,,customerapplication,448787,2025,,PENDING
,USD,,customerapplication,448788,2025,,PENDING
,USD,,customerapplication,448789,2025,,PENDING
,USD,,customerapplication,448790,2025,,PENDING
,USD,,customerapplication,448791,2025,,PENDING
,USD,,customerapplication,448792,2025,,PENDING
,USD,,customerapplication,448793,2024,,PENDING
,USD,,customerapplication,448794,2024,,PENDING
,USD,,customerapplication,448795,2025,,PENDING
,USD,,customerapplication,448796,2025,,PENDING
,USD,,customerapplication,448798,2025,,PENDING
,USD,,customerapplication,448799,2025,,PENDING
,USD,,customerapplication,448800,2025,,PENDING
,USD,,customerapplication,448801,2025,,PENDING
,USD,,customerapplication,448802,2025,,PENDING
,USD,,customerapplication,448803,2025,,PENDING
,USD,,customerapplication,448804,2025,,PENDING
,USD,,customerapplication,448805,2025,,PENDING
,USD,,customerapplication,448806,2024,,PENDING
,USD,,customerapplication,448807,2025,,PENDING
,USD,,customerapplication,448808,2025,,PENDING
,USD,,customerapplication,448809,2025,,PENDING
,USD,,customerapplication,448810,2025,,PENDING
,USD,,customerapplication,448811,2025,,PENDING
,USD,,customerapplication,448812,2025,,PENDING
,USD,,customerapplication,448813,2024,,PENDING
,USD,,customerapplication,448814,2024,,PENDING
,USD,,customerapplication,448815,2025,,PENDING
,USD,,customerapplication,448816,2025,,PENDING
,USD,,customerapplication,448817,2024,,PENDING
,USD,,customerapplication,448819,2025,,PENDING
,USD,,customerapplication,448820,2025,,PENDING
,USD,,customerapplication,448821,2025,,PENDING
,USD,,customerapplication,448822,2025,,PENDING
,USD,,customerapplication,448823,2025,,PENDING
,USD,,customerapplication,448824,2025,,PENDING
,USD,,customerapplication,448825,2025,,PENDING
,USD,,customerapplication,448826,2025,,PENDING
,USD,,customerapplication,448827,2025,,PENDING
,USD,,customerapplication,448828,2025,,PENDING
,USD,,customerapplication,448829,2024,,PENDING
,USD,,customerapplication,448830,2025,,PENDING
,USD,,customerapplication,448831,2025,,PENDING
,USD,,customerapplication,448833,2024,,PENDING
,USD,,customerapplication,448834,2024,,PENDING
,USD,,customerapplication,448835,2024,,PENDING
,USD,,customerapplication,448837,2025,,PENDING
,USD,,customerapplication,448838,2024,,PENDING
,USD,,customerapplication,448839,2025,,PENDING
,USD,,customerapplication,448840,2025,,PENDING
,USD,,customerapplication,448841,2025,,PENDING
,USD,,customerapplication,448842,2025,,PENDING
,USD,,customerapplication,448843,2025,,PENDING
,USD,,customerapplication,448844,2024,,PENDING
,USD,,customerapplication,448845,2025,,PENDING
,USD,,customerapplication,448846,2025,,PENDING
,USD,,customerapplication,448848,2024,,PENDING
,USD,,customerapplication,448849,2025,,PENDING
,USD,,customerapplication,448850,2024,,PENDING
,USD,,customerapplication,448851,2025,,PENDING
,USD,,customerapplication,448852,2025,,PENDING
,USD,,customerapplication,448853,2025,,PENDING
,USD,,customerapplication,448854,2025,,PENDING
,USD,,customerapplication,448855,2025,,PENDING
,USD,,customerapplication,448856,2025,,PENDING
,USD,,customerapplication,448857,2025,,PENDING
,USD,,customerapplication,448858,2025,,PENDING
,USD,,customerapplication,448859,2025,,PENDING
,USD,,customerapplication,448860,2024,,PENDING
,USD,,customerapplication,448861,2024,,PENDING
,USD,,customerapplication,448863,2024,,PENDING
,USD,,customerapplication,448864,2024,,PENDING
,USD,,customerapplication,448866,2025,,PENDING
,USD,,customerapplication,448867,2025,,PENDING
,USD,,customerapplication,448868,2025,,PENDING
,USD,,customerapplication,448869,2025,,PENDING
,USD,,customerapplication,448870,2025,,PENDING
,USD,,customerapplication,448873,2025,,PENDING
,USD,,customerapplication,448874,2025,,PENDING
,USD,,customerapplication,448876,2024,,PENDING
,USD,,customerapplication,448877,2025,,PENDING
,USD,,customerapplication,448878,2025,,PENDING
,USD,,customerapplication,448879,2024,,PENDING
,USD,,customerapplication,448880,2025,,PENDING
,USD,,customerapplication,448881,2025,,PENDING
,USD,,customerapplication,448882,2025,,PENDING
,USD,,customerapplication,448883,2024,,PENDING
,USD,,customerapplication,448884,2025,,PENDING
,USD,,customerapplication,448885,2024,,PENDING
,USD,,customerapplication,448886,2024,,PENDING
,USD,,customerapplication,448888,2025,,PENDING
,USD,,customerapplication,448889,2025,,PENDING
,USD,,customerapplication,448890,2024,,PENDING
,USD,,customerapplication,448891,2024,,PENDING
,USD,,customerapplication,448892,2024,,PENDING
,USD,,customerapplication,448893,2025,,PENDING
,USD,,customerapplication,448894,2025,,PENDING
,USD,,customerapplication,448895,2025,,PENDING
,USD,,customerapplication,448896,2025,,PENDING
,USD,,customerapplication,448897,2025,,PENDING
,USD,,customerapplication,448898,2025,,PENDING
,USD,,customerapplication,448899,2025,,PENDING
,USD,,customerapplication,448900,2025,,PENDING
,USD,,customerapplication,448901,2025,,PENDING
,USD,,customerapplication,448902,2025,,PENDING
,USD,,customerapplication,448903,2025,,PENDING
,USD,,customerapplication,448904,2025,,PENDING
,USD,,customerapplication,448905,2025,,PENDING
,USD,,customerapplication,448906,2025,,PENDING
,USD,,customerapplication,448907,2025,,PENDING
,USD,,customerapplication,448908,2025,,PENDING
,USD,,customerapplication,448909,2025,,PENDING
,USD,,customerapplication,448911,2025,,PENDING
,USD,,customerapplication,448912,2025,,PENDING
,USD,,customerapplication,448913,2024,,PENDING
,USD,,customerapplication,448914,2025,,PENDING
,USD,,customerapplication,448915,2025,,PENDING
,USD,,customerapplication,448916,2024,,PENDING
,USD,,customerapplication,448917,2024,,PENDING
,USD,,customerapplication,448918,2025,,PENDING
,USD,,customerapplication,448919,2025,,PENDING
,USD,,customerapplication,448920,2025,,PENDING
,USD,,customerapplication,448921,2024,,PENDING
,USD,,customerapplication,448922,2025,,PENDING
,USD,,customerapplication,448923,2025,,PENDING
,USD,,customerapplication,448924,2025,,PENDING
,USD,,customerapplication,448925,2025,,PENDING
,USD,,customerapplication,448926,2025,,PENDING
,USD,,customerapplication,448927,2024,,PENDING
,USD,,customerapplication,448928,2025,,PENDING
,USD,,customerapplication,448929,2025,,PENDING
,USD,,customerapplication,448930,2024,,PENDING
,USD,,customerapplication,448936,2024,,PENDING
,USD,,customerapplication,448937,2025,,PENDING
,USD,,customerapplication,448938,2025,,PENDING
,USD,,customerapplication,448939,2025,,PENDING
,USD,,customerapplication,448940,2025,,PENDING
,USD,,customerapplication,448941,2025,,PENDING
,USD,,customerapplication,448942,2025,,PENDING
,USD,,customerapplication,448943,2025,,PENDING
,USD,,customerapplication,448944,2025,,PENDING
,USD,,customerapplication,448945,2024,,PENDING
,USD,,customerapplication,448950,2025,,PENDING
,USD,,customerapplication,448951,2025,,PENDING
,USD,,customerapplication,448952,2025,,PENDING
,USD,,customerapplication,448953,2025,,PENDING
,USD,,customerapplication,448954,2024,,PENDING
,USD,,customerapplication,448955,2025,,PENDING
,USD,,customerapplication,448956,2025,,PENDING
,USD,,customerapplication,448957,2024,,PENDING
,USD,,customerapplication,448958,2025,,PENDING
,USD,,customerapplication,448959,2025,,PENDING
,USD,,customerapplication,448960,2025,,PENDING
,USD,,customerapplication,448961,2025,,PENDING
,USD,,customerapplication,448962,2025,,PENDING
,USD,,customerapplication,448963,2025,,PENDING
,USD,,customerapplication,448964,2025,,PENDING
,USD,,customerapplication,448965,2025,,PENDING
,USD,,customerapplication,448966,2025,,PENDING
,USD,,customerapplication,448967,2025,,PENDING
,USD,,customerapplication,448968,2025,,PENDING
,USD,,customerapplication,448969,2025,,PENDING
,USD,,customerapplication,448970,2024,,PENDING
,USD,,customerapplication,448971,2025,,PENDING
,USD,,customerapplication,448973,2025,,PENDING
,USD,,customerapplication,448974,2025,,PENDING
,USD,,customerapplication,448975,2025,,PENDING
,USD,,customerapplication,448976,2025,,PENDING
,USD,,customerapplication,448977,2025,,PENDING
,USD,,customerapplication,448979,2024,,PENDING
,USD,,customerapplication,448980,2025,,PENDING
,USD,,customerapplication,448982,2025,,PENDING
,USD,,customerapplication,448983,2025,,PENDING
,USD,,customerapplication,448984,2025,,PENDING
,USD,,customerapplication,448985,2025,,PENDING
,USD,,customerapplication,448986,2025,,PENDING
,USD,,customerapplication,448987,2025,,PENDING
,USD,,customerapplication,448988,2025,,PENDING
,USD,,customerapplication,448991,2025,,PENDING
,USD,,customerapplication,448992,2025,,PENDING
,USD,,customerapplication,448993,2024,,PENDING
,USD,,customerapplication,448994,2025,,PENDING
,USD,,customerapplication,448995,2025,,PENDING
,USD,,customerapplication,448996,2025,,PENDING
,USD,,customerapplication,448997,2025,,PENDING
,USD,,customerapplication,448998,2025,,PENDING
,USD,,customerapplication,448999,2025,,PENDING
,USD,,customerapplication,449000,2025,,PENDING
,USD,,customerapplication,449001,2025,,PENDING
,USD,,customerapplication,449002,2025,,PENDING
,USD,,customerapplication,449004,2025,,PENDING
,USD,,customerapplication,449005,2025,,PENDING
,USD,,customerapplication,449006,2024,,PENDING
,USD,,customerapplication,449007,2024,,PENDING
,USD,,customerapplication,449008,2025,,PENDING
,USD,,customerapplication,449009,2025,,PENDING
,USD,,customerapplication,449010,2025,,PENDING
,USD,,customerapplication,449011,2025,,PENDING
,USD,,customerapplication,449012,2025,,PENDING
,USD,,customerapplication,449013,2025,,PENDING
,USD,,customerapplication,449014,2025,,PENDING
,USD,,customerapplication,449015,2025,,PENDING
,USD,,customerapplication,449016,2025,,PENDING
,USD,,customerapplication,449017,2025,,PENDING
,USD,,customerapplication,449019,2025,,PENDING
,USD,,customerapplication,449020,2025,,PENDING
,USD,,customerapplication,449021,2025,,PENDING
,USD,,customerapplication,449022,2025,,PENDING
,USD,,customerapplication,449023,2025,,PENDING
,USD,,customerapplication,449024,2025,,PENDING
,USD,,customerapplication,449025,2025,,PENDING
,USD,,customerapplication,449028,2025,,PENDING
,USD,,customerapplication,449029,2025,,PENDING
,USD,,customerapplication,449030,2025,,PENDING
,USD,,customerapplication,449032,2025,,PENDING
,USD,,customerapplication,449033,2025,,PENDING
,USD,,customerapplication,449034,2025,,PENDING
,USD,,customerapplication,449035,2025,,PENDING
,USD,,customerapplication,449036,2025,,PENDING
,USD,,customerapplication,449037,2025,,PENDING
,USD,,customerapplication,449038,2025,,PENDING
,USD,,customerapplication,449039,2025,,PENDING
,USD,,customerapplication,449040,2025,,PENDING
,USD,,customerapplication,449041,2025,,PENDING
,USD,,customerapplication,449042,2025,,PENDING
,USD,,customerapplication,449043,2025,,PENDING
,USD,,customerapplication,449044,2025,,PENDING
,USD,,customerapplication,449045,2025,,PENDING
,USD,,customerapplication,449046,2025,,PENDING
,USD,,customerapplication,449047,2025,,PENDING
,USD,,customerapplication,449048,2025,,PENDING
,USD,,customerapplication,449050,2025,,PENDING
,USD,,customerapplication,449051,2025,,PENDING
,USD,,customerapplication,449052,2025,,PENDING
,USD,,customerapplication,449053,2025,,PENDING
,USD,,customerapplication,449054,2025,,PENDING
,USD,,customerapplication,449055,2025,,PENDING
,USD,,customerapplication,449056,2025,,PENDING
,USD,,customerapplication,449057,2025,,PENDING
,USD,,customerapplication,449058,2025,,PENDING
,USD,,customerapplication,449059,2025,,PENDING
,USD,,customerapplication,449060,2025,,PENDING
,USD,,customerapplication,449062,2025,,PENDING
,USD,,customerapplication,449063,2025,,PENDING
,USD,,customerapplication,449064,2025,,PENDING
,USD,,customerapplication,449065,2025,,PENDING
,USD,,customerapplication,449066,2025,,PENDING
,USD,,customerapplication,449067,2025,,PENDING
,USD,,customerapplication,449068,2025,,PENDING
,USD,,customerapplication,449069,2025,,PENDING
,USD,,customerapplication,449070,2025,,PENDING
,USD,,customerapplication,449071,2025,,PENDING
,USD,,customerapplication,449072,2025,,PENDING
,USD,,customerapplication,449073,2025,,PENDING
,USD,,customerapplication,449074,2025,,PENDING
,USD,,customerapplication,449076,2025,,PENDING
,USD,,customerapplication,449077,2025,,PENDING
,USD,,customerapplication,449078,2025,,PENDING
,USD,,customerapplication,449079,2025,,PENDING
,USD,,customerapplication,449080,2025,,PENDING
,USD,,customerapplication,449081,2025,,PENDING
,USD,,customerapplication,449082,2025,,PENDING
,USD,,customerapplication,449083,2025,,PENDING
,USD,,customerapplication,449086,2025,,PENDING
,USD,,customerapplication,449087,2025,,PENDING
,USD,,customerapplication,449088,2025,,PENDING
,USD,,customerapplication,449089,2025,,PENDING
,USD,,customerapplication,449090,2025,,PENDING
,USD,,customerapplication,449091,2025,,PENDING
,USD,,customerapplication,449092,2025,,PENDING
,USD,,customerapplication,449093,2025,,PENDING
,USD,,customerapplication,449095,2025,,PENDING
,USD,,customerapplication,449096,2025,,PENDING
,USD,,customerapplication,449097,2025,,PENDING
,USD,,customerapplication,449098,2025,,PENDING
,USD,,customerapplication,449099,2025,,PENDING
,USD,,customerapplication,449100,2025,,PENDING
,USD,,customerapplication,449101,2025,,PENDING
,USD,,customerapplication,449102,2025,,PENDING
,USD,,customerapplication,449103,2025,,PENDING
,USD,,customerapplication,449104,2025,,PENDING
,USD,,customerapplication,449106,2025,,PENDING
,USD,,customerapplication,449107,2025,,PENDING
,USD,,customerapplication,449108,2025,,PENDING
,USD,,customerapplication,449109,2025,,PENDING
,USD,,customerapplication,449110,2025,,PENDING
,USD,,customerapplication,449111,2025,,PENDING
,USD,,customerapplication,449112,2025,,PENDING
,USD,,customerapplication,449113,2025,,PENDING
,USD,,customerapplication,449114,2025,,PENDING
,USD,,customerapplication,449115,2025,,PENDING
,USD,,customerapplication,449116,2025,,PENDING
,USD,,customerapplication,449117,2025,,PENDING
,USD,,customerapplication,449119,2025,,PENDING
,USD,,customerapplication,449120,2025,,PENDING
,USD,,customerapplication,449121,2025,,PENDING
,USD,,customerapplication,449122,2025,,PENDING
,USD,,customerapplication,449123,2025,,PENDING
,USD,,customerapplication,449124,2025,,PENDING
,USD,,customerapplication,449125,2025,,PENDING
,USD,,customerapplication,449126,2025,,PENDING
,USD,,customerapplication,449127,2025,,PENDING
,USD,,customerapplication,449128,2025,,PENDING
,USD,,customerapplication,449129,2025,,PENDING
,USD,,customerapplication,449134,2025,,PENDING
,USD,,customerapplication,449135,2025,,PENDING
,USD,,customerapplication,449136,2025,,PENDING
,USD,,customerapplication,449137,2025,,PENDING
,USD,,customerapplication,449138,2025,,PENDING
,USD,,customerapplication,449139,2025,,PENDING
,USD,,customerapplication,449140,2025,,PENDING
,USD,,customerapplication,449141,2025,,PENDING
,USD,,customerapplication,449145,2025,,PENDING
,USD,,customerapplication,449147,2025,,PENDING
,USD,,customerapplication,449148,2025,,PENDING
,USD,,customerapplication,449149,2025,,PENDING
,USD,,customerapplication,449150,2025,,PENDING
,USD,,customerapplication,449152,2025,,PENDING
,USD,,customerapplication,449153,2025,,PENDING
,USD,,customerapplication,449154,2025,,PENDING
,USD,,customerapplication,449155,2025,,PENDING
,USD,,customerapplication,449156,2025,,PENDING
,USD,,customerapplication,449157,2025,,PENDING
,USD,,customerapplication,449158,2025,,PENDING
,USD,,customerapplication,449159,2025,,PENDING
,USD,,customerapplication,449160,2025,,PENDING
,USD,,customerapplication,449161,2025,,PENDING
,USD,,customerapplication,449162,2025,,PENDING
,USD,,customerapplication,449164,2025,,PENDING
,USD,,customerapplication,449165,2025,,PENDING
,USD,,customerapplication,449166,2025,,PENDING
,USD,,customerapplication,449167,2025,,PENDING
,USD,,customerapplication,449168,2025,,PENDING
,USD,,customerapplication,449169,2025,,PENDING
,USD,,customerapplication,449170,2025,,PENDING
,USD,,customerapplication,449171,2025,,PENDING
,USD,,customerapplication,449172,2025,,PENDING
,USD,,customerapplication,449173,2025,,PENDING
,USD,,customerapplication,449174,2025,,PENDING
,USD,,customerapplication,449175,2025,,PENDING
,USD,,customerapplication,449176,2025,,PENDING
,USD,,customerapplication,449180,2025,,PENDING
,USD,,customerapplication,449181,2025,,PENDING
,USD,,customerapplication,449182,2025,,PENDING
,USD,,customerapplication,449183,2025,,PENDING
,USD,,customerapplication,449184,2025,,PENDING
,USD,,customerapplication,449185,2025,,PENDING
,USD,,customerapplication,449186,2025,,PENDING
,USD,,customerapplication,449187,2025,,PENDING
,USD,,customerapplication,449188,2025,,PENDING
,USD,,customerapplication,449189,2025,,PENDING
,USD,,customerapplication,449192,2025,,PENDING
,USD,,customerapplication,449193,2025,,PENDING
,USD,,customerapplication,449194,2025,,PENDING
,USD,,customerapplication,449195,2025,,PENDING
,USD,,customerapplication,449196,2025,,PENDING
,USD,,customerapplication,449197,2025,,PENDING
,USD,,customerapplication,449198,2025,,PENDING
,USD,,customerapplication,449199,2025,,PENDING
,USD,,customerapplication,449200,2025,,PENDING
,USD,,customerapplication,449201,2025,,PENDING
,USD,,customerapplication,449202,2025,,PENDING
,USD,,customerapplication,449203,2025,,PENDING
,USD,,customerapplication,449204,2025,,PENDING
,USD,,customerapplication,449205,2025,,PENDING
,USD,,customerapplication,449206,2025,,PENDING
,USD,,customerapplication,449207,2025,,PENDING
,USD,,customerapplication,449208,2025,,PENDING
,USD,,customerapplication,449209,2025,,PENDING
,USD,,customerapplication,449210,2025,,PENDING
,USD,,customerapplication,449211,2025,,PENDING
,USD,,customerapplication,449214,2025,,PENDING
,USD,,customerapplication,449215,2025,,PENDING
,USD,,customerapplication,449216,2025,,PENDING
,USD,,customerapplication,449218,2025,,PENDING
,USD,,customerapplication,449219,2025,,PENDING
,USD,,customerapplication,449220,2025,,PENDING
,USD,,customerapplication,449221,2025,,PENDING
,USD,,customerapplication,449226,2025,,PENDING
,USD,,customerapplication,449227,2025,,PENDING
,USD,,customerapplication,449228,2025,,PENDING
,USD,,customerapplication,449229,2025,,PENDING
,USD,,customerapplication,449230,2025,,PENDING
,USD,,customerapplication,449231,2025,,PENDING
,USD,,customerapplication,449232,2025,,PENDING
,USD,,customerapplication,449233,2025,,PENDING
,USD,,customerapplication,449234,2025,,PENDING
,USD,,customerapplication,449235,2025,,PENDING
,USD,,customerapplication,449236,2025,,PENDING
,USD,,customerapplication,449237,2025,,PENDING
,USD,,customerapplication,449238,2025,,PENDING
,USD,,customerapplication,449239,2025,,PENDING
,USD,,customerapplication,449240,2025,,PENDING
,USD,,customerapplication,449242,2025,,PENDING
,USD,,customerapplication,449243,2025,,PENDING
,USD,,customerapplication,449244,2025,,PENDING
,USD,,customerapplication,449245,2025,,PENDING
,USD,,customerapplication,449246,2025,,PENDING
,USD,,customerapplication,449247,2025,,PENDING
,USD,,customerapplication,449248,2025,,PENDING
,USD,,customerapplication,449249,2025,,PENDING
,USD,,customerapplication,449250,2025,,PENDING
,USD,,customerapplication,449251,2025,,PENDING
,USD,,customerapplication,449253,2025,,PENDING
,USD,,customerapplication,449254,2025,,PENDING
,USD,,customerapplication,449255,2025,,PENDING
,USD,,customerapplication,449256,2025,,PENDING
,USD,,customerapplication,449257,2025,,PENDING
,USD,,customerapplication,449258,2025,,PENDING
,USD,,customerapplication,449259,2025,,PENDING
,USD,,customerapplication,449260,2025,,PENDING
,USD,,customerapplication,449261,2025,,PENDING
,USD,,customerapplication,449262,2025,,PENDING
,USD,,customerapplication,449263,2025,,PENDING
,USD,,customerapplication,449264,2025,,PENDING
,USD,,customerapplication,449265,2025,,PENDING
,USD,,customerapplication,449266,2025,,PENDING
,USD,,customerapplication,449267,2025,,PENDING
,USD,,customerapplication,449268,2025,,PENDING
,USD,,customerapplication,449269,2025,,PENDING
,USD,,customerapplication,449241,2025,,PENDING
,USD,,customerapplication,449270,2025,,PENDING
,USD,,customerapplication,449272,2025,,PENDING
,USD,,customerapplication,449273,2025,,PENDING
,USD,,customerapplication,449274,2025,,PENDING
,USD,,customerapplication,449277,2025,,PENDING
,USD,,customerapplication,449278,2025,,PENDING
,USD,,customerapplication,449279,2025,,PENDING
,USD,,customerapplication,449280,2025,,PENDING
,USD,,customerapplication,449281,2025,,PENDING
,USD,,customerapplication,449282,2025,,PENDING
,USD,,customerapplication,449283,2025,,PENDING
,USD,,customerapplication,449284,2025,,PENDING
,USD,,customerapplication,449285,2025,,PENDING
,USD,,customerapplication,449286,2025,,PENDING
,USD,,customerapplication,449287,2025,,PENDING
,USD,,customerapplication,449288,2025,,PENDING
,USD,,customerapplication,449290,2025,,PENDING
,USD,,customerapplication,449291,2025,,PENDING
,USD,,customerapplication,449292,2025,,PENDING
,USD,,customerapplication,449293,2025,,PENDING
,USD,,customerapplication,449294,2025,,PENDING
,USD,,customerapplication,449295,2025,,PENDING
,USD,,customerapplication,449296,2025,,PENDING
,USD,,customerapplication,449297,2025,,PENDING
,USD,,customerapplication,449298,2025,,PENDING
,USD,,customerapplication,449299,2025,,PENDING
,USD,,customerapplication,449300,2025,,PENDING
,USD,,customerapplication,449301,2025,,PENDING
,USD,,customerapplication,449302,2025,,PENDING
,USD,,customerapplication,449303,2025,,PENDING
,USD,,customerapplication,449304,2025,,PENDING
,USD,,customerapplication,449305,2025,,PENDING
,USD,,customerapplication,449306,2025,,PENDING
,USD,,customerapplication,449307,2025,,PENDING
,USD,,customerapplication,449308,2025,,PENDING
,USD,,customerapplication,449309,2025,,PENDING
,USD,,customerapplication,449310,2025,,PENDING
,USD,,customerapplication,449311,2025,,PENDING
,USD,,customerapplication,449312,2025,,PENDING
,USD,,customerapplication,449313,2025,,PENDING
,USD,,customerapplication,449314,2025,,PENDING
,USD,,customerapplication,449315,2025,,PENDING
,USD,,customerapplication,449316,2025,,PENDING
,USD,,customerapplication,449317,2025,,PENDING
,USD,,customerapplication,449318,2025,,PENDING
,USD,,customerapplication,449319,2025,,PENDING
,USD,,customerapplication,449320,2025,,PENDING
,USD,,customerapplication,449321,2025,,PENDING
,USD,,customerapplication,449322,2025,,PENDING
,USD,,customerapplication,449323,2025,,PENDING
,USD,,customerapplication,449324,2025,,PENDING
,USD,,customerapplication,449325,2025,,PENDING
,USD,,customerapplication,449326,2025,,PENDING
,USD,,customerapplication,449327,2025,,PENDING
,USD,,customerapplication,449328,2025,,PENDING
,USD,,customerapplication,449329,2025,,PENDING
,USD,,customerapplication,449331,2025,,PENDING
,USD,,customerapplication,449332,2025,,PENDING
,USD,,customerapplication,449333,2025,,PENDING
,USD,,customerapplication,449335,2025,,PENDING
,USD,,customerapplication,449336,2025,,PENDING
,USD,,customerapplication,449337,2025,,PENDING
,USD,,customerapplication,449339,2025,,PENDING
,USD,,customerapplication,449340,2025,,PENDING
,USD,,customerapplication,449342,2025,,PENDING
,USD,,customerapplication,449343,2025,,PENDING
,USD,,customerapplication,449344,2025,,PENDING
,USD,,customerapplication,449345,2025,,PENDING
,USD,,customerapplication,449346,2025,,PENDING
,USD,,customerapplication,449347,2025,,PENDING
,USD,,customerapplication,449348,2025,,PENDING
,USD,,customerapplication,449349,2025,,PENDING
,USD,,customerapplication,449350,2025,,PENDING
,USD,,customerapplication,449351,2025,,PENDING
,USD,,customerapplication,449352,2025,,PENDING
,USD,,customerapplication,449353,2025,,PENDING
,USD,,customerapplication,449354,2025,,PENDING
,USD,,customerapplication,449355,2025,,PENDING
,USD,,customerapplication,449356,2025,,PENDING
,USD,,customerapplication,449357,2025,,PENDING
,USD,,customerapplication,449358,2025,,PENDING
,USD,,customerapplication,449359,2025,,PENDING
,USD,,customerapplication,449360,2025,,PENDING
,USD,,customerapplication,449361,2025,,PENDING
,USD,,customerapplication,449362,2025,,PENDING
,USD,,customerapplication,449363,2025,,PENDING
,USD,,customerapplication,449365,2025,,PENDING
,USD,,customerapplication,449366,2025,,PENDING
,USD,,customerapplication,449367,2025,,PENDING
,USD,,customerapplication,449368,2025,,PENDING
,USD,,customerapplication,449370,2025,,PENDING
,USD,,customerapplication,449371,2025,,PENDING
,USD,,customerapplication,449372,2025,,PENDING
,USD,,customerapplication,449373,2025,,PENDING
,USD,,customerapplication,449374,2025,,PENDING
,USD,,customerapplication,449375,2025,,PENDING
,USD,,customerapplication,449376,2025,,PENDING
,USD,,customerapplication,449377,2025,,PENDING
,USD,,customerapplication,449379,2025,,PENDING
,USD,,customerapplication,449381,2025,,PENDING
,USD,,customerapplication,449382,2025,,PENDING
,USD,,customerapplication,449383,2025,,PENDING
,USD,,customerapplication,449384,2025,,PENDING
,USD,,customerapplication,449385,2025,,PENDING
,USD,,customerapplication,449386,2025,,PENDING
,USD,,customerapplication,449387,2025,,PENDING
,USD,,customerapplication,449388,2025,,PENDING
,USD,,customerapplication,449389,2025,,PENDING
,USD,,customerapplication,449391,2025,,PENDING
,USD,,customerapplication,449392,2025,,PENDING
,USD,,customerapplication,449393,2025,,PENDING
,USD,,customerapplication,449394,2025,,PENDING
,USD,,customerapplication,449395,2025,,PENDING
,USD,,customerapplication,449396,2025,,PENDING
,USD,,customerapplication,449397,2025,,PENDING
,USD,,customerapplication,449398,2025,,PENDING
,USD,,customerapplication,449399,2025,,PENDING
,USD,,customerapplication,449400,2025,,PENDING
,USD,,customerapplication,449401,2025,,PENDING
,USD,,customerapplication,449402,2025,,PENDING
,USD,,customerapplication,449403,2025,,PENDING
,USD,,customerapplication,449404,2025,,PENDING
,USD,,customerapplication,449408,2025,,PENDING
,USD,,customerapplication,449410,2025,,PENDING
,USD,,customerapplication,449411,2025,,PENDING
,USD,,customerapplication,449412,2025,,PENDING
,USD,,customerapplication,449414,2025,,PENDING
,USD,,customerapplication,449413,2025,,PENDING
,USD,,customerapplication,449415,2025,,PENDING
,USD,,customerapplication,449416,2025,,PENDING
,USD,,customerapplication,449417,2025,,PENDING
,USD,,customerapplication,449418,2025,,PENDING
,USD,,customerapplication,449419,2025,,PENDING
,USD,,customerapplication,449420,2025,,PENDING
,USD,,customerapplication,449421,2025,,PENDING
,USD,,customerapplication,449422,2025,,PENDING
,USD,,customerapplication,449423,2025,,PENDING
,USD,,customerapplication,449424,2025,,PENDING
,USD,,customerapplication,449425,2025,,PENDING
,USD,,customerapplication,449426,2025,,PENDING
,USD,,customerapplication,449427,2025,,PENDING
,USD,,customerapplication,449428,2025,,PENDING
,USD,,customerapplication,449429,2025,,PENDING
,USD,,customerapplication,449430,2025,,PENDING
,USD,,customerapplication,449431,2025,,PENDING
,USD,,customerapplication,449432,2025,,PENDING
,USD,,customerapplication,449433,2025,,PENDING
,USD,,customerapplication,449434,2025,,PENDING
,USD,,customerapplication,449435,2025,,PENDING
,USD,,customerapplication,449436,2025,,PENDING
,USD,,customerapplication,449437,2025,,PENDING
,USD,,customerapplication,449438,2025,,PENDING
,USD,,customerapplication,449439,2025,,PENDING
,USD,,customerapplication,449440,2025,,PENDING
,USD,,customerapplication,449441,2025,,PENDING
,USD,,customerapplication,449442,2025,,PENDING
,USD,,customerapplication,449443,2025,,PENDING
,USD,,customerapplication,449444,2025,,PENDING
,USD,,customerapplication,449445,2025,,PENDING
,USD,,customerapplication,449446,2025,,PENDING
,USD,,customerapplication,449447,2025,,PENDING
,USD,,customerapplication,449448,2025,,PENDING
,USD,,customerapplication,449449,2025,,PENDING
,USD,,customerapplication,449450,2025,,PENDING
,USD,,customerapplication,449451,2025,,PENDING
,USD,,customerapplication,449452,2025,,PENDING
,USD,,customerapplication,449453,2025,,PENDING
,USD,,customerapplication,449455,2025,,PENDING
,USD,,customerapplication,449456,2025,,PENDING
,USD,,customerapplication,449457,2025,,PENDING
,USD,,customerapplication,449458,2025,,PENDING
,USD,,customerapplication,449459,2025,,PENDING
,USD,,customerapplication,449460,2025,,PENDING
,USD,,customerapplication,449461,2025,,PENDING
,USD,,customerapplication,449462,2025,,PENDING
,USD,,customerapplication,449463,2025,,PENDING
,USD,,customerapplication,449464,2025,,PENDING
,USD,,customerapplication,449465,2025,,PENDING
,USD,,customerapplication,449466,2025,,PENDING
,USD,,customerapplication,449467,2025,,PENDING
,USD,,customerapplication,449468,2025,,PENDING
,USD,,customerapplication,449471,2025,,PENDING
,USD,,customerapplication,449472,2025,,PENDING
,USD,,customerapplication,449473,2025,,PENDING
,USD,,customerapplication,449474,2025,,PENDING
,USD,,customerapplication,449475,2025,,PENDING
,USD,,customerapplication,449476,2025,,PENDING
,USD,,customerapplication,449477,2025,,PENDING
,USD,,customerapplication,449479,2025,,PENDING
,USD,,customerapplication,449480,2025,,PENDING
,USD,,customerapplication,449481,2025,,PENDING
,USD,,customerapplication,449482,2025,,PENDING
,USD,,customerapplication,449483,2025,,PENDING
,USD,,customerapplication,449484,2025,,PENDING
,USD,,customerapplication,449485,2025,,PENDING
,USD,,customerapplication,449486,2025,,PENDING
,USD,,customerapplication,449487,2025,,PENDING
,USD,,customerapplication,449489,2025,,PENDING
,USD,,customerapplication,449490,2025,,PENDING
,USD,,customerapplication,449491,2025,,PENDING
,USD,,customerapplication,449492,2025,,PENDING
,USD,,customerapplication,449494,2025,,PENDING
,USD,,customerapplication,449495,2025,,PENDING
,USD,,customerapplication,449496,2025,,PENDING
,USD,,customerapplication,449497,2025,,PENDING
,USD,,customerapplication,449498,2025,,PENDING
,USD,,customerapplication,449499,2025,,PENDING
,USD,,customerapplication,449500,2025,,PENDING
,USD,,customerapplication,449501,2025,,PENDING
,USD,,customerapplication,449502,2025,,PENDING
,USD,,customerapplication,449503,2025,,PENDING
,USD,,customerapplication,449504,2025,,PENDING
,USD,,customerapplication,449505,2025,,PENDING
,USD,,customerapplication,449506,2025,,PENDING
,USD,,customerapplication,449507,2025,,PENDING
,USD,,customerapplication,449508,2025,,PENDING
,USD,,customerapplication,449509,2025,,PENDING
,USD,,customerapplication,449511,2025,,PENDING
,USD,,customerapplication,449512,2025,,PENDING
,USD,,customerapplication,449513,2025,,PENDING
,USD,,customerapplication,449514,2025,,PENDING
,USD,,customerapplication,449515,2025,,PENDING
,USD,,customerapplication,449516,2025,,PENDING
,USD,,customerapplication,449518,2025,,PENDING
,USD,,customerapplication,449478,2025,,PENDING
,USD,,customerapplication,449469,2025,,PENDING
,USD,,customerapplication,449519,2025,,PENDING
,USD,,customerapplication,449520,2025,,PENDING
,USD,,customerapplication,449521,2025,,PENDING
,USD,,customerapplication,449522,2025,,PENDING
,USD,,customerapplication,449523,2025,,PENDING
,USD,,customerapplication,449524,2025,,PENDING
,USD,,customerapplication,449525,2025,,PENDING
,USD,,customerapplication,449527,2025,,PENDING
,USD,,customerapplication,449528,2025,,PENDING
,USD,,customerapplication,449529,2025,,PENDING
,USD,,customerapplication,449530,2025,,PENDING
,USD,,customerapplication,449531,2025,,PENDING
,USD,,customerapplication,449532,2025,,PENDING
,USD,,customerapplication,449534,2025,,PENDING
,USD,,customerapplication,449535,2025,,PENDING
,USD,,customerapplication,449536,2025,,PENDING
,USD,,customerapplication,449537,2025,,PENDING
,USD,,customerapplication,449538,2025,,PENDING
,USD,,customerapplication,449539,2025,,PENDING
,USD,,customerapplication,449540,2025,,PENDING
,USD,,customerapplication,449541,2025,,PENDING
,USD,,customerapplication,449542,2025,,PENDING
,USD,,customerapplication,449543,2025,,PENDING
,USD,,customerapplication,449544,2025,,PENDING
,USD,,customerapplication,449545,2025,,PENDING
,USD,,customerapplication,449546,2025,,PENDING
,USD,,customerapplication,449547,2025,,PENDING
,USD,,customerapplication,449548,2025,,PENDING
,USD,,customerapplication,449549,2025,,PENDING
,USD,,customerapplication,449550,2025,,PENDING
,USD,,customerapplication,449551,2025,,PENDING
,USD,,customerapplication,449552,2025,,PENDING
,USD,,customerapplication,449553,2025,,PENDING
,USD,,customerapplication,449554,2025,,PENDING
,USD,,customerapplication,449555,2025,,PENDING
,USD,,customerapplication,449557,2025,,PENDING
,USD,,customerapplication,449558,2025,,PENDING
,USD,,customerapplication,449559,2025,,PENDING
,USD,,customerapplication,449560,2025,,PENDING
,USD,,customerapplication,449563,2025,,PENDING
,USD,,customerapplication,449564,2025,,PENDING
,USD,,customerapplication,449566,2025,,PENDING
,USD,,customerapplication,449567,2025,,PENDING
,USD,,customerapplication,449568,2025,,PENDING
,USD,,customerapplication,449569,2025,,PENDING
,USD,,customerapplication,449570,2025,,PENDING
,USD,,customerapplication,449571,2025,,PENDING
,USD,,customerapplication,449572,2025,,PENDING
,USD,,customerapplication,449573,2025,,PENDING
,USD,,customerapplication,449574,2025,,PENDING
,USD,,customerapplication,449575,2025,,PENDING
,USD,,customerapplication,449576,2025,,PENDING
,USD,,customerapplication,449577,2025,,PENDING
,USD,,customerapplication,449580,2025,,PENDING
,USD,,customerapplication,449581,2025,,PENDING
,USD,,customerapplication,449582,2025,,PENDING
,USD,,customerapplication,449583,2025,,PENDING
,USD,,customerapplication,449584,2025,,PENDING
,USD,,customerapplication,449585,2025,,PENDING
,USD,,customerapplication,449586,2025,,PENDING
,USD,,customerapplication,449587,2025,,PENDING
,USD,,customerapplication,449588,2025,,PENDING
,USD,,customerapplication,449589,2025,,PENDING
,USD,,customerapplication,449590,2025,,PENDING
,USD,,customerapplication,449591,2025,,PENDING
,USD,,customerapplication,449592,2025,,PENDING
,USD,,customerapplication,449593,2025,,PENDING
,USD,,customerapplication,449594,2025,,PENDING
,USD,,customerapplication,449595,2025,,PENDING
,USD,,customerapplication,449596,2025,,PENDING
,USD,,customerapplication,449597,2025,,PENDING
,USD,,customerapplication,449598,2025,,PENDING
,USD,,customerapplication,449599,2025,,PENDING
,USD,,customerapplication,449600,2025,,PENDING
,USD,,customerapplication,449601,2025,,PENDING
,USD,,customerapplication,449602,2025,,PENDING
,USD,,customerapplication,449603,2025,,PENDING
,USD,,customerapplication,449604,2025,,PENDING
,USD,,customerapplication,449605,2025,,PENDING
,USD,,customerapplication,449607,2025,,PENDING
,USD,,customerapplication,449608,2025,,PENDING
,USD,,customerapplication,449609,2025,,PENDING
,USD,,customerapplication,449610,2025,,PENDING
,USD,,customerapplication,449611,2025,,PENDING
,USD,,customerapplication,449612,2025,,PENDING
,USD,,customerapplication,449613,2025,,PENDING
,USD,,customerapplication,449615,2025,,PENDING
,USD,,customerapplication,449617,2025,,PENDING
,USD,,customerapplication,449618,2025,,PENDING
,USD,,customerapplication,449619,2025,,PENDING
,USD,,customerapplication,449620,2025,,PENDING
,USD,,customerapplication,449621,2025,,PENDING
,USD,,customerapplication,449622,2025,,PENDING
,USD,,customerapplication,449623,2025,,PENDING
,USD,,customerapplication,449624,2025,,PENDING
,USD,,customerapplication,449625,2025,,PENDING
,USD,,customerapplication,449626,2025,,PENDING
,USD,,customerapplication,449629,2025,,PENDING
,USD,,customerapplication,449630,2025,,PENDING
,USD,,customerapplication,449631,2025,,PENDING
,USD,,customerapplication,449632,2025,,PENDING
,USD,,customerapplication,449634,2025,,PENDING
,USD,,customerapplication,449635,2025,,PENDING
,USD,,customerapplication,449636,2025,,PENDING
,USD,,customerapplication,449637,2025,,PENDING
,USD,,customerapplication,449638,2025,,PENDING
,USD,,customerapplication,449639,2025,,PENDING
,USD,,customerapplication,449640,2025,,PENDING
,USD,,customerapplication,449641,2025,,PENDING
,USD,,customerapplication,449643,2025,,PENDING
,USD,,customerapplication,449644,2025,,PENDING
,USD,,customerapplication,449645,2025,,PENDING
,USD,,customerapplication,449646,2025,,PENDING
,USD,,customerapplication,449647,2025,,PENDING
,USD,,customerapplication,449648,2025,,PENDING
,USD,,customerapplication,449649,2025,,PENDING
,USD,,customerapplication,449652,2025,,PENDING
,USD,,customerapplication,449653,2025,,PENDING
,USD,,customerapplication,449654,2025,,PENDING
,USD,,customerapplication,449655,2025,,PENDING
,USD,,customerapplication,449657,2025,,PENDING
,USD,,customerapplication,449658,2025,,PENDING
,USD,,customerapplication,449659,2025,,PENDING
,USD,,customerapplication,449660,2025,,PENDING
,USD,,customerapplication,449662,2025,,PENDING
,USD,,customerapplication,449663,2025,,PENDING
,USD,,customerapplication,449664,2025,,PENDING
,USD,,customerapplication,449665,2025,,PENDING
,USD,,customerapplication,449666,2025,,PENDING
,USD,,customerapplication,449667,2025,,PENDING
,USD,,customerapplication,449668,2025,,PENDING
,USD,,customerapplication,449669,2025,,PENDING
,USD,,customerapplication,449670,2025,,PENDING
,USD,,customerapplication,449671,2025,,PENDING
,USD,,customerapplication,449672,2025,,PENDING
,USD,,customerapplication,449673,2025,,PENDING
,USD,,customerapplication,449674,2025,,PENDING
,USD,,customerapplication,449675,2025,,PENDING
,USD,,customerapplication,449676,2025,,PENDING
,USD,,customerapplication,449677,2025,,PENDING
,USD,,customerapplication,449678,2025,,PENDING
,USD,,customerapplication,449679,2025,,PENDING
,USD,,customerapplication,449680,2025,,PENDING
,USD,,customerapplication,449681,2025,,PENDING
,USD,,customerapplication,449683,2025,,PENDING
,USD,,customerapplication,449684,2025,,PENDING
,USD,,customerapplication,449685,2025,,PENDING
,USD,,customerapplication,449686,2025,,PENDING
,USD,,customerapplication,449687,2025,,PENDING
,USD,,customerapplication,449688,2025,,PENDING
,USD,,customerapplication,449689,2025,,PENDING
,USD,,customerapplication,449690,2025,,PENDING
,USD,,customerapplication,449691,2025,,PENDING
,USD,,customerapplication,449692,2025,,PENDING
,USD,,customerapplication,449693,2025,,PENDING
,USD,,customerapplication,449694,2025,,PENDING
,USD,,customerapplication,449695,2025,,PENDING
,USD,,customerapplication,449696,2025,,PENDING
,USD,,customerapplication,449697,2025,,PENDING
,USD,,customerapplication,449698,2025,,PENDING
,USD,,customerapplication,449699,2025,,PENDING
,USD,,customerapplication,449700,2025,,PENDING
,USD,,customerapplication,449701,2025,,PENDING
,USD,,customerapplication,449702,2025,,PENDING
,USD,,customerapplication,449703,2025,,PENDING
,USD,,customerapplication,449704,2025,,PENDING
,USD,,customerapplication,449705,2025,,PENDING
,USD,,customerapplication,449706,2025,,PENDING
,USD,,customerapplication,449707,2025,,PENDING
,USD,,customerapplication,449708,2025,,PENDING
,USD,,customerapplication,449709,2025,,PENDING
,USD,,customerapplication,449710,2025,,PENDING
,USD,,customerapplication,449711,2025,,PENDING
,USD,,customerapplication,449712,2025,,PENDING
,USD,,customerapplication,449713,2025,,PENDING
,USD,,customerapplication,449714,2025,,PENDING
,USD,,customerapplication,449715,2025,,PENDING
,USD,,customerapplication,449716,2025,,PENDING
,USD,,customerapplication,449717,2025,,PENDING
,USD,,customerapplication,449718,2025,,PENDING
,USD,,customerapplication,449719,2025,,PENDING
,USD,,customerapplication,449720,2025,,PENDING
,USD,,customerapplication,449721,2025,,PENDING
,USD,,customerapplication,449722,2025,,PENDING
,USD,,customerapplication,449723,2025,,PENDING
,USD,,customerapplication,449724,2025,,PENDING
,USD,,customerapplication,449725,2025,,PENDING
,USD,,customerapplication,449726,2025,,PENDING
,USD,,customerapplication,449727,2025,,PENDING
,USD,,customerapplication,449730,2025,,PENDING
,USD,,customerapplication,449732,2025,,PENDING
,USD,,customerapplication,449733,2025,,PENDING
,USD,,customerapplication,449734,2025,,PENDING
,USD,,customerapplication,449735,2025,,PENDING
,USD,,customerapplication,449736,2025,,PENDING
,USD,,customerapplication,449737,2025,,PENDING
,USD,,customerapplication,449738,2025,,PENDING
,USD,,customerapplication,449739,2025,,PENDING
,USD,,customerapplication,449740,2025,,PENDING
,USD,,customerapplication,449741,2025,,PENDING
,USD,,customerapplication,449742,2025,,PENDING
,USD,,customerapplication,449743,2025,,PENDING
,USD,,customerapplication,449744,2025,,PENDING
,USD,,customerapplication,449745,2025,,PENDING
,USD,,customerapplication,449746,2025,,PENDING
,USD,,customerapplication,449747,2025,,PENDING
,USD,,customerapplication,449748,2025,,PENDING
,USD,,customerapplication,449749,2025,,PENDING
,USD,,customerapplication,449750,2025,,PENDING
,USD,,customerapplication,449751,2025,,PENDING
,USD,,customerapplication,449752,2025,,PENDING
,USD,,customerapplication,449753,2025,,PENDING
,USD,,customerapplication,449754,2025,,PENDING
,USD,,customerapplication,449755,2025,,PENDING
,USD,,customerapplication,449756,2025,,PENDING
,USD,,customerapplication,449757,2025,,PENDING
,USD,,customerapplication,449758,2025,,PENDING
,USD,,customerapplication,449759,2025,,PENDING
,USD,,customerapplication,449760,2025,,PENDING
,USD,,customerapplication,449761,2025,,PENDING
,USD,,customerapplication,449762,2025,,PENDING
,USD,,customerapplication,449763,2025,,PENDING
,USD,,customerapplication,449764,2025,,PENDING
,USD,,customerapplication,449765,2025,,PENDING
,USD,,customerapplication,449766,2025,,PENDING
,USD,,customerapplication,449767,2025,,PENDING
,USD,,customerapplication,449768,2025,,PENDING
,USD,,customerapplication,449769,2025,,PENDING
,USD,,customerapplication,449770,2025,,PENDING
,USD,,customerapplication,449773,2025,,PENDING
,USD,,customerapplication,449774,2025,,PENDING
,USD,,customerapplication,449775,2025,,PENDING
,USD,,customerapplication,449776,2025,,PENDING
,USD,,customerapplication,449777,2025,,PENDING
,USD,,customerapplication,449778,2025,,PENDING
,USD,,customerapplication,449779,2025,,PENDING
,USD,,customerapplication,449780,2025,,PENDING
,USD,,customerapplication,449782,2025,,PENDING
,USD,,customerapplication,449771,2025,,PENDING
,USD,,customerapplication,449781,2025,,PENDING
,USD,,customerapplication,449783,2025,,PENDING
,USD,,customerapplication,449784,2025,,PENDING
,USD,,customerapplication,449785,2025,,PENDING
,USD,,customerapplication,449786,2025,,PENDING
,USD,,customerapplication,449787,2025,,PENDING
,USD,,customerapplication,449788,2025,,PENDING
,USD,,customerapplication,449789,2025,,PENDING
,USD,,customerapplication,449790,2025,,PENDING
,USD,,customerapplication,449791,2025,,PENDING
,USD,,customerapplication,449792,2025,,PENDING
,USD,,customerapplication,449793,2025,,PENDING
,USD,,customerapplication,449794,2025,,PENDING
,USD,,customerapplication,449795,2025,,PENDING
,USD,,customerapplication,449796,2025,,PENDING
,USD,,customerapplication,449797,2025,,PENDING
,USD,,customerapplication,449798,2025,,PENDING
,USD,,customerapplication,449799,2025,,PENDING
,USD,,customerapplication,449800,2025,,PENDING
,USD,,customerapplication,449801,2025,,PENDING
,USD,,customerapplication,449802,2025,,PENDING
,USD,,customerapplication,449803,2025,,PENDING
,USD,,customerapplication,449804,2025,,PENDING
,USD,,customerapplication,449805,2025,,PENDING
,USD,,customerapplication,449806,2025,,PENDING
,USD,,customerapplication,449807,2025,,PENDING
,USD,,customerapplication,449808,2025,,PENDING
,USD,,customerapplication,449809,2025,,PENDING
,USD,,customerapplication,449810,2025,,PENDING
,USD,,customerapplication,449811,2025,,PENDING
,USD,,customerapplication,449812,2025,,PENDING
,USD,,customerapplication,449813,2025,,PENDING
,USD,,customerapplication,449814,2025,,PENDING
,USD,,customerapplication,449815,2025,,PENDING
,USD,,customerapplication,449816,2025,,PENDING
,USD,,customerapplication,449817,2025,,PENDING
,USD,,customerapplication,449818,2025,,PENDING
,USD,,customerapplication,449819,2025,,PENDING
,USD,,customerapplication,449820,2025,,PENDING
,USD,,customerapplication,449821,2025,,PENDING
,USD,,customerapplication,449822,2025,,PENDING
,USD,,customerapplication,449823,2025,,PENDING
,USD,,customerapplication,449824,2025,,PENDING
,USD,,customerapplication,449825,2025,,PENDING
,USD,,customerapplication,449828,2025,,PENDING
,USD,,customerapplication,449829,2025,,PENDING
,USD,,customerapplication,449830,2025,,PENDING
,USD,,customerapplication,449831,2025,,PENDING
,USD,,customerapplication,449832,2025,,PENDING
,USD,,customerapplication,449833,2025,,PENDING
,USD,,customerapplication,449835,2025,,PENDING
,USD,,customerapplication,449836,2025,,PENDING
,USD,,customerapplication,449837,2025,,PENDING
,USD,,customerapplication,449838,2025,,PENDING
,USD,,customerapplication,449839,2025,,PENDING
,USD,,customerapplication,449840,2025,,PENDING
,USD,,customerapplication,449841,2025,,PENDING
,USD,,customerapplication,449842,2025,,PENDING
,USD,,customerapplication,449843,2025,,PENDING
,USD,,customerapplication,449844,2025,,PENDING
,USD,,customerapplication,449845,2025,,PENDING
,USD,,customerapplication,449846,2025,,PENDING
,USD,,customerapplication,449847,2025,,PENDING
,USD,,customerapplication,449848,2025,,PENDING
,USD,,customerapplication,449849,2025,,PENDING
,USD,,customerapplication,449850,2025,,PENDING
,USD,,customerapplication,449851,2025,,PENDING
,USD,,customerapplication,449852,2025,,PENDING
,USD,,customerapplication,449853,2025,,PENDING
,USD,,customerapplication,449854,2025,,PENDING
,USD,,customerapplication,449855,2025,,PENDING
,USD,,customerapplication,449856,2025,,PENDING
,USD,,customerapplication,449857,2025,,PENDING
,USD,,customerapplication,449858,2025,,PENDING
,USD,,customerapplication,449859,2025,,PENDING
,USD,,customerapplication,449860,2025,,PENDING
,USD,,customerapplication,449861,2025,,PENDING
,USD,,customerapplication,449862,2025,,PENDING
,USD,,customerapplication,449863,2025,,PENDING
,USD,,customerapplication,449864,2025,,PENDING
,USD,,customerapplication,449865,2025,,PENDING
,USD,,customerapplication,449866,2025,,PENDING
,USD,,customerapplication,449867,2025,,PENDING
,USD,,customerapplication,449868,2025,,PENDING
,USD,,customerapplication,449869,2025,,PENDING
,USD,,customerapplication,449870,2025,,PENDING
,USD,,customerapplication,449872,2025,,PENDING
,USD,,customerapplication,449873,2025,,PENDING
,USD,,customerapplication,449874,2025,,PENDING
,USD,,customerapplication,449875,2025,,PENDING
,USD,,customerapplication,449876,2025,,PENDING
,USD,,customerapplication,449877,2025,,PENDING
,USD,,customerapplication,449878,2025,,PENDING
,USD,,customerapplication,449879,2025,,PENDING
,USD,,customerapplication,449880,2025,,PENDING
,USD,,customerapplication,449881,2025,,PENDING
,USD,,customerapplication,449882,2025,,PENDING
,USD,,customerapplication,449883,2025,,PENDING
,USD,,customerapplication,449884,2025,,PENDING
,USD,,customerapplication,449885,2025,,PENDING
,USD,,customerapplication,449886,2025,,PENDING
,USD,,customerapplication,449887,2025,,PENDING
,USD,,customerapplication,449888,2025,,PENDING
,USD,,customerapplication,449889,2025,,PENDING
,USD,,customerapplication,449890,2025,,PENDING
,USD,,customerapplication,449891,2025,,PENDING
,USD,,customerapplication,449892,2025,,PENDING
,USD,,customerapplication,449893,2025,,PENDING
,USD,,customerapplication,449894,2025,,PENDING
,USD,,customerapplication,449895,2025,,PENDING
,USD,,customerapplication,449896,2025,,PENDING
,USD,,customerapplication,449897,2025,,PENDING
,USD,,customerapplication,449898,2025,,PENDING
,USD,,customerapplication,449899,2025,,PENDING
,USD,,customerapplication,449900,2025,,PENDING
,USD,,customerapplication,449901,2025,,PENDING
,USD,,customerapplication,449902,2025,,PENDING
,USD,,customerapplication,449903,2025,,PENDING
,USD,,customerapplication,449905,2025,,PENDING
,USD,,customerapplication,449906,2025,,PENDING
,USD,,customerapplication,449907,2025,,PENDING
,USD,,customerapplication,449908,2025,,PENDING
,USD,,customerapplication,449909,2025,,PENDING
,USD,,customerapplication,449910,2025,,PENDING
,USD,,customerapplication,449911,2025,,PENDING
,USD,,customerapplication,449912,2025,,PENDING
,USD,,customerapplication,449913,2025,,PENDING
,USD,,customerapplication,449914,2025,,PENDING
,USD,,customerapplication,449915,2025,,PENDING
,USD,,customerapplication,449916,2025,,PENDING
,USD,,customerapplication,449917,2025,,PENDING
,USD,,customerapplication,449918,2025,,PENDING
,USD,,customerapplication,449919,2025,,PENDING
,USD,,customerapplication,449920,2025,,PENDING
,USD,,customerapplication,449921,2025,,PENDING
,USD,,customerapplication,449922,2025,,PENDING
,USD,,customerapplication,449923,2025,,PENDING
,USD,,customerapplication,449924,2025,,PENDING
,USD,,customerapplication,449925,2025,,PENDING
,USD,,customerapplication,449926,2025,,PENDING
,USD,,customerapplication,449927,2025,,PENDING
,USD,,customerapplication,449928,2025,,PENDING
,USD,,customerapplication,449929,2025,,PENDING
,USD,,customerapplication,449930,2025,,PENDING
,USD,,customerapplication,449931,2025,,PENDING
,USD,,customerapplication,449932,2025,,PENDING
,USD,,customerapplication,449933,2025,,PENDING
,USD,,customerapplication,449934,2025,,PENDING
,USD,,customerapplication,449935,2025,,PENDING
,USD,,customerapplication,449936,2025,,PENDING
,USD,,customerapplication,449937,2025,,PENDING
,USD,,customerapplication,449938,2025,,PENDING
,USD,,customerapplication,449939,2025,,PENDING
,USD,,customerapplication,449940,2025,,PENDING
,USD,,customerapplication,449941,2025,,PENDING
,USD,,customerapplication,449943,2025,,PENDING
,USD,,customerapplication,449944,2025,,PENDING
,USD,,customerapplication,449945,2025,,PENDING
,USD,,customerapplication,449946,2025,,PENDING
,USD,,customerapplication,449947,2025,,PENDING
,USD,,customerapplication,449948,2025,,PENDING
,USD,,customerapplication,449949,2025,,PENDING
,USD,,customerapplication,449950,2025,,PENDING
,USD,,customerapplication,449951,2025,,PENDING
,USD,,customerapplication,449952,2025,,PENDING
,USD,,customerapplication,449953,2025,,PENDING
,USD,,customerapplication,449954,2025,,PENDING
,USD,,customerapplication,449955,2025,,PENDING
,USD,,customerapplication,449956,2025,,PENDING
,USD,,customerapplication,449957,2025,,PENDING
,USD,,customerapplication,449958,2025,,PENDING
,USD,,customerapplication,449959,2025,,PENDING
,USD,,customerapplication,449960,2025,,PENDING
,USD,,customerapplication,449961,2025,,PENDING
,USD,,customerapplication,449962,2025,,PENDING
,USD,,customerapplication,449963,2025,,PENDING
,USD,,customerapplication,449964,2025,,PENDING
,USD,,customerapplication,449965,2025,,PENDING
,USD,,customerapplication,449966,2025,,PENDING
,USD,,customerapplication,449967,2025,,PENDING
,USD,,customerapplication,449968,2025,,PENDING
,USD,,customerapplication,449969,2025,,PENDING
,USD,,customerapplication,449970,2025,,PENDING
,USD,,customerapplication,449971,2025,,PENDING
,USD,,customerapplication,449972,2025,,PENDING
,USD,,customerapplication,449973,2025,,PENDING
,USD,,customerapplication,449974,2025,,PENDING
,USD,,customerapplication,449975,2025,,PENDING
,USD,,customerapplication,449976,2025,,PENDING
,USD,,customerapplication,449977,2025,,PENDING
,USD,,customerapplication,449978,2025,,PENDING
,USD,,customerapplication,449979,2025,,PENDING
,USD,,customerapplication,449980,2025,,PENDING
,USD,,customerapplication,449981,2025,,PENDING
,USD,,customerapplication,449982,2025,,PENDING
,USD,,customerapplication,449983,2025,,PENDING
,USD,,customerapplication,449984,2025,,PENDING
,USD,,customerapplication,449985,2025,,PENDING
,USD,,customerapplication,449986,2025,,PENDING
,USD,,customerapplication,449987,2025,,PENDING
,USD,,customerapplication,449988,2025,,PENDING
,USD,,customerapplication,449989,2025,,PENDING
,USD,,customerapplication,449990,2025,,PENDING
,USD,,customerapplication,449991,2025,,PENDING
,USD,,customerapplication,449992,2025,,PENDING
,USD,,customerapplication,449994,2025,,PENDING
,USD,,customerapplication,449995,2025,,PENDING
,USD,,customerapplication,449996,2025,,PENDING
,USD,,customerapplication,449997,2025,,PENDING
,USD,,customerapplication,449998,2025,,PENDING
,USD,,customerapplication,449999,2025,,PENDING
,USD,,customerapplication,450000,2025,,PENDING
,USD,,customerapplication,450001,2025,,PENDING
,USD,,customerapplication,450002,2025,,PENDING
,USD,,customerapplication,450005,2025,,PENDING
,USD,,customerapplication,450006,2025,,PENDING
,USD,,customerapplication,450008,2025,,PENDING
,USD,,customerapplication,450009,2025,,PENDING
,USD,,customerapplication,450011,2025,,PENDING
,USD,,customerapplication,450012,2025,,PENDING
,USD,,customerapplication,450013,2025,,PENDING
,USD,,customerapplication,450014,2025,,PENDING
,USD,,customerapplication,450015,2025,,PENDING
,USD,,customerapplication,450016,2025,,PENDING
,USD,,customerapplication,450017,2025,,PENDING
,USD,,customerapplication,450018,2025,,PENDING
,USD,,customerapplication,450019,2025,,PENDING
,USD,,customerapplication,450020,2025,,PENDING
,USD,,customerapplication,450021,2025,,PENDING
,USD,,customerapplication,450022,2025,,PENDING
,USD,,customerapplication,450023,2025,,PENDING
,USD,,customerapplication,450024,2025,,PENDING
,USD,,customerapplication,450025,2025,,PENDING
,USD,,customerapplication,450026,2025,,PENDING
,USD,,customerapplication,450027,2025,,PENDING
,USD,,customerapplication,450028,2025,,PENDING
,USD,,customerapplication,450029,2025,,PENDING
,USD,,customerapplication,450030,2025,,PENDING
,USD,,customerapplication,450031,2025,,PENDING
,USD,,customerapplication,450032,2025,,PENDING
,USD,,customerapplication,450033,2025,,PENDING
,USD,,customerapplication,450034,2025,,PENDING
,USD,,customerapplication,450035,2025,,PENDING
,USD,,customerapplication,450037,2025,,PENDING
,USD,,customerapplication,450038,2025,,PENDING
,USD,,customerapplication,450039,2025,,PENDING
,USD,,customerapplication,450040,2025,,PENDING
,USD,,customerapplication,450041,2025,,PENDING
,USD,,customerapplication,450042,2025,,PENDING
,USD,,customerapplication,450043,2025,,PENDING
,USD,,customerapplication,450044,2025,,PENDING
,USD,,customerapplication,450045,2025,,PENDING
,USD,,customerapplication,450046,2025,,PENDING
,USD,,customerapplication,450047,2025,,PENDING
,USD,,customerapplication,450048,2025,,PENDING
,USD,,customerapplication,450049,2025,,PENDING
,USD,,customerapplication,450050,2025,,PENDING
,USD,,customerapplication,450051,2025,,PENDING
,USD,,customerapplication,450052,2025,,PENDING
,USD,,customerapplication,450053,2025,,PENDING
,USD,,customerapplication,450054,2025,,PENDING
,USD,,customerapplication,450055,2025,,PENDING
,USD,,customerapplication,450056,2025,,PENDING
,USD,,customerapplication,450057,2025,,PENDING
,USD,,customerapplication,450058,2025,,PENDING
,USD,,customerapplication,450059,2025,,PENDING
,USD,,customerapplication,450060,2025,,PENDING
,USD,,customerapplication,450061,2025,,PENDING
,USD,,customerapplication,450062,2025,,PENDING
,USD,,customerapplication,450063,2025,,PENDING
,USD,,customerapplication,450064,2025,,PENDING
,USD,,customerapplication,450065,2025,,PENDING
,USD,,customerapplication,450066,2025,,PENDING
,USD,,customerapplication,450067,2025,,PENDING
,USD,,customerapplication,450068,2025,,PENDING
,USD,,customerapplication,450069,2025,,PENDING
,USD,,customerapplication,450070,2025,,PENDING
,USD,,customerapplication,450071,2025,,PENDING
,USD,,customerapplication,450072,2025,,PENDING
,USD,,customerapplication,450073,2025,,PENDING
,USD,,customerapplication,450074,2025,,PENDING
,USD,,customerapplication,450075,2025,,PENDING
,USD,,customerapplication,450076,2025,,PENDING
,USD,,customerapplication,450077,2025,,PENDING
,USD,,customerapplication,450078,2025,,PENDING
,USD,,customerapplication,450079,2025,,PENDING
,USD,,customerapplication,450080,2025,,PENDING
,USD,,customerapplication,450081,2025,,PENDING
,USD,,customerapplication,450082,2025,,PENDING
,USD,,customerapplication,450083,2025,,PENDING
,USD,,customerapplication,450084,2025,,PENDING
,USD,,customerapplication,450085,2025,,PENDING
,USD,,customerapplication,450086,2025,,PENDING
,USD,,customerapplication,450087,2025,,PENDING
,USD,,customerapplication,450088,2025,,PENDING
,USD,,customerapplication,450089,2025,,PENDING
,USD,,customerapplication,450090,2025,,PENDING
,USD,,customerapplication,450091,2025,,PENDING
,USD,,customerapplication,450092,2025,,PENDING
,USD,,customerapplication,450093,2025,,PENDING
,USD,,customerapplication,450094,2025,,PENDING
,USD,,customerapplication,450095,2025,,PENDING
,USD,,customerapplication,450096,2025,,PENDING
,USD,,customerapplication,450097,2025,,PENDING
,USD,,customerapplication,450098,2025,,PENDING
,USD,,customerapplication,450099,2025,,PENDING
,USD,,customerapplication,450100,2025,,PENDING
,USD,,customerapplication,450101,2025,,PENDING
,USD,,customerapplication,450102,2025,,PENDING
,USD,,customerapplication,450103,2025,,PENDING
,USD,,customerapplication,450104,2025,,PENDING
,USD,,customerapplication,450105,2025,,PENDING
,USD,,customerapplication,450106,2025,,PENDING
,USD,,customerapplication,450107,2025,,PENDING
,USD,,customerapplication,450108,2025,,PENDING
,USD,,customerapplication,450109,2025,,PENDING
,USD,,customerapplication,450110,2025,,PENDING
,USD,,customerapplication,450111,2025,,PENDING
,USD,,customerapplication,450112,2025,,PENDING
,USD,,customerapplication,450113,2025,,PENDING
,USD,,customerapplication,450114,2025,,PENDING
,USD,,customerapplication,450115,2025,,PENDING
,USD,,customerapplication,450116,2025,,PENDING
,USD,,customerapplication,450117,2025,,PENDING
,USD,,customerapplication,450118,2025,,PENDING
,USD,,customerapplication,450119,2025,,PENDING
,USD,,customerapplication,450120,2025,,PENDING
,USD,,customerapplication,450121,2025,,PENDING
,USD,,customerapplication,450122,2025,,PENDING
,USD,,customerapplication,450123,2025,,PENDING
,USD,,customerapplication,450124,2025,,PENDING
,USD,,customerapplication,450125,2025,,PENDING
,USD,,customerapplication,450126,2025,,PENDING
,USD,,customerapplication,450127,2025,,PENDING
,USD,,customerapplication,450132,2025,,PENDING
,USD,,customerapplication,450133,2025,,PENDING
,USD,,customerapplication,450134,2025,,PENDING
,USD,,customerapplication,450135,2025,,PENDING
,USD,,customerapplication,450136,2025,,PENDING
,USD,,customerapplication,450137,2025,,PENDING
,USD,,customerapplication,450138,2025,,PENDING
,USD,,customerapplication,450139,2025,,PENDING
,USD,,customerapplication,450140,2025,,PENDING
,USD,,customerapplication,450141,2025,,PENDING
,USD,,customerapplication,450142,2025,,PENDING
,USD,,customerapplication,450143,2025,,PENDING
,USD,,customerapplication,450144,2025,,PENDING
,USD,,customerapplication,450145,2025,,PENDING
,USD,,customerapplication,450146,2025,,PENDING
,USD,,customerapplication,450147,2025,,PENDING
,USD,,customerapplication,450148,2025,,PENDING
,USD,,customerapplication,450149,2025,,PENDING
,USD,,customerapplication,450150,2025,,PENDING
,USD,,customerapplication,450151,2025,,PENDING
,USD,,customerapplication,450152,2025,,PENDING
,USD,,customerapplication,450153,2025,,PENDING
,USD,,customerapplication,450154,2025,,PENDING
,USD,,customerapplication,450155,2025,,PENDING
,USD,,customerapplication,450156,2025,,PENDING
,USD,,customerapplication,450157,2025,,PENDING
,USD,,customerapplication,450158,2025,,PENDING
,USD,,customerapplication,450159,2025,,PENDING
,USD,,customerapplication,450160,2025,,PENDING
,USD,,customerapplication,450161,2025,,PENDING
,USD,,customerapplication,450162,2025,,PENDING
,USD,,customerapplication,450163,2025,,PENDING
,USD,,customerapplication,450164,2025,,PENDING
,USD,,customerapplication,450165,2025,,PENDING
,USD,,customerapplication,450166,2025,,PENDING
,USD,,customerapplication,450167,2025,,PENDING
,USD,,customerapplication,450168,2025,,PENDING
,USD,,customerapplication,450169,2025,,PENDING
,USD,,customerapplication,450170,2025,,PENDING
,USD,,customerapplication,450171,2025,,PENDING
,USD,,customerapplication,450172,2025,,PENDING
,USD,,customerapplication,450173,2025,,PENDING
,USD,,customerapplication,450174,2025,,PENDING
,USD,,customerapplication,450175,2025,,PENDING
,USD,,customerapplication,450177,2025,,PENDING
,USD,,customerapplication,450178,2025,,PENDING
,USD,,customerapplication,450179,2025,,PENDING
,USD,,customerapplication,450180,2025,,PENDING
,USD,,customerapplication,450181,2025,,PENDING
,USD,,customerapplication,450183,2025,,PENDING
,USD,,customerapplication,450184,2025,,PENDING
,USD,,customerapplication,450185,2025,,PENDING
,USD,,customerapplication,450186,2025,,PENDING
,USD,,customerapplication,450187,2025,,PENDING
,USD,,customerapplication,450188,2025,,PENDING
,USD,,customerapplication,450189,2025,,PENDING
,USD,,customerapplication,450190,2025,,PENDING
,USD,,customerapplication,450191,2025,,PENDING
,USD,,customerapplication,450192,2025,,PENDING
,USD,,customerapplication,450193,2025,,PENDING
,USD,,customerapplication,450194,2025,,PENDING
,USD,,customerapplication,450195,2025,,PENDING
,USD,,customerapplication,450196,2025,,PENDING
,USD,,customerapplication,450197,2025,,PENDING
,USD,,customerapplication,450198,2025,,PENDING
,USD,,customerapplication,450199,2025,,PENDING
,USD,,customerapplication,450200,2025,,PENDING
,USD,,customerapplication,450201,2025,,PENDING
,USD,,customerapplication,450202,2025,,PENDING
,USD,,customerapplication,450203,2025,,PENDING
,USD,,customerapplication,450204,2025,,PENDING
,USD,,customerapplication,450205,2025,,PENDING
,USD,,customerapplication,450206,2025,,PENDING
,USD,,customerapplication,450207,2025,,PENDING
,USD,,customerapplication,450208,2025,,PENDING
,USD,,customerapplication,450209,2025,,PENDING
,USD,,customerapplication,450210,2025,,PENDING
,USD,,customerapplication,450211,2025,,PENDING
,USD,,customerapplication,450212,2025,,PENDING
,USD,,customerapplication,450213,2025,,PENDING
,USD,,customerapplication,450214,2025,,PENDING
,USD,,customerapplication,450215,2025,,PENDING
,USD,,customerapplication,450216,2025,,PENDING
,USD,,customerapplication,450217,2025,,PENDING
,USD,,customerapplication,450218,2025,,PENDING
,USD,,customerapplication,450219,2025,,PENDING
,USD,,customerapplication,450220,2025,,PENDING
,USD,,customerapplication,450221,2025,,PENDING
,USD,,customerapplication,450222,2025,,PENDING
,USD,,customerapplication,450223,2025,,PENDING
,USD,,customerapplication,450224,2025,,PENDING
,USD,,customerapplication,450225,2025,,PENDING
,USD,,customerapplication,450226,2025,,PENDING
,USD,,customerapplication,450227,2025,,PENDING
,USD,,customerapplication,450228,2025,,PENDING
,USD,,customerapplication,450229,2025,,PENDING
,USD,,customerapplication,450230,2025,,PENDING
,USD,,customerapplication,450231,2025,,PENDING
,USD,,customerapplication,450232,2025,,PENDING
,USD,,customerapplication,450233,2025,,PENDING
,USD,,customerapplication,450131,2025,,PENDING
,USD,,customerapplication,450234,2025,,PENDING
,USD,,customerapplication,450235,2025,,PENDING
,USD,,customerapplication,450236,2025,,PENDING
,USD,,customerapplication,450237,2025,,PENDING
,USD,,customerapplication,450238,2025,,PENDING
,USD,,customerapplication,450239,2025,,PENDING
,USD,,customerapplication,450241,2025,,PENDING
,USD,,customerapplication,450242,2025,,PENDING
,USD,,customerapplication,450243,2025,,PENDING
,USD,,customerapplication,450244,2025,,PENDING
,USD,,customerapplication,450245,2025,,PENDING
,USD,,customerapplication,450246,2025,,PENDING
,USD,,customerapplication,450247,2025,,PENDING
,USD,,customerapplication,450248,2025,,PENDING
,USD,,customerapplication,450249,2025,,PENDING
,USD,,customerapplication,450250,2025,,PENDING
,USD,,customerapplication,450251,2025,,PENDING
,USD,,customerapplication,450252,2025,,PENDING
,USD,,customerapplication,450253,2025,,PENDING
,USD,,customerapplication,450254,2025,,PENDING
,USD,,customerapplication,450255,2025,,PENDING
,USD,,customerapplication,450256,2025,,PENDING
,USD,,customerapplication,450257,2025,,PENDING
,USD,,customerapplication,450258,2025,,PENDING
,USD,,customerapplication,450259,2025,,PENDING
,USD,,customerapplication,450260,2025,,PENDING
,USD,,customerapplication,450261,2025,,PENDING
,USD,,customerapplication,450262,2025,,PENDING
,USD,,customerapplication,450263,2025,,PENDING
,USD,,customerapplication,450264,2025,,PENDING
,USD,,customerapplication,450265,2025,,PENDING
,USD,,customerapplication,450266,2025,,PENDING
,USD,,customerapplication,450267,2025,,PENDING
,USD,,customerapplication,450268,2025,,PENDING
,USD,,customerapplication,450269,2025,,PENDING
,USD,,customerapplication,450270,2025,,PENDING
,USD,,customerapplication,450271,2025,,PENDING
,USD,,customerapplication,450272,2025,,PENDING
,USD,,customerapplication,450273,2025,,PENDING
,USD,,customerapplication,450274,2025,,PENDING
,USD,,customerapplication,450275,2025,,PENDING
,USD,,customerapplication,450276,2025,,PENDING
,USD,,customerapplication,450277,2025,,PENDING
,USD,,customerapplication,450278,2025,,PENDING
,USD,,customerapplication,450279,2025,,PENDING
,USD,,customerapplication,450280,2025,,PENDING
,USD,,customerapplication,450281,2025,,PENDING
,USD,,customerapplication,450282,2025,,PENDING
,USD,,customerapplication,450283,2025,,PENDING
,USD,,customerapplication,450284,2025,,PENDING
,USD,,customerapplication,450285,2025,,PENDING
,USD,,customerapplication,450286,2025,,PENDING
,USD,,customerapplication,450287,2025,,PENDING
,USD,,customerapplication,450288,2025,,PENDING
,USD,,customerapplication,450289,2025,,PENDING
,USD,,customerapplication,450290,2025,,PENDING
,USD,,customerapplication,450291,2025,,PENDING
,USD,,customerapplication,450292,2025,,PENDING
,USD,,customerapplication,450293,2025,,PENDING
,USD,,customerapplication,450294,2025,,PENDING
,USD,,customerapplication,450295,2025,,PENDING
,USD,,customerapplication,450296,2025,,PENDING
,USD,,customerapplication,450297,2025,,PENDING
,USD,,customerapplication,450298,2025,,PENDING
,USD,,customerapplication,450299,2025,,PENDING
,USD,,customerapplication,450300,2025,,PENDING
,USD,,customerapplication,450301,2025,,PENDING
,USD,,customerapplication,450302,2025,,PENDING
,USD,,customerapplication,450303,2025,,PENDING
,USD,,customerapplication,450304,2025,,PENDING
,USD,,customerapplication,450305,2025,,PENDING
,USD,,customerapplication,450306,2025,,PENDING
,USD,,customerapplication,450307,2025,,PENDING
,USD,,customerapplication,450308,2025,,PENDING
,USD,,customerapplication,450309,2025,,PENDING
,USD,,customerapplication,450310,2025,,PENDING
,USD,,customerapplication,450311,2025,,PENDING
,USD,,customerapplication,450312,2025,,PENDING
,USD,,customerapplication,450313,2025,,PENDING
,USD,,customerapplication,450314,2025,,PENDING
,USD,,customerapplication,450315,2025,,PENDING
,USD,,customerapplication,450316,2025,,PENDING
,USD,,customerapplication,450317,2025,,PENDING
,USD,,customerapplication,450318,2025,,PENDING
,USD,,customerapplication,450319,2025,,PENDING
,USD,,customerapplication,450320,2025,,PENDING
,USD,,customerapplication,450321,2025,,PENDING
,USD,,customerapplication,450322,2025,,PENDING
,USD,,customerapplication,450323,2025,,PENDING
,USD,,customerapplication,450324,2025,,PENDING
,USD,,customerapplication,450325,2025,,PENDING
,USD,,customerapplication,450326,2025,,PENDING
,USD,,customerapplication,450327,2025,,PENDING
,USD,,customerapplication,450328,2025,,PENDING
,USD,,customerapplication,450329,2025,,PENDING
,USD,,customerapplication,450330,2025,,PENDING
,USD,,customerapplication,450331,2025,,PENDING
,USD,,customerapplication,450332,2025,,PENDING
,USD,,customerapplication,450333,2025,,PENDING
,USD,,customerapplication,450334,2025,,PENDING
,USD,,customerapplication,450335,2025,,PENDING
,USD,,customerapplication,450336,2025,,PENDING
,USD,,customerapplication,450337,2025,,PENDING
,USD,,customerapplication,450338,2025,,PENDING
,USD,,customerapplication,450339,2025,,PENDING
,USD,,customerapplication,450340,2025,,PENDING
,USD,,customerapplication,450342,2025,,PENDING
,USD,,customerapplication,450343,2025,,PENDING
,USD,,customerapplication,450344,2025,,PENDING
,USD,,customerapplication,450345,2025,,PENDING
,USD,,customerapplication,450346,2025,,PENDING
,USD,,customerapplication,450347,2025,,PENDING
,USD,,customerapplication,450348,2025,,PENDING
,USD,,customerapplication,450349,2025,,PENDING
,USD,,customerapplication,450350,2025,,PENDING
,USD,,customerapplication,450351,2025,,PENDING
,USD,,customerapplication,450352,2025,,PENDING
,USD,,customerapplication,450353,2025,,PENDING
,USD,,customerapplication,450354,2025,,PENDING
,USD,,customerapplication,450355,2025,,PENDING
,USD,,customerapplication,450356,2025,,PENDING
,USD,,customerapplication,450357,2025,,PENDING
,USD,,customerapplication,450358,2025,,PENDING
,USD,,customerapplication,450359,2025,,PENDING
,USD,,customerapplication,450360,2025,,PENDING
,USD,,customerapplication,450362,2025,,PENDING
,USD,,customerapplication,450363,2025,,PENDING
,USD,,customerapplication,450364,2025,,PENDING
,USD,,customerapplication,450365,2025,,PENDING
,USD,,customerapplication,450366,2025,,PENDING
,USD,,customerapplication,450367,2025,,PENDING
,USD,,customerapplication,450368,2025,,PENDING
,USD,,customerapplication,450369,2025,,PENDING
,USD,,customerapplication,450370,2025,,PENDING
,USD,,customerapplication,450372,2025,,PENDING
,USD,,customerapplication,450373,2025,,PENDING
,USD,,customerapplication,450374,2025,,PENDING
,USD,,customerapplication,450375,2025,,PENDING
,USD,,customerapplication,450376,2025,,PENDING
,USD,,customerapplication,450377,2025,,PENDING
,USD,,customerapplication,450378,2025,,PENDING
,USD,,customerapplication,450380,2025,,PENDING
,USD,,customerapplication,450381,2025,,PENDING
,USD,,customerapplication,450382,2025,,PENDING
,USD,,customerapplication,450383,2025,,PENDING
,USD,,customerapplication,450384,2025,,PENDING
,USD,,customerapplication,450385,2025,,PENDING
,USD,,customerapplication,450386,2025,,PENDING
,USD,,customerapplication,450387,2025,,PENDING
,USD,,customerapplication,450388,2025,,PENDING
,USD,,customerapplication,450389,2025,,PENDING
,USD,,customerapplication,450371,2025,,PENDING
,USD,,customerapplication,450390,2025,,PENDING
,USD,,customerapplication,450391,2025,,PENDING
,USD,,customerapplication,450392,2025,,PENDING
,USD,,customerapplication,450393,2025,,PENDING
,USD,,customerapplication,450394,2025,,PENDING
,USD,,customerapplication,450395,2025,,PENDING
,USD,,customerapplication,450396,2025,,PENDING
,USD,,customerapplication,450397,2025,,PENDING
,USD,,customerapplication,450398,2025,,PENDING
,USD,,customerapplication,450399,2025,,PENDING
,USD,,customerapplication,450400,2025,,PENDING
,USD,,customerapplication,450401,2025,,PENDING
,USD,,customerapplication,450402,2025,,PENDING
,USD,,customerapplication,450403,2025,,PENDING
,USD,,customerapplication,450404,2025,,PENDING
,USD,,customerapplication,450405,2025,,PENDING
,USD,,customerapplication,450406,2025,,PENDING
,USD,,customerapplication,450407,2025,,PENDING
,USD,,customerapplication,450408,2025,,PENDING
,USD,,customerapplication,450409,2025,,PENDING
,USD,,customerapplication,450410,2025,,PENDING
,USD,,customerapplication,450411,2025,,PENDING
,USD,,customerapplication,450412,2025,,PENDING
,USD,,customerapplication,450413,2025,,PENDING
,USD,,customerapplication,450414,2025,,PENDING
,USD,,customerapplication,450415,2025,,PENDING
,USD,,customerapplication,450416,2025,,PENDING
,USD,,customerapplication,450417,2025,,PENDING
,USD,,customerapplication,450418,2025,,PENDING
,USD,,customerapplication,450419,2025,,PENDING
,USD,,customerapplication,450420,2025,,PENDING
,USD,,customerapplication,450421,2025,,PENDING
,USD,,customerapplication,450422,2025,,PENDING
,USD,,customerapplication,450425,2025,,PENDING
,USD,,customerapplication,450426,2025,,PENDING
,USD,,customerapplication,450427,2025,,PENDING
,USD,,customerapplication,450428,2025,,PENDING
,USD,,customerapplication,450429,2025,,PENDING
,USD,,customerapplication,450430,2025,,PENDING
,USD,,customerapplication,450431,2025,,PENDING
,USD,,customerapplication,450432,2025,,PENDING
,USD,,customerapplication,450433,2025,,PENDING
,USD,,customerapplication,450434,2025,,PENDING
,USD,,customerapplication,450435,2025,,PENDING
,USD,,customerapplication,450436,2025,,PENDING
,USD,,customerapplication,450437,2025,,PENDING
,USD,,customerapplication,450438,2025,,PENDING
,USD,,customerapplication,450439,2025,,PENDING
,USD,,customerapplication,450440,2025,,PENDING
,USD,,customerapplication,450441,2025,,PENDING
,USD,,customerapplication,450442,2025,,PENDING
,USD,,customerapplication,450443,2025,,PENDING
,USD,,customerapplication,450444,2025,,PENDING
,USD,,customerapplication,450445,2025,,PENDING
,USD,,customerapplication,450446,2025,,PENDING
,USD,,customerapplication,450447,2025,,PENDING
,USD,,customerapplication,450448,2025,,PENDING
,USD,,customerapplication,450449,2025,,PENDING
,USD,,customerapplication,450450,2025,,PENDING
,USD,,customerapplication,450451,2025,,PENDING
,USD,,customerapplication,450452,2025,,PENDING
,USD,,customerapplication,450453,2025,,PENDING
,USD,,customerapplication,450454,2025,,PENDING
,USD,,customerapplication,450455,2025,,PENDING
,USD,,customerapplication,450457,2025,,PENDING
,USD,,customerapplication,450458,2025,,PENDING
,USD,,customerapplication,450459,2025,,PENDING
,USD,,customerapplication,450460,2025,,PENDING
,USD,,customerapplication,450461,2025,,PENDING
,USD,,customerapplication,450462,2025,,PENDING
,USD,,customerapplication,450463,2025,,PENDING
,USD,,customerapplication,450465,2025,,PENDING
,USD,,customerapplication,450466,2025,,PENDING
,USD,,customerapplication,450467,2025,,PENDING
,USD,,customerapplication,450468,2025,,PENDING
,USD,,customerapplication,450469,2025,,PENDING
,USD,,customerapplication,450470,2025,,PENDING
,USD,,customerapplication,450471,2025,,PENDING
,USD,,customerapplication,450472,2025,,PENDING
,USD,,customerapplication,450473,2025,,PENDING
,USD,,customerapplication,450474,2025,,PENDING
,USD,,customerapplication,450475,2025,,PENDING
,USD,,customerapplication,450476,2025,,PENDING
,USD,,customerapplication,450477,2025,,PENDING
,USD,,customerapplication,450478,2025,,PENDING
,USD,,customerapplication,450479,2025,,PENDING
,USD,,customerapplication,450480,2025,,PENDING
,USD,,customerapplication,450481,2025,,PENDING
,USD,,customerapplication,450482,2025,,PENDING
,USD,,customerapplication,450483,2025,,PENDING
,USD,,customerapplication,450484,2025,,PENDING
,USD,,customerapplication,450485,2025,,PENDING
,USD,,customerapplication,450486,2025,,PENDING
,USD,,customerapplication,450487,2025,,PENDING
,USD,,customerapplication,450488,2025,,PENDING
,USD,,customerapplication,450489,2025,,PENDING
,USD,,customerapplication,450490,2025,,PENDING
,USD,,customerapplication,450491,2025,,PENDING
,USD,,customerapplication,450492,2025,,PENDING
,USD,,customerapplication,450493,2025,,PENDING
,USD,,customerapplication,450494,2025,,PENDING
,USD,,customerapplication,450495,2025,,PENDING
,USD,,customerapplication,450496,2025,,PENDING
,USD,,customerapplication,450497,2025,,PENDING
,USD,,customerapplication,450498,2025,,PENDING
,USD,,customerapplication,450499,2025,,PENDING
,USD,,customerapplication,450500,2025,,PENDING
,USD,,customerapplication,450501,2025,,PENDING
,USD,,customerapplication,450502,2025,,PENDING
,USD,,customerapplication,450503,2025,,PENDING
,USD,,customerapplication,450504,2025,,PENDING
,USD,,customerapplication,450505,2025,,PENDING
,USD,,customerapplication,450506,2025,,PENDING
,USD,,customerapplication,450507,2025,,PENDING
,USD,,customerapplication,450508,2025,,PENDING
,USD,,customerapplication,450509,2025,,PENDING
,USD,,customerapplication,450510,2025,,PENDING
,USD,,customerapplication,450511,2025,,PENDING
,USD,,customerapplication,450512,2025,,PENDING
,USD,,customerapplication,450513,2025,,PENDING
,USD,,customerapplication,450514,2025,,PENDING
,USD,,customerapplication,450515,2025,,PENDING
,USD,,customerapplication,450516,2025,,PENDING
,USD,,customerapplication,450517,2025,,PENDING
,USD,,customerapplication,450518,2025,,PENDING
,USD,,customerapplication,450519,2025,,PENDING
,USD,,customerapplication,450520,2025,,PENDING
,USD,,customerapplication,450521,2025,,PENDING
,USD,,customerapplication,450522,2025,,PENDING
,USD,,customerapplication,450523,2025,,PENDING
,USD,,customerapplication,450524,2025,,PENDING
,USD,,customerapplication,450525,2025,,PENDING
,USD,,customerapplication,450526,2025,,PENDING
,USD,,customerapplication,450527,2025,,PENDING
,USD,,customerapplication,450528,2025,,PENDING
,USD,,customerapplication,450529,2025,,PENDING
,USD,,customerapplication,450530,2025,,PENDING
,USD,,customerapplication,450531,2025,,PENDING
,USD,,customerapplication,450532,2025,,PENDING
,USD,,customerapplication,450533,2025,,PENDING
,USD,,customerapplication,450534,2025,,PENDING
,USD,,customerapplication,450535,2025,,PENDING
,USD,,customerapplication,450537,2025,,PENDING
,USD,,customerapplication,450538,2025,,PENDING
,USD,,customerapplication,450539,2025,,PENDING
,USD,,customerapplication,450541,2025,,PENDING
,USD,,customerapplication,450542,2025,,PENDING
,USD,,customerapplication,450543,2025,,PENDING
,USD,,customerapplication,450544,2025,,PENDING
,USD,,customerapplication,450545,2025,,PENDING
,USD,,customerapplication,450546,2025,,PENDING
,USD,,customerapplication,450547,2025,,PENDING
,USD,,customerapplication,450548,2025,,PENDING
,USD,,customerapplication,450549,2025,,PENDING
,USD,,customerapplication,450550,2025,,PENDING
,USD,,customerapplication,450551,2025,,PENDING
,USD,,customerapplication,450552,2025,,PENDING
,USD,,customerapplication,450553,2025,,PENDING
,USD,,customerapplication,450554,2025,,PENDING
,USD,,customerapplication,450555,2025,,PENDING
,USD,,customerapplication,450556,2025,,PENDING
,USD,,customerapplication,450557,2025,,PENDING
,USD,,customerapplication,450558,2025,,PENDING
,USD,,customerapplication,450560,2025,,PENDING
,USD,,customerapplication,450561,2025,,PENDING
,USD,,customerapplication,450562,2025,,PENDING
,USD,,customerapplication,450563,2025,,PENDING
,USD,,customerapplication,450564,2025,,PENDING
,USD,,customerapplication,450565,2025,,PENDING
,USD,,customerapplication,450566,2025,,PENDING
,USD,,customerapplication,450567,2025,,PENDING
,USD,,customerapplication,450568,2025,,PENDING
,USD,,customerapplication,450569,2025,,PENDING
,USD,,customerapplication,450570,2025,,PENDING
,USD,,customerapplication,450571,2025,,PENDING
,USD,,customerapplication,450572,2025,,PENDING
,USD,,customerapplication,450573,2025,,PENDING
,USD,,customerapplication,450574,2025,,PENDING
,USD,,customerapplication,450575,2025,,PENDING
,USD,,customerapplication,450576,2025,,PENDING
,USD,,customerapplication,450577,2025,,PENDING
,USD,,customerapplication,450578,2025,,PENDING
,USD,,customerapplication,450579,2025,,PENDING
,USD,,customerapplication,450580,2025,,PENDING
,USD,,customerapplication,450581,2025,,PENDING
,USD,,customerapplication,450582,2025,,PENDING
,USD,,customerapplication,450583,2025,,PENDING
,USD,,customerapplication,450584,2025,,PENDING
,USD,,customerapplication,450585,2025,,PENDING
,USD,,customerapplication,450586,2025,,PENDING
,USD,,customerapplication,450587,2025,,PENDING
,USD,,customerapplication,450588,2025,,PENDING
,USD,,customerapplication,450589,2025,,PENDING
,USD,,customerapplication,450590,2025,,PENDING
,USD,,customerapplication,450591,2025,,PENDING
,USD,,customerapplication,450592,2025,,PENDING
,USD,,customerapplication,450593,2025,,PENDING
,USD,,customerapplication,450594,2025,,PENDING
,USD,,customerapplication,450595,2025,,PENDING
,USD,,customerapplication,450596,2025,,PENDING
,USD,,customerapplication,450597,2025,,PENDING
,USD,,customerapplication,450598,2025,,PENDING
,USD,,customerapplication,450599,2025,,PENDING
,USD,,customerapplication,450600,2025,,PENDING
,USD,,customerapplication,450601,2025,,PENDING
,USD,,customerapplication,450602,2025,,PENDING
,USD,,customerapplication,450603,2025,,PENDING
,USD,,customerapplication,450604,2025,,PENDING
,USD,,customerapplication,450605,2025,,PENDING
,USD,,customerapplication,450606,2025,,PENDING
,USD,,customerapplication,450607,2025,,PENDING
,USD,,customerapplication,450608,2025,,PENDING
,USD,,customerapplication,450609,2025,,PENDING
,USD,,customerapplication,450610,2025,,PENDING
,USD,,customerapplication,450611,2025,,PENDING
,USD,,customerapplication,450612,2025,,PENDING
,USD,,customerapplication,450613,2025,,PENDING
,USD,,customerapplication,450614,2025,,PENDING
,USD,,customerapplication,450615,2025,,PENDING
,USD,,customerapplication,450616,2025,,PENDING
,USD,,customerapplication,450617,2025,,PENDING
,USD,,customerapplication,450619,2025,,PENDING
,USD,,customerapplication,450620,2025,,PENDING
,USD,,customerapplication,450621,2025,,PENDING
,USD,,customerapplication,450622,2025,,PENDING
,USD,,customerapplication,450623,2025,,PENDING
,USD,,customerapplication,450624,2025,,PENDING
,USD,,customerapplication,450625,2025,,PENDING
,USD,,customerapplication,450626,2025,,PENDING
,USD,,customerapplication,450627,2025,,PENDING
,USD,,customerapplication,450628,2025,,PENDING
,USD,,customerapplication,450629,2025,,PENDING
,USD,,customerapplication,450630,2025,,PENDING
,USD,,customerapplication,450631,2025,,PENDING
,USD,,customerapplication,450632,2025,,PENDING
,USD,,customerapplication,450633,2025,,PENDING
,USD,,customerapplication,450634,2025,,PENDING
,USD,,customerapplication,450635,2025,,PENDING
,USD,,customerapplication,450636,2025,,PENDING
,USD,,customerapplication,450637,2025,,PENDING
,USD,,customerapplication,450638,2025,,PENDING
,USD,,customerapplication,450639,2025,,PENDING
,USD,,customerapplication,450640,2025,,PENDING
,USD,,customerapplication,450641,2025,,PENDING
,USD,,customerapplication,450642,2025,,PENDING
,USD,,customerapplication,450643,2025,,PENDING
,USD,,customerapplication,450644,2025,,PENDING
,USD,,customerapplication,450645,2025,,PENDING
,USD,,customerapplication,450646,2025,,PENDING
,USD,,customerapplication,450647,2025,,PENDING
,USD,,customerapplication,450648,2025,,PENDING
,USD,,customerapplication,450650,2025,,PENDING
,USD,,customerapplication,450651,2025,,PENDING
,USD,,customerapplication,450652,2025,,PENDING
,USD,,customerapplication,450653,2025,,PENDING
,USD,,customerapplication,450654,2025,,PENDING
,USD,,customerapplication,450656,2025,,PENDING
,USD,,customerapplication,450657,2025,,PENDING
,USD,,customerapplication,450658,2025,,PENDING
,USD,,customerapplication,450659,2025,,PENDING
,USD,,customerapplication,450661,2025,,PENDING
,USD,,customerapplication,450662,2025,,PENDING
,USD,,customerapplication,450663,2025,,PENDING
,USD,,customerapplication,450664,2025,,PENDING
,USD,,customerapplication,450665,2025,,PENDING
,USD,,customerapplication,450666,2025,,PENDING
,USD,,customerapplication,450667,2025,,PENDING
,USD,,customerapplication,450668,2025,,PENDING
,USD,,customerapplication,450669,2025,,PENDING
,USD,,customerapplication,450670,2025,,PENDING
,USD,,customerapplication,450672,2025,,PENDING
,USD,,customerapplication,450673,2025,,PENDING
,USD,,customerapplication,450674,2025,,PENDING
,USD,,customerapplication,450675,2025,,PENDING
,USD,,customerapplication,450676,2025,,PENDING
,USD,,customerapplication,450677,2025,,PENDING
,USD,,customerapplication,450678,2025,,PENDING
,USD,,customerapplication,450679,2025,,PENDING
,USD,,customerapplication,450680,2025,,PENDING
,USD,,customerapplication,450681,2025,,PENDING
,USD,,customerapplication,450682,2025,,PENDING
,USD,,customerapplication,450683,2025,,PENDING
,USD,,customerapplication,450684,2025,,PENDING
,USD,,customerapplication,450685,2025,,PENDING
,USD,,customerapplication,450686,2025,,PENDING
,USD,,customerapplication,450687,2025,,PENDING
,USD,,customerapplication,450688,2025,,PENDING
,USD,,customerapplication,450689,2025,,PENDING
,USD,,customerapplication,450690,2025,,PENDING
,USD,,customerapplication,450691,2025,,PENDING
,USD,,customerapplication,450692,2025,,PENDING
,USD,,customerapplication,450693,2025,,PENDING
,USD,,customerapplication,450695,2025,,PENDING
,USD,,customerapplication,450696,2025,,PENDING
,USD,,customerapplication,450699,2025,,PENDING
,USD,,customerapplication,450700,2025,,PENDING
,USD,,customerapplication,450702,2025,,PENDING
,USD,,customerapplication,450703,2025,,PENDING
,USD,,customerapplication,450704,2025,,PENDING
,USD,,customerapplication,450705,2025,,PENDING
,USD,,customerapplication,450706,2025,,PENDING
,USD,,customerapplication,450708,2025,,PENDING
,USD,,customerapplication,450709,2025,,PENDING
,USD,,customerapplication,450710,2025,,PENDING
,USD,,customerapplication,450711,2025,,PENDING
,USD,,customerapplication,450712,2025,,PENDING
,USD,,customerapplication,450713,2025,,PENDING
,USD,,customerapplication,450714,2025,,PENDING
,USD,,customerapplication,450716,2025,,PENDING
,USD,,customerapplication,450718,2025,,PENDING
,USD,,customerapplication,450719,2025,,PENDING
,USD,,customerapplication,450720,2025,,PENDING
,USD,,customerapplication,450721,2025,,PENDING
,USD,,customerapplication,450722,2025,,PENDING
,USD,,customerapplication,450724,2025,,PENDING
,USD,,customerapplication,450725,2025,,PENDING
,USD,,customerapplication,450726,2025,,PENDING
,USD,,customerapplication,450727,2025,,PENDING
,USD,,customerapplication,450728,2025,,PENDING
,USD,,customerapplication,450729,2025,,PENDING
,USD,,customerapplication,450730,2025,,PENDING
,USD,,customerapplication,450732,2025,,PENDING
,USD,,customerapplication,450733,2025,,PENDING
,USD,,customerapplication,450734,2025,,PENDING
,USD,,customerapplication,450735,2025,,PENDING
,USD,,customerapplication,450736,2025,,PENDING
,USD,,customerapplication,450737,2025,,PENDING
,USD,,customerapplication,450738,2025,,PENDING
,USD,,customerapplication,450739,2025,,PENDING
,USD,,customerapplication,450740,2025,,PENDING
,USD,,customerapplication,450741,2025,,PENDING
,USD,,customerapplication,450742,2025,,PENDING
,USD,,customerapplication,450743,2025,,PENDING
,USD,,customerapplication,450744,2025,,PENDING
,USD,,customerapplication,450745,2025,,PENDING
,USD,,customerapplication,450746,2025,,PENDING
,USD,,customerapplication,450748,2025,,PENDING
,USD,,customerapplication,450749,2025,,PENDING
,USD,,customerapplication,450750,2025,,PENDING
,USD,,customerapplication,450751,2025,,PENDING
,USD,,customerapplication,450752,2025,,PENDING
,USD,,customerapplication,450753,2025,,PENDING
,USD,,customerapplication,450754,2025,,PENDING
,USD,,customerapplication,450755,2025,,PENDING
,USD,,customerapplication,450756,2025,,PENDING
,USD,,customerapplication,450757,2025,,PENDING
,USD,,customerapplication,450758,2025,,PENDING
,USD,,customerapplication,450759,2025,,PENDING
,USD,,customerapplication,450760,2025,,PENDING
,USD,,customerapplication,450761,2025,,PENDING
,USD,,customerapplication,450763,2025,,PENDING
,USD,,customerapplication,450764,2025,,PENDING
,USD,,customerapplication,450765,2025,,PENDING
,USD,,customerapplication,450766,2025,,PENDING
,USD,,customerapplication,450767,2025,,PENDING
,USD,,customerapplication,450768,2025,,PENDING
,USD,,customerapplication,450769,2025,,PENDING
,USD,,customerapplication,450770,2025,,PENDING
,USD,,customerapplication,450771,2025,,PENDING
,USD,,customerapplication,450772,2025,,PENDING
,USD,,customerapplication,450773,2025,,PENDING
,USD,,customerapplication,450774,2025,,PENDING
,USD,,customerapplication,450775,2025,,PENDING
,USD,,customerapplication,450776,2025,,PENDING
,USD,,customerapplication,450777,2025,,PENDING
,USD,,customerapplication,450778,2025,,PENDING
,USD,,customerapplication,450779,2025,,PENDING
,USD,,customerapplication,450781,2025,,PENDING
,USD,,customerapplication,450782,2025,,PENDING
,USD,,customerapplication,450783,2025,,PENDING
,USD,,customerapplication,450784,2025,,PENDING
,USD,,customerapplication,450785,2025,,PENDING
,USD,,customerapplication,450786,2025,,PENDING
,USD,,customerapplication,450787,2025,,PENDING
,USD,,customerapplication,450788,2025,,PENDING
,USD,,customerapplication,450789,2025,,PENDING
,USD,,customerapplication,450790,2025,,PENDING
,USD,,customerapplication,450791,2025,,PENDING
,USD,,customerapplication,450792,2025,,PENDING
,USD,,customerapplication,450793,2025,,PENDING
,USD,,customerapplication,450794,2025,,PENDING
,USD,,customerapplication,450795,2025,,PENDING
,USD,,customerapplication,450796,2025,,PENDING
,USD,,customerapplication,450797,2025,,PENDING
,USD,,customerapplication,450798,2025,,PENDING
,USD,,customerapplication,450799,2025,,PENDING
,USD,,customerapplication,450800,2025,,PENDING
,USD,,customerapplication,450801,2025,,PENDING
,USD,,customerapplication,450802,2025,,PENDING
,USD,,customerapplication,450803,2025,,PENDING
,USD,,customerapplication,450804,2025,,PENDING
,USD,,customerapplication,450805,2025,,PENDING
,USD,,customerapplication,450806,2025,,PENDING
,USD,,customerapplication,450807,2025,,PENDING
,USD,,customerapplication,450808,2025,,PENDING
,USD,,customerapplication,450809,2025,,PENDING
,USD,,customerapplication,450810,2025,,PENDING
,USD,,customerapplication,450812,2025,,PENDING
,USD,,customerapplication,450813,2025,,PENDING
,USD,,customerapplication,450814,2025,,PENDING
,USD,,customerapplication,450815,2025,,PENDING
,USD,,customerapplication,450816,2025,,PENDING
,USD,,customerapplication,450817,2025,,PENDING
,USD,,customerapplication,450818,2025,,PENDING
,USD,,customerapplication,450819,2025,,PENDING
,USD,,customerapplication,450820,2025,,PENDING
,USD,,customerapplication,450821,2025,,PENDING
,USD,,customerapplication,450822,2025,,PENDING
,USD,,customerapplication,450823,2025,,PENDING
,USD,,customerapplication,450824,2025,,PENDING
,USD,,customerapplication,450825,2025,,PENDING
,USD,,customerapplication,450826,2025,,PENDING
,USD,,customerapplication,450827,2025,,PENDING
,USD,,customerapplication,450828,2025,,PENDING
,USD,,customerapplication,450829,2025,,PENDING
,USD,,customerapplication,450830,2025,,PENDING
,USD,,customerapplication,450831,2025,,PENDING
,USD,,customerapplication,450832,2025,,PENDING
,USD,,customerapplication,450833,2025,,PENDING
,USD,,customerapplication,450835,2025,,PENDING
,USD,,customerapplication,450836,2025,,PENDING
,USD,,customerapplication,450837,2025,,PENDING
,USD,,customerapplication,450838,2025,,PENDING
,USD,,customerapplication,450839,2025,,PENDING
,USD,,customerapplication,450840,2025,,PENDING
,USD,,customerapplication,450841,2025,,PENDING
,USD,,customerapplication,450842,2025,,PENDING
,USD,,customerapplication,450843,2025,,PENDING
,USD,,customerapplication,450844,2025,,PENDING
,USD,,customerapplication,450845,2025,,PENDING
,USD,,customerapplication,450846,2025,,PENDING
,USD,,customerapplication,450847,2025,,PENDING
,USD,,customerapplication,450848,2025,,PENDING
,USD,,customerapplication,450850,2025,,PENDING
,USD,,customerapplication,450851,2025,,PENDING
,USD,,customerapplication,450852,2025,,PENDING
,USD,,customerapplication,450854,2025,,PENDING
,USD,,customerapplication,450855,2025,,PENDING
,USD,,customerapplication,450856,2025,,PENDING
,USD,,customerapplication,450857,2025,,PENDING
,USD,,customerapplication,450858,2025,,PENDING
,USD,,customerapplication,450859,2025,,PENDING
,USD,,customerapplication,450860,2025,,PENDING
,USD,,customerapplication,450861,2025,,PENDING
,USD,,customerapplication,450862,2025,,PENDING
,USD,,customerapplication,450863,2025,,PENDING
,USD,,customerapplication,450864,2025,,PENDING
,USD,,customerapplication,450865,2025,,PENDING
,USD,,customerapplication,450866,2025,,PENDING
,USD,,customerapplication,450867,2025,,PENDING
,USD,,customerapplication,450868,2025,,PENDING
,USD,,customerapplication,450869,2025,,PENDING
,USD,,customerapplication,450870,2025,,PENDING
,USD,,customerapplication,450872,2025,,PENDING
,USD,,customerapplication,450873,2025,,PENDING
,USD,,customerapplication,450874,2025,,PENDING
,USD,,customerapplication,450875,2025,,PENDING
,USD,,customerapplication,450876,2025,,PENDING
,USD,,customerapplication,450877,2025,,PENDING
,USD,,customerapplication,450878,2025,,PENDING
,USD,,customerapplication,450879,2025,,PENDING
,USD,,customerapplication,450880,2025,,PENDING
,USD,,customerapplication,450881,2025,,PENDING
,USD,,customerapplication,450882,2025,,PENDING
,USD,,customerapplication,450883,2025,,PENDING
,USD,,customerapplication,450884,2025,,PENDING
,USD,,customerapplication,450885,2025,,PENDING
,USD,,customerapplication,450886,2025,,PENDING
,USD,,customerapplication,450887,2025,,PENDING
,USD,,customerapplication,450888,2025,,PENDING
,USD,,customerapplication,450889,2025,,PENDING
,USD,,customerapplication,450890,2025,,PENDING
,USD,,customerapplication,450892,2025,,PENDING
,USD,,customerapplication,450893,2025,,PENDING
,USD,,customerapplication,450894,2025,,PENDING
,USD,,customerapplication,450895,2025,,PENDING
,USD,,customerapplication,450896,2025,,PENDING
,USD,,customerapplication,450897,2025,,PENDING
,USD,,customerapplication,450898,2025,,PENDING
,USD,,customerapplication,450899,2025,,PENDING
,USD,,customerapplication,450900,2025,,PENDING
,USD,,customerapplication,450901,2025,,PENDING
,USD,,customerapplication,450902,2025,,PENDING
,USD,,customerapplication,450903,2025,,PENDING
,USD,,customerapplication,450904,2025,,PENDING
,USD,,customerapplication,450905,2025,,PENDING
,USD,,customerapplication,450906,2025,,PENDING
,USD,,customerapplication,450907,2025,,PENDING
,USD,,customerapplication,450908,2025,,PENDING
,USD,,customerapplication,450909,2025,,PENDING
,USD,,customerapplication,450910,2025,,PENDING
,USD,,customerapplication,450911,2025,,PENDING
,USD,,customerapplication,450912,2025,,PENDING
,USD,,customerapplication,450913,2025,,PENDING
,USD,,customerapplication,450914,2025,,PENDING
,USD,,customerapplication,450915,2025,,PENDING
,USD,,customerapplication,450916,2025,,PENDING
,USD,,customerapplication,450917,2025,,PENDING
,USD,,customerapplication,450918,2025,,PENDING
,USD,,customerapplication,450919,2025,,PENDING
,USD,,customerapplication,450920,2025,,PENDING
,USD,,customerapplication,450922,2025,,PENDING
,USD,,customerapplication,450923,2025,,PENDING
,USD,,customerapplication,450924,2025,,PENDING
,USD,,customerapplication,450925,2025,,PENDING
,USD,,customerapplication,450926,2025,,PENDING
,USD,,customerapplication,450927,2025,,PENDING
,USD,,customerapplication,450928,2025,,PENDING
,USD,,customerapplication,450929,2025,,PENDING
,USD,,customerapplication,450930,2025,,PENDING
,USD,,customerapplication,450931,2025,,PENDING
,USD,,customerapplication,450932,2025,,PENDING
,USD,,customerapplication,450933,2025,,PENDING
,USD,,customerapplication,450934,2025,,PENDING
,USD,,customerapplication,450935,2025,,PENDING
,USD,,customerapplication,450937,2025,,PENDING
,USD,,customerapplication,450938,2025,,PENDING
,USD,,customerapplication,450939,2025,,PENDING
,USD,,customerapplication,450940,2025,,PENDING
,USD,,customerapplication,450941,2025,,PENDING
,USD,,customerapplication,450942,2025,,PENDING
,USD,,customerapplication,450943,2025,,PENDING
,USD,,customerapplication,450944,2025,,PENDING
,USD,,customerapplication,450945,2025,,PENDING
,USD,,customerapplication,450946,2025,,PENDING
,USD,,customerapplication,450947,2025,,PENDING
,USD,,customerapplication,450948,2025,,PENDING
,USD,,customerapplication,450949,2025,,PENDING
,USD,,customerapplication,450950,2025,,PENDING
,USD,,customerapplication,450951,2025,,PENDING
,USD,,customerapplication,450952,2025,,PENDING
,USD,,customerapplication,450953,2025,,PENDING
,USD,,customerapplication,450954,2025,,PENDING
,USD,,customerapplication,450955,2025,,PENDING
,USD,,customerapplication,450956,2025,,PENDING
,USD,,customerapplication,450957,2025,,PENDING
,USD,,customerapplication,450958,2025,,PENDING
,USD,,customerapplication,450959,2025,,PENDING
,USD,,customerapplication,450960,2025,,PENDING
,USD,,customerapplication,450961,2025,,PENDING
,USD,,customerapplication,450962,2025,,PENDING
,USD,,customerapplication,450963,2025,,PENDING
,USD,,customerapplication,450964,2025,,PENDING
,USD,,customerapplication,450966,2025,,PENDING
,USD,,customerapplication,450967,2025,,PENDING
,USD,,customerapplication,450968,2025,,PENDING
,USD,,customerapplication,450969,2025,,PENDING
,USD,,customerapplication,450970,2025,,PENDING
,USD,,customerapplication,450971,2025,,PENDING
,USD,,customerapplication,450972,2025,,PENDING
,USD,,customerapplication,450973,2025,,PENDING
,USD,,customerapplication,450974,2025,,PENDING
,USD,,customerapplication,450975,2025,,PENDING
,USD,,customerapplication,450976,2025,,PENDING
,USD,,customerapplication,450977,2025,,PENDING
,USD,,customerapplication,450978,2025,,PENDING
,USD,,customerapplication,450979,2025,,PENDING
,USD,,customerapplication,450980,2025,,PENDING
,USD,,customerapplication,450981,2025,,PENDING
,USD,,customerapplication,450982,2025,,PENDING
,USD,,customerapplication,450983,2025,,PENDING
,USD,,customerapplication,450984,2025,,PENDING
,USD,,customerapplication,450985,2025,,PENDING
,USD,,customerapplication,450986,2025,,PENDING
,USD,,customerapplication,450987,2025,,PENDING
,USD,,customerapplication,450988,2025,,PENDING
,USD,,customerapplication,450989,2025,,PENDING
,USD,,customerapplication,450990,2025,,PENDING
,USD,,customerapplication,450991,2025,,PENDING
,USD,,customerapplication,450992,2025,,PENDING
,USD,,customerapplication,450993,2025,,PENDING
,USD,,customerapplication,450994,2025,,PENDING
,USD,,customerapplication,450995,2025,,PENDING
,USD,,customerapplication,450996,2025,,PENDING
,USD,,customerapplication,450997,2025,,PENDING
,USD,,customerapplication,450998,2025,,PENDING
,USD,,customerapplication,450999,2025,,PENDING
,USD,,customerapplication,451000,2025,,PENDING
,USD,,customerapplication,451001,2025,,PENDING
,USD,,customerapplication,451002,2025,,PENDING
,USD,,customerapplication,451003,2025,,PENDING
,USD,,customerapplication,451004,2025,,PENDING
,USD,,customerapplication,451005,2025,,PENDING
,USD,,customerapplication,451006,2025,,PENDING
,USD,,customerapplication,451007,2025,,PENDING
,USD,,customerapplication,451008,2025,,PENDING
,USD,,customerapplication,451009,2025,,PENDING
,USD,,customerapplication,451010,2025,,PENDING
,USD,,customerapplication,451011,2025,,PENDING
,USD,,customerapplication,451012,2025,,PENDING
,USD,,customerapplication,451013,2025,,PENDING
,USD,,customerapplication,451014,2025,,PENDING
,USD,,customerapplication,451015,2025,,PENDING
,USD,,customerapplication,451016,2025,,PENDING
,USD,,customerapplication,451017,2025,,PENDING
,USD,,customerapplication,451018,2025,,PENDING
,USD,,customerapplication,451019,2025,,PENDING
,USD,,customerapplication,451020,2025,,PENDING
,USD,,customerapplication,451021,2025,,PENDING
,USD,,customerapplication,451022,2025,,PENDING
,USD,,customerapplication,451023,2025,,PENDING
,USD,,customerapplication,451024,2025,,PENDING
,USD,,customerapplication,451025,2025,,PENDING
,USD,,customerapplication,451026,2025,,PENDING
,USD,,customerapplication,451027,2025,,PENDING
,USD,,customerapplication,451028,2025,,PENDING
,USD,,customerapplication,451029,2025,,PENDING
,USD,,customerapplication,451030,2025,,PENDING
,USD,,customerapplication,451031,2025,,PENDING
,USD,,customerapplication,451032,2025,,PENDING
,USD,,customerapplication,451033,2025,,PENDING
,USD,,customerapplication,451034,2025,,PENDING
,USD,,customerapplication,451035,2025,,PENDING
,USD,,customerapplication,451036,2025,,PENDING
,USD,,customerapplication,451037,2025,,PENDING
,USD,,customerapplication,451038,2025,,PENDING
,USD,,customerapplication,451039,2025,,PENDING
,USD,,customerapplication,451040,2025,,PENDING
,USD,,customerapplication,451041,2025,,PENDING
,USD,,customerapplication,451042,2025,,PENDING
,USD,,customerapplication,451043,2025,,PENDING
,USD,,customerapplication,451044,2025,,PENDING
,USD,,customerapplication,451045,2025,,PENDING
,USD,,customerapplication,451047,2025,,PENDING
,USD,,customerapplication,451048,2025,,PENDING
,USD,,customerapplication,451049,2025,,PENDING
,USD,,customerapplication,451050,2025,,PENDING
,USD,,customerapplication,451051,2025,,PENDING
,USD,,customerapplication,451052,2025,,PENDING
,USD,,customerapplication,451053,2025,,PENDING
,USD,,customerapplication,451054,2025,,PENDING
,USD,,customerapplication,451055,2025,,PENDING
,USD,,customerapplication,451056,2025,,PENDING
,USD,,customerapplication,451057,2025,,PENDING
,USD,,customerapplication,451058,2025,,PENDING
,USD,,customerapplication,451059,2025,,PENDING
,USD,,customerapplication,451060,2025,,PENDING
,USD,,customerapplication,451061,2025,,PENDING
,USD,,customerapplication,451062,2025,,PENDING
,USD,,customerapplication,451063,2025,,PENDING
,USD,,customerapplication,451064,2025,,PENDING
,USD,,customerapplication,451065,2025,,PENDING
,USD,,customerapplication,451066,2025,,PENDING
,USD,,customerapplication,451067,2025,,PENDING
,USD,,customerapplication,451068,2025,,PENDING
,USD,,customerapplication,451069,2025,,PENDING
,USD,,customerapplication,451070,2025,,PENDING
,USD,,customerapplication,451071,2025,,PENDING
,USD,,customerapplication,451073,2025,,PENDING
,USD,,customerapplication,451074,2025,,PENDING
,USD,,customerapplication,451075,2025,,PENDING
,USD,,customerapplication,451076,2025,,PENDING
,USD,,customerapplication,451077,2025,,PENDING
,USD,,customerapplication,451078,2025,,PENDING
,USD,,customerapplication,451079,2025,,PENDING
,USD,,customerapplication,451080,2025,,PENDING
,USD,,customerapplication,451081,2025,,PENDING
,USD,,customerapplication,451082,2025,,PENDING
,USD,,customerapplication,451083,2025,,PENDING
,USD,,customerapplication,451084,2025,,PENDING
,USD,,customerapplication,451085,2025,,PENDING
,USD,,customerapplication,451086,2025,,PENDING
,USD,,customerapplication,451087,2025,,PENDING
,USD,,customerapplication,451088,2025,,PENDING
,USD,,customerapplication,451089,2025,,PENDING
,USD,,customerapplication,451090,2025,,PENDING
,USD,,customerapplication,451091,2025,,PENDING
,USD,,customerapplication,451093,2025,,PENDING
,USD,,customerapplication,451094,2025,,PENDING
,USD,,customerapplication,451095,2025,,PENDING
,USD,,customerapplication,451096,2025,,PENDING
,USD,,customerapplication,451097,2025,,PENDING
,USD,,customerapplication,451098,2025,,PENDING
,USD,,customerapplication,451099,2025,,PENDING
,USD,,customerapplication,451100,2025,,PENDING
,USD,,customerapplication,451101,2025,,PENDING
,USD,,customerapplication,451102,2025,,PENDING
,USD,,customerapplication,451103,2025,,PENDING
,USD,,customerapplication,451104,2025,,PENDING
,USD,,customerapplication,451105,2025,,PENDING
,USD,,customerapplication,451106,2025,,PENDING
,USD,,customerapplication,451107,2025,,PENDING
,USD,,customerapplication,451108,2025,,PENDING
,USD,,customerapplication,451109,2025,,PENDING
,USD,,customerapplication,451110,2025,,PENDING
,USD,,customerapplication,451111,2025,,PENDING
,USD,,customerapplication,451112,2025,,PENDING
,USD,,customerapplication,451113,2025,,PENDING
,USD,,customerapplication,451114,2025,,PENDING
,USD,,customerapplication,451115,2025,,PENDING
,USD,,customerapplication,451116,2025,,PENDING
,USD,,customerapplication,451117,2025,,PENDING
,USD,,customerapplication,451118,2025,,PENDING
,USD,,customerapplication,451119,2025,,PENDING
,USD,,customerapplication,451120,2025,,PENDING
,USD,,customerapplication,451121,2025,,PENDING
,USD,,customerapplication,451122,2025,,PENDING
,USD,,customerapplication,451123,2025,,PENDING
,USD,,customerapplication,451124,2025,,PENDING
,USD,,customerapplication,451125,2025,,PENDING
,USD,,customerapplication,451126,2025,,PENDING
,USD,,customerapplication,451127,2025,,PENDING
,USD,,customerapplication,451128,2025,,PENDING
,USD,,customerapplication,451129,2025,,PENDING
,USD,,customerapplication,451130,2025,,PENDING
,USD,,customerapplication,451131,2025,,PENDING
,USD,,customerapplication,451132,2025,,PENDING
,USD,,customerapplication,451135,2025,,PENDING
,USD,,customerapplication,451136,2025,,PENDING
,USD,,customerapplication,451137,2025,,PENDING
,USD,,customerapplication,451138,2025,,PENDING
,USD,,customerapplication,451139,2025,,PENDING
,USD,,customerapplication,451140,2025,,PENDING
,USD,,customerapplication,451141,2025,,PENDING
,USD,,customerapplication,451142,2025,,PENDING
,USD,,customerapplication,451143,2025,,PENDING
,USD,,customerapplication,451144,2025,,PENDING
,USD,,customerapplication,451145,2025,,PENDING
,USD,,customerapplication,451146,2025,,PENDING
,USD,,customerapplication,451147,2025,,PENDING
,USD,,customerapplication,451148,2025,,PENDING
,USD,,customerapplication,451149,2025,,PENDING
,USD,,customerapplication,451150,2025,,PENDING
,USD,,customerapplication,451151,2025,,PENDING
,USD,,customerapplication,451152,2025,,PENDING
,USD,,customerapplication,451153,2025,,PENDING
,USD,,customerapplication,451154,2025,,PENDING
,USD,,customerapplication,451155,2025,,PENDING
,USD,,customerapplication,450723,2025,,PENDING
,USD,,customerapplication,451156,2025,,PENDING
,USD,,customerapplication,451157,2025,,PENDING
,USD,,customerapplication,451158,2025,,PENDING
,USD,,customerapplication,451159,2025,,PENDING
,USD,,customerapplication,451160,2025,,PENDING
,USD,,customerapplication,451161,2025,,PENDING
,USD,,customerapplication,451162,2025,,PENDING
,USD,,customerapplication,451163,2025,,PENDING
,USD,,customerapplication,451165,2025,,PENDING
,USD,,customerapplication,451166,2025,,PENDING
,USD,,customerapplication,451167,2025,,PENDING
,USD,,customerapplication,451168,2025,,PENDING
,USD,,customerapplication,451169,2025,,PENDING
,USD,,customerapplication,451170,2025,,PENDING
,USD,,customerapplication,451171,2025,,PENDING
,USD,,customerapplication,451172,2025,,PENDING
,USD,,customerapplication,451173,2025,,PENDING
,USD,,customerapplication,451174,2025,,PENDING
,USD,,customerapplication,451175,2025,,PENDING
,USD,,customerapplication,451176,2025,,PENDING
,USD,,customerapplication,451177,2025,,PENDING
,USD,,customerapplication,451178,2025,,PENDING
,USD,,customerapplication,451179,2025,,PENDING
,USD,,customerapplication,451180,2025,,PENDING
,USD,,customerapplication,451181,2025,,PENDING
,USD,,customerapplication,451182,2025,,PENDING
,USD,,customerapplication,451183,2025,,PENDING
,USD,,customerapplication,451184,2025,,PENDING
,USD,,customerapplication,451185,2025,,PENDING
,USD,,customerapplication,451186,2025,,PENDING
,USD,,customerapplication,451187,2025,,PENDING
,USD,,customerapplication,451188,2025,,PENDING
,USD,,customerapplication,451189,2025,,PENDING
,USD,,customerapplication,451190,2025,,PENDING
,USD,,customerapplication,451191,2025,,PENDING
,USD,,customerapplication,451192,2025,,PENDING
,USD,,customerapplication,451193,2025,,PENDING
,USD,,customerapplication,451194,2025,,PENDING
,USD,,customerapplication,451195,2025,,PENDING
,USD,,customerapplication,451196,2025,,PENDING
,USD,,customerapplication,451197,2025,,PENDING
,USD,,customerapplication,451198,2025,,PENDING
,USD,,customerapplication,451199,2025,,PENDING
,USD,,customerapplication,451201,2025,,PENDING
,USD,,customerapplication,451202,2025,,PENDING
,USD,,customerapplication,451203,2025,,PENDING
,USD,,customerapplication,451204,2025,,PENDING
,USD,,customerapplication,451205,2025,,PENDING
,USD,,customerapplication,451206,2025,,PENDING
,USD,,customerapplication,451207,2025,,PENDING
,USD,,customerapplication,451208,2025,,PENDING
,USD,,customerapplication,451210,2025,,PENDING
,USD,,customerapplication,451211,2025,,PENDING
,USD,,customerapplication,451212,2025,,PENDING
,USD,,customerapplication,451213,2025,,PENDING
,USD,,customerapplication,451214,2025,,PENDING
,USD,,customerapplication,451215,2025,,PENDING
,USD,,customerapplication,451216,2025,,PENDING
,USD,,customerapplication,451217,2025,,PENDING
,USD,,customerapplication,451218,2025,,PENDING
,USD,,customerapplication,451219,2025,,PENDING
,USD,,customerapplication,451220,2025,,PENDING
,USD,,customerapplication,451221,2025,,PENDING
,USD,,customerapplication,451222,2025,,PENDING
,USD,,customerapplication,451223,2025,,PENDING
,USD,,customerapplication,451224,2025,,PENDING
,USD,,customerapplication,451225,2025,,PENDING
,USD,,customerapplication,451227,2025,,PENDING
,USD,,customerapplication,451228,2025,,PENDING
,USD,,customerapplication,451229,2025,,PENDING
,USD,,customerapplication,451231,2025,,PENDING
,USD,,customerapplication,451232,2025,,PENDING
,USD,,customerapplication,451233,2025,,PENDING
,USD,,customerapplication,451234,2025,,PENDING
,USD,,customerapplication,451235,2025,,PENDING
,USD,,customerapplication,451236,2025,,PENDING
,USD,,customerapplication,451237,2025,,PENDING
,USD,,customerapplication,451238,2025,,PENDING
,USD,,customerapplication,451239,2025,,PENDING
,USD,,customerapplication,451241,2025,,PENDING
,USD,,customerapplication,451242,2025,,PENDING
,USD,,customerapplication,451243,2025,,PENDING
,USD,,customerapplication,451244,2025,,PENDING
,USD,,customerapplication,451245,2025,,PENDING
,USD,,customerapplication,451246,2025,,PENDING
,USD,,customerapplication,451247,2025,,PENDING
,USD,,customerapplication,451248,2025,,PENDING
,USD,,customerapplication,451249,2025,,PENDING
,USD,,customerapplication,451251,2025,,PENDING
,USD,,customerapplication,451252,2025,,PENDING
,USD,,customerapplication,449049,2025,,PENDING
,USD,,customerapplication,451254,2025,,PENDING
,USD,,customerapplication,451255,2025,,PENDING
,USD,,customerapplication,451256,2025,,PENDING
,USD,,customerapplication,451257,2025,,PENDING
,USD,,customerapplication,451258,2025,,PENDING
,USD,,customerapplication,451259,2025,,PENDING
,USD,,customerapplication,451260,2025,,PENDING
,USD,,customerapplication,451261,2025,,PENDING
,USD,,customerapplication,451262,2025,,PENDING
,USD,,customerapplication,451263,2025,,PENDING
,USD,,customerapplication,451264,2025,,PENDING
,USD,,customerapplication,451265,2025,,PENDING
,USD,,customerapplication,451266,2025,,PENDING
,USD,,customerapplication,451267,2025,,PENDING
,USD,,customerapplication,451268,2025,,PENDING
,USD,,customerapplication,451269,2025,,PENDING
,USD,,customerapplication,451270,2025,,PENDING
,USD,,customerapplication,451271,2025,,PENDING
,USD,,customerapplication,451272,2025,,PENDING
,USD,,customerapplication,451273,2025,,PENDING
,USD,,customerapplication,451274,2025,,PENDING
,USD,,customerapplication,451275,2025,,PENDING
,USD,,customerapplication,451276,2025,,PENDING
,USD,,customerapplication,451277,2025,,PENDING
,USD,,customerapplication,451278,2025,,PENDING
,USD,,customerapplication,451279,2025,,PENDING
,USD,,customerapplication,451280,2025,,PENDING
,USD,,customerapplication,451282,2025,,PENDING
,USD,,customerapplication,451283,2025,,PENDING
,USD,,customerapplication,451284,2025,,PENDING
,USD,,customerapplication,451285,2025,,PENDING
,USD,,customerapplication,451286,2025,,PENDING
,USD,,customerapplication,451288,2025,,PENDING
,USD,,customerapplication,451289,2025,,PENDING
,USD,,customerapplication,451290,2025,,PENDING
,USD,,customerapplication,451291,2025,,PENDING
,USD,,customerapplication,451292,2025,,PENDING
,USD,,customerapplication,451293,2025,,PENDING
,USD,,customerapplication,451294,2025,,PENDING
,USD,,customerapplication,451295,2025,,PENDING
,USD,,customerapplication,451298,2025,,PENDING
,USD,,customerapplication,451299,2025,,PENDING
,USD,,customerapplication,451300,2025,,PENDING
,USD,,customerapplication,451301,2025,,PENDING
,USD,,customerapplication,451302,2025,,PENDING
,USD,,customerapplication,451303,2025,,PENDING
,USD,,customerapplication,451306,2025,,PENDING
,USD,,customerapplication,451307,2025,,PENDING
,USD,,customerapplication,451308,2025,,PENDING
,USD,,customerapplication,451309,2025,,PENDING
,USD,,customerapplication,451310,2025,,PENDING
,USD,,customerapplication,451311,2025,,PENDING
,USD,,customerapplication,451312,2025,,PENDING
,USD,,customerapplication,451313,2025,,PENDING
,USD,,customerapplication,451314,2025,,PENDING
,USD,,customerapplication,451316,2025,,PENDING
,USD,,customerapplication,451317,2025,,PENDING
,USD,,customerapplication,451318,2025,,PENDING
,USD,,customerapplication,451319,2025,,PENDING
,USD,,customerapplication,451320,2025,,PENDING
,USD,,customerapplication,451321,2025,,PENDING
,USD,,customerapplication,451322,2025,,PENDING
,USD,,customerapplication,451323,2025,,PENDING
,USD,,customerapplication,451324,2025,,PENDING
,USD,,customerapplication,451325,2025,,PENDING
,USD,,customerapplication,451326,2025,,PENDING
,USD,,customerapplication,451327,2025,,PENDING
,USD,,customerapplication,451328,2025,,PENDING
,USD,,customerapplication,451329,2025,,PENDING
,USD,,customerapplication,451330,2025,,PENDING
,USD,,customerapplication,451331,2025,,PENDING
,USD,,customerapplication,451332,2025,,PENDING
,USD,,customerapplication,451333,2025,,PENDING
,USD,,customerapplication,451335,2025,,PENDING
,USD,,customerapplication,451337,2025,,PENDING
,USD,,customerapplication,451338,2025,,PENDING
,USD,,customerapplication,451339,2025,,PENDING
,USD,,customerapplication,451340,2025,,PENDING
,USD,,customerapplication,451341,2025,,PENDING
,USD,,customerapplication,451342,2025,,PENDING
,USD,,customerapplication,451343,2025,,PENDING
,USD,,customerapplication,451344,2025,,PENDING
,USD,,customerapplication,451345,2025,,PENDING
,USD,,customerapplication,451346,2025,,PENDING
,USD,,customerapplication,451347,2025,,PENDING
,USD,,customerapplication,451348,2025,,PENDING
,USD,,customerapplication,451349,2025,,PENDING
,USD,,customerapplication,451350,2025,,PENDING
,USD,,customerapplication,451351,2025,,PENDING
,USD,,customerapplication,451352,2025,,PENDING
,USD,,customerapplication,451353,2025,,PENDING
,USD,,customerapplication,451354,2025,,PENDING
,USD,,customerapplication,451355,2025,,PENDING
,USD,,customerapplication,451356,2025,,PENDING
,USD,,customerapplication,451357,2025,,PENDING
,USD,,customerapplication,451358,2025,,PENDING
,USD,,customerapplication,451359,2025,,PENDING
,USD,,customerapplication,451360,2025,,PENDING
,USD,,customerapplication,451361,2025,,PENDING
,USD,,customerapplication,451362,2025,,PENDING
,USD,,customerapplication,451363,2025,,PENDING
,USD,,customerapplication,451364,2025,,PENDING
,USD,,customerapplication,451365,2025,,PENDING
,USD,,customerapplication,451366,2025,,PENDING
,USD,,customerapplication,451367,2025,,PENDING
,USD,,customerapplication,451368,2025,,PENDING
,USD,,customerapplication,451369,2025,,PENDING
,USD,,customerapplication,451370,2025,,PENDING
,USD,,customerapplication,451371,2025,,PENDING
,USD,,customerapplication,451372,2025,,PENDING
,USD,,customerapplication,451373,2025,,PENDING
,USD,,customerapplication,451374,2025,,PENDING
,USD,,customerapplication,451375,2025,,PENDING
,USD,,customerapplication,451376,2025,,PENDING
,USD,,customerapplication,451377,2025,,PENDING
,USD,,customerapplication,451378,2025,,PENDING
,USD,,customerapplication,451379,2025,,PENDING
,USD,,customerapplication,451380,2025,,PENDING
,USD,,customerapplication,451381,2025,,PENDING
,USD,,customerapplication,451382,2025,,PENDING
,USD,,customerapplication,451383,2025,,PENDING
,USD,,customerapplication,451384,2025,,PENDING
,USD,,customerapplication,451385,2025,,PENDING
,USD,,customerapplication,451386,2025,,PENDING
,USD,,customerapplication,451387,2025,,PENDING
,USD,,customerapplication,451388,2025,,PENDING
,USD,,customerapplication,451389,2025,,PENDING
,USD,,customerapplication,451390,2025,,PENDING
,USD,,customerapplication,451391,2025,,PENDING
,USD,,customerapplication,451392,2025,,PENDING
,USD,,customerapplication,451393,2025,,PENDING
,USD,,customerapplication,451394,2025,,PENDING
,USD,,customerapplication,451395,2025,,PENDING
,USD,,customerapplication,451396,2025,,PENDING
,USD,,customerapplication,451397,2025,,PENDING
,USD,,customerapplication,451398,2025,,PENDING
,USD,,customerapplication,451399,2025,,PENDING
,USD,,customerapplication,451400,2025,,PENDING
,USD,,customerapplication,451401,2025,,PENDING
,USD,,customerapplication,451402,2025,,PENDING
,USD,,customerapplication,451403,2025,,PENDING
,USD,,customerapplication,451404,2025,,PENDING
,USD,,customerapplication,451405,2025,,PENDING
,USD,,customerapplication,451407,2025,,PENDING
,USD,,customerapplication,451408,2025,,PENDING
,USD,,customerapplication,451409,2025,,PENDING
,USD,,customerapplication,451410,2025,,PENDING
,USD,,customerapplication,451411,2025,,PENDING
,USD,,customerapplication,451412,2025,,PENDING
,USD,,customerapplication,451413,2025,,PENDING
,USD,,customerapplication,451414,2025,,PENDING
,USD,,customerapplication,451415,2025,,PENDING
,USD,,customerapplication,451416,2025,,PENDING
,USD,,customerapplication,451417,2025,,PENDING
,USD,,customerapplication,451418,2025,,PENDING
,USD,,customerapplication,451419,2025,,PENDING
,USD,,customerapplication,451420,2025,,PENDING
,USD,,customerapplication,451421,2025,,PENDING
,USD,,customerapplication,451422,2025,,PENDING
,USD,,customerapplication,451423,2025,,PENDING
,USD,,customerapplication,451424,2025,,PENDING
,USD,,customerapplication,451425,2025,,PENDING
,USD,,customerapplication,451426,2025,,PENDING
,USD,,customerapplication,451428,2025,,PENDING
,USD,,customerapplication,451429,2025,,PENDING
,USD,,customerapplication,451430,2025,,PENDING
,USD,,customerapplication,451431,2025,,PENDING
,USD,,customerapplication,451432,2025,,PENDING
,USD,,customerapplication,451434,2025,,PENDING
,USD,,customerapplication,451435,2025,,PENDING
,USD,,customerapplication,451436,2025,,PENDING
,USD,,customerapplication,451437,2025,,PENDING
,USD,,customerapplication,451438,2025,,PENDING
,USD,,customerapplication,451439,2025,,PENDING
,USD,,customerapplication,451440,2025,,PENDING
,USD,,customerapplication,451441,2025,,PENDING
,USD,,customerapplication,451442,2025,,PENDING
,USD,,customerapplication,451443,2025,,PENDING
,USD,,customerapplication,451444,2025,,PENDING
,USD,,customerapplication,451445,2025,,PENDING
,USD,,customerapplication,451446,2025,,PENDING
,USD,,customerapplication,451447,2025,,PENDING
,USD,,customerapplication,451448,2025,,PENDING
,USD,,customerapplication,451449,2025,,PENDING
,USD,,customerapplication,451450,2025,,PENDING
,USD,,customerapplication,451451,2025,,PENDING
,USD,,customerapplication,451452,2025,,PENDING
,USD,,customerapplication,451453,2025,,PENDING
,USD,,customerapplication,451454,2025,,PENDING
,USD,,customerapplication,451455,2025,,PENDING
,USD,,customerapplication,451456,2025,,PENDING
,USD,,customerapplication,451457,2025,,PENDING
,USD,,customerapplication,451458,2025,,PENDING
,USD,,customerapplication,451459,2025,,PENDING
,USD,,customerapplication,451460,2025,,PENDING
,USD,,customerapplication,451461,2025,,PENDING
,USD,,customerapplication,451462,2025,,PENDING
,USD,,customerapplication,451463,2025,,PENDING
,USD,,customerapplication,451464,2025,,PENDING
,USD,,customerapplication,451465,2025,,PENDING
,USD,,customerapplication,451466,2025,,PENDING
,USD,,customerapplication,451467,2025,,PENDING
,USD,,customerapplication,451468,2025,,PENDING
,USD,,customerapplication,451469,2025,,PENDING
,USD,,customerapplication,451470,2025,,PENDING
,USD,,customerapplication,451471,2025,,PENDING
,USD,,customerapplication,451472,2025,,PENDING
,USD,,customerapplication,451473,2025,,PENDING
,USD,,customerapplication,451474,2025,,PENDING
,USD,,customerapplication,451475,2025,,PENDING
,USD,,customerapplication,451476,2025,,PENDING
,USD,,customerapplication,451477,2025,,PENDING
,USD,,customerapplication,451478,2025,,PENDING
,USD,,customerapplication,451479,2025,,PENDING
,USD,,customerapplication,451480,2025,,PENDING
,USD,,customerapplication,451481,2025,,PENDING
,USD,,customerapplication,451482,2025,,PENDING
,USD,,customerapplication,451483,2025,,PENDING
,USD,,customerapplication,451484,2025,,PENDING
,USD,,customerapplication,451485,2025,,PENDING
,USD,,customerapplication,451486,2025,,PENDING
,USD,,customerapplication,451487,2025,,PENDING
,USD,,customerapplication,451488,2025,,PENDING
,USD,,customerapplication,451489,2025,,PENDING
,USD,,customerapplication,451490,2025,,PENDING
,USD,,customerapplication,451491,2025,,PENDING
,USD,,customerapplication,451492,2025,,PENDING
,USD,,customerapplication,451493,2025,,PENDING
,USD,,customerapplication,451494,2025,,PENDING
,USD,,customerapplication,451495,2025,,PENDING
,USD,,customerapplication,451496,2025,,PENDING
,USD,,customerapplication,451498,2025,,PENDING
,USD,,customerapplication,451499,2025,,PENDING
,USD,,customerapplication,451500,2025,,PENDING
,USD,,customerapplication,451501,2025,,PENDING
,USD,,customerapplication,451502,2025,,PENDING
,USD,,customerapplication,451503,2025,,PENDING
,USD,,customerapplication,451504,2025,,PENDING
,USD,,customerapplication,451505,2025,,PENDING
,USD,,customerapplication,451506,2025,,PENDING
,USD,,customerapplication,451507,2025,,PENDING
,USD,,customerapplication,451508,2025,,PENDING
,USD,,customerapplication,451509,2025,,PENDING
,USD,,customerapplication,451510,2025,,PENDING
,USD,,customerapplication,451511,2025,,PENDING
,USD,,customerapplication,451512,2025,,PENDING
,USD,,customerapplication,451513,2025,,PENDING
,USD,,customerapplication,451514,2025,,PENDING
,USD,,customerapplication,451515,2025,,PENDING
,USD,,customerapplication,451516,2025,,PENDING
,USD,,customerapplication,451517,2025,,PENDING
,USD,,customerapplication,451518,2025,,PENDING
,USD,,customerapplication,451519,2025,,PENDING
,USD,,customerapplication,451520,2025,,PENDING
,USD,,customerapplication,451521,2025,,PENDING
,USD,,customerapplication,451522,2025,,PENDING
,USD,,customerapplication,451523,2025,,PENDING
,USD,,customerapplication,451524,2025,,PENDING
,USD,,customerapplication,451525,2025,,PENDING
,USD,,customerapplication,451526,2025,,PENDING
,USD,,customerapplication,451527,2025,,PENDING
,USD,,customerapplication,451528,2025,,PENDING
,USD,,customerapplication,451529,2025,,PENDING
,USD,,customerapplication,451530,2025,,PENDING
,USD,,customerapplication,451531,2025,,PENDING
,USD,,customerapplication,451532,2025,,PENDING
,USD,,customerapplication,451533,2025,,PENDING
,USD,,customerapplication,451534,2025,,PENDING
,USD,,customerapplication,451535,2025,,PENDING
,USD,,customerapplication,451536,2025,,PENDING
,USD,,customerapplication,451537,2025,,PENDING
,USD,,customerapplication,451538,2025,,PENDING
,USD,,customerapplication,451539,2025,,PENDING
,USD,,customerapplication,451540,2025,,PENDING
,USD,,customerapplication,451541,2025,,PENDING
,USD,,customerapplication,451542,2025,,PENDING
,USD,,customerapplication,451543,2025,,PENDING
,USD,,customerapplication,451544,2025,,PENDING
,USD,,customerapplication,451545,2025,,PENDING
,USD,,customerapplication,451546,2025,,PENDING
,USD,,customerapplication,451547,2025,,PENDING
,USD,,customerapplication,451548,2025,,PENDING
,USD,,customerapplication,451549,2025,,PENDING
,USD,,customerapplication,451550,2025,,PENDING
,USD,,customerapplication,451551,2025,,PENDING
,USD,,customerapplication,451552,2025,,PENDING
,USD,,customerapplication,451553,2025,,PENDING
,USD,,customerapplication,451554,2025,,PENDING
,USD,,customerapplication,451555,2025,,PENDING
,USD,,customerapplication,451556,2025,,PENDING
,USD,,customerapplication,451557,2025,,PENDING
,USD,,customerapplication,451558,2025,,PENDING
,USD,,customerapplication,451559,2025,,PENDING
,USD,,customerapplication,451560,2025,,PENDING
,USD,,customerapplication,451561,2025,,PENDING
,USD,,customerapplication,451562,2025,,PENDING
,USD,,customerapplication,451563,2025,,PENDING
,USD,,customerapplication,451564,2025,,PENDING
,USD,,customerapplication,451565,2025,,PENDING
,USD,,customerapplication,451566,2025,,PENDING
,USD,,customerapplication,451567,2025,,PENDING
,USD,,customerapplication,451568,2025,,PENDING
,USD,,customerapplication,451569,2025,,PENDING
,USD,,customerapplication,451570,2025,,PENDING
,USD,,customerapplication,451571,2025,,PENDING
,USD,,customerapplication,451572,2025,,PENDING
,USD,,customerapplication,451573,2025,,PENDING
,USD,,customerapplication,451574,2025,,PENDING
,USD,,customerapplication,451575,2025,,PENDING
,USD,,customerapplication,451576,2025,,PENDING
,USD,,customerapplication,451577,2025,,PENDING
,USD,,customerapplication,451578,2025,,PENDING
,USD,,customerapplication,451579,2025,,PENDING
,USD,,customerapplication,451580,2025,,PENDING
,USD,,customerapplication,451581,2025,,PENDING
,USD,,customerapplication,451582,2025,,PENDING
,USD,,customerapplication,451583,2025,,PENDING
,USD,,customerapplication,451584,2025,,PENDING
,USD,,customerapplication,451585,2025,,PENDING
,USD,,customerapplication,451586,2025,,PENDING
,USD,,customerapplication,451587,2025,,PENDING
,USD,,customerapplication,451588,2025,,PENDING
,USD,,customerapplication,451589,2025,,PENDING
,USD,,customerapplication,451590,2025,,PENDING
,USD,,customerapplication,451591,2025,,PENDING
,USD,,customerapplication,451592,2025,,PENDING
,USD,,customerapplication,451593,2025,,PENDING
,USD,,customerapplication,451594,2025,,PENDING
,USD,,customerapplication,451595,2025,,PENDING
,USD,,customerapplication,451596,2025,,PENDING
,USD,,customerapplication,451597,2025,,PENDING
,USD,,customerapplication,451598,2025,,PENDING
,USD,,customerapplication,451599,2025,,PENDING
,USD,,customerapplication,451600,2025,,PENDING
,USD,,customerapplication,451601,2025,,PENDING
,USD,,customerapplication,451602,2025,,PENDING
,USD,,customerapplication,451603,2025,,PENDING
,USD,,customerapplication,451604,2025,,PENDING
,USD,,customerapplication,451605,2025,,PENDING
,USD,,customerapplication,451606,2025,,PENDING
,USD,,customerapplication,451607,2025,,PENDING
,USD,,customerapplication,451608,2025,,PENDING
,USD,,customerapplication,451609,2025,,PENDING
,USD,,customerapplication,451610,2025,,PENDING
,USD,,customerapplication,451611,2025,,PENDING
,USD,,customerapplication,451612,2025,,PENDING
,USD,,customerapplication,451613,2025,,PENDING
,USD,,customerapplication,451614,2025,,PENDING
,USD,,customerapplication,451615,2025,,PENDING
,USD,,customerapplication,451616,2025,,PENDING
,USD,,customerapplication,451617,2025,,PENDING
,USD,,customerapplication,451618,2025,,PENDING
,USD,,customerapplication,451619,2025,,PENDING
,USD,,customerapplication,451620,2025,,PENDING
,USD,,customerapplication,451621,2025,,PENDING
,USD,,customerapplication,451622,2025,,PENDING
,USD,,customerapplication,451623,2025,,PENDING
,USD,,customerapplication,451624,2025,,PENDING
,USD,,customerapplication,451625,2025,,PENDING
,USD,,customerapplication,451626,2025,,PENDING
,USD,,customerapplication,451627,2025,,PENDING
,USD,,customerapplication,451628,2025,,PENDING
,USD,,customerapplication,451629,2025,,PENDING
,USD,,customerapplication,451630,2025,,PENDING
,USD,,customerapplication,451631,2025,,PENDING
,USD,,customerapplication,451632,2025,,PENDING
,USD,,customerapplication,451633,2025,,PENDING
,USD,,customerapplication,451634,2025,,PENDING
,USD,,customerapplication,451635,2025,,PENDING
,USD,,customerapplication,451636,2025,,PENDING
,USD,,customerapplication,451637,2025,,PENDING
,USD,,customerapplication,451638,2025,,PENDING
,USD,,customerapplication,451639,2025,,PENDING
,USD,,customerapplication,451640,2025,,PENDING
,USD,,customerapplication,451641,2025,,PENDING
,USD,,customerapplication,451642,2025,,PENDING
,USD,,customerapplication,451643,2025,,PENDING
,USD,,customerapplication,451644,2025,,PENDING
,USD,,customerapplication,451645,2025,,PENDING
,USD,,customerapplication,451647,2025,,PENDING
,USD,,customerapplication,451648,2025,,PENDING
,USD,,customerapplication,451649,2025,,PENDING
,USD,,customerapplication,451650,2025,,PENDING
,USD,,customerapplication,451651,2025,,PENDING
,USD,,customerapplication,451652,2025,,PENDING
,USD,,customerapplication,451653,2025,,PENDING
,USD,,customerapplication,451654,2025,,PENDING
,USD,,customerapplication,451655,2025,,PENDING
,USD,,customerapplication,451656,2025,,PENDING
,USD,,customerapplication,451657,2025,,PENDING
,USD,,customerapplication,451659,2025,,PENDING
,USD,,customerapplication,451660,2025,,PENDING
,USD,,customerapplication,451661,2025,,PENDING
,USD,,customerapplication,451662,2025,,PENDING
,USD,,customerapplication,451663,2025,,PENDING
,USD,,customerapplication,451664,2025,,PENDING
,USD,,customerapplication,451665,2025,,PENDING
,USD,,customerapplication,451666,2025,,PENDING
,USD,,customerapplication,451667,2025,,PENDING
,USD,,customerapplication,451668,2025,,PENDING
,USD,,customerapplication,451669,2025,,PENDING
,USD,,customerapplication,451670,2025,,PENDING
,USD,,customerapplication,451671,2025,,PENDING
,USD,,customerapplication,451672,2025,,PENDING
,USD,,customerapplication,451673,2025,,PENDING
,USD,,customerapplication,451674,2025,,PENDING
,USD,,customerapplication,451675,2025,,PENDING
,USD,,customerapplication,451676,2025,,PENDING
,USD,,customerapplication,451677,2025,,PENDING
,USD,,customerapplication,451678,2025,,PENDING
,USD,,customerapplication,451679,2025,,PENDING
,USD,,customerapplication,451680,2025,,PENDING
,USD,,customerapplication,451681,2025,,PENDING
,USD,,customerapplication,451682,2025,,PENDING
,USD,,customerapplication,451683,2025,,PENDING
,USD,,customerapplication,451684,2025,,PENDING
,USD,,customerapplication,451685,2025,,PENDING
,USD,,customerapplication,451686,2025,,PENDING
,USD,,customerapplication,451687,2025,,PENDING
,USD,,customerapplication,451688,2025,,PENDING
,USD,,customerapplication,451689,2025,,PENDING
,USD,,customerapplication,451690,2025,,PENDING
,USD,,customerapplication,451691,2025,,PENDING
,USD,,customerapplication,451692,2025,,PENDING
,USD,,customerapplication,451693,2025,,PENDING
,USD,,customerapplication,451694,2025,,PENDING
,USD,,customerapplication,451695,2025,,PENDING
,USD,,customerapplication,451696,2025,,PENDING
,USD,,customerapplication,451697,2025,,PENDING
,USD,,customerapplication,451698,2025,,PENDING
,USD,,customerapplication,451699,2025,,PENDING
,USD,,customerapplication,451700,2025,,PENDING
,USD,,customerapplication,451701,2025,,PENDING
,USD,,customerapplication,451702,2025,,PENDING
,USD,,customerapplication,451703,2025,,PENDING
,USD,,customerapplication,451705,2025,,PENDING
,USD,,customerapplication,451706,2025,,PENDING
,USD,,customerapplication,451707,2025,,PENDING
,USD,,customerapplication,451708,2025,,PENDING
,USD,,customerapplication,451709,2025,,PENDING
,USD,,customerapplication,451710,2025,,PENDING
,USD,,customerapplication,451711,2025,,PENDING
,USD,,customerapplication,451713,2025,,PENDING
,USD,,customerapplication,451714,2025,,PENDING
,USD,,customerapplication,451715,2025,,PENDING
,USD,,customerapplication,451716,2025,,PENDING
,USD,,customerapplication,451717,2025,,PENDING
,USD,,customerapplication,451718,2025,,PENDING
,USD,,customerapplication,451719,2025,,PENDING
,USD,,customerapplication,451720,2025,,PENDING
,USD,,customerapplication,451721,2025,,PENDING
,USD,,customerapplication,451722,2025,,PENDING
,USD,,customerapplication,451723,2025,,PENDING
,USD,,customerapplication,451724,2025,,PENDING
,USD,,customerapplication,451725,2025,,PENDING
,USD,,customerapplication,451726,2025,,PENDING
,USD,,customerapplication,451727,2025,,PENDING
,USD,,customerapplication,451728,2025,,PENDING
,USD,,customerapplication,451729,2025,,PENDING
,USD,,customerapplication,451730,2025,,PENDING
,USD,,customerapplication,451731,2025,,PENDING
,USD,,customerapplication,451733,2025,,PENDING
,USD,,customerapplication,451734,2025,,PENDING
,USD,,customerapplication,451735,2025,,PENDING
,USD,,customerapplication,451736,2025,,PENDING
,USD,,customerapplication,451737,2025,,PENDING
,USD,,customerapplication,451738,2025,,PENDING
,USD,,customerapplication,451739,2025,,PENDING
,USD,,customerapplication,451740,2025,,PENDING
,USD,,customerapplication,451741,2025,,PENDING
,USD,,customerapplication,451742,2025,,PENDING
,USD,,customerapplication,451746,2025,,PENDING
,USD,,customerapplication,451747,2025,,PENDING
,USD,,customerapplication,451748,2025,,PENDING
,USD,,customerapplication,451749,2025,,PENDING
,USD,,customerapplication,451750,2025,,PENDING
,USD,,customerapplication,451751,2025,,PENDING
,USD,,customerapplication,451752,2025,,PENDING
,USD,,customerapplication,451753,2025,,PENDING
,USD,,customerapplication,451754,2025,,PENDING
,USD,,customerapplication,451755,2025,,PENDING
,USD,,customerapplication,451756,2025,,PENDING
,USD,,customerapplication,451757,2025,,PENDING
,USD,,customerapplication,451758,2025,,PENDING
,USD,,customerapplication,451759,2025,,PENDING
,USD,,customerapplication,451760,2025,,PENDING
,USD,,customerapplication,451761,2025,,PENDING
,USD,,customerapplication,451762,2025,,PENDING
,USD,,customerapplication,451763,2025,,PENDING
,USD,,customerapplication,451764,2025,,PENDING
,USD,,customerapplication,451765,2025,,PENDING
,USD,,customerapplication,451766,2025,,PENDING
,USD,,customerapplication,451767,2025,,PENDING
,USD,,customerapplication,451768,2025,,PENDING
,USD,,customerapplication,451769,2025,,PENDING
,USD,,customerapplication,451770,2025,,PENDING
,USD,,customerapplication,451771,2025,,PENDING
,USD,,customerapplication,451772,2025,,PENDING
,USD,,customerapplication,451773,2025,,PENDING
,USD,,customerapplication,451774,2025,,PENDING
,USD,,customerapplication,451775,2025,,PENDING
,USD,,customerapplication,451776,2025,,PENDING
,USD,,customerapplication,451777,2025,,PENDING
,USD,,customerapplication,451778,2025,,PENDING
,USD,,customerapplication,451779,2025,,PENDING
,USD,,customerapplication,451780,2025,,PENDING
,USD,,customerapplication,451781,2025,,PENDING
,USD,,customerapplication,451782,2025,,PENDING
,USD,,customerapplication,451783,2025,,PENDING
,USD,,customerapplication,451784,2025,,PENDING
,USD,,customerapplication,451785,2025,,PENDING
,USD,,customerapplication,451786,2025,,PENDING
,USD,,customerapplication,451787,2025,,PENDING
,USD,,customerapplication,451788,2025,,PENDING
,USD,,customerapplication,451789,2025,,PENDING
,USD,,customerapplication,451790,2025,,PENDING
,USD,,customerapplication,451791,2025,,PENDING
,USD,,customerapplication,451792,2025,,PENDING
,USD,,customerapplication,451793,2025,,PENDING
,USD,,customerapplication,451794,2025,,PENDING
,USD,,customerapplication,451795,2025,,PENDING
,USD,,customerapplication,451797,2025,,PENDING
,USD,,customerapplication,451798,2025,,PENDING
,USD,,customerapplication,451799,2025,,PENDING
,USD,,customerapplication,451800,2025,,PENDING
,USD,,customerapplication,451801,2025,,PENDING
,USD,,customerapplication,451802,2025,,PENDING
,USD,,customerapplication,451803,2025,,PENDING
,USD,,customerapplication,451804,2025,,PENDING
,USD,,customerapplication,451805,2025,,PENDING
,USD,,customerapplication,451806,2025,,PENDING
,USD,,customerapplication,451807,2025,,PENDING
,USD,,customerapplication,451808,2025,,PENDING
,USD,,customerapplication,451809,2025,,PENDING
,USD,,customerapplication,451810,2025,,PENDING
,USD,,customerapplication,451811,2025,,PENDING
,USD,,customerapplication,451812,2025,,PENDING
,USD,,customerapplication,451813,2025,,PENDING
,USD,,customerapplication,451814,2025,,PENDING
,USD,,customerapplication,451815,2025,,PENDING
,USD,,customerapplication,451816,2025,,PENDING
,USD,,customerapplication,451817,2025,,PENDING
,USD,,customerapplication,451818,2025,,PENDING
,USD,,customerapplication,451819,2025,,PENDING
,USD,,customerapplication,451820,2025,,PENDING
,USD,,customerapplication,451821,2025,,PENDING
,USD,,customerapplication,451822,2025,,PENDING
,USD,,customerapplication,451823,2025,,PENDING
,USD,,customerapplication,451824,2025,,PENDING
,USD,,customerapplication,451825,2025,,PENDING
,USD,,customerapplication,451826,2025,,PENDING
,USD,,customerapplication,451827,2025,,PENDING
,USD,,customerapplication,451829,2025,,PENDING
,USD,,customerapplication,451830,2025,,PENDING
,USD,,customerapplication,451833,2025,,PENDING
,USD,,customerapplication,451834,2025,,PENDING
,USD,,customerapplication,451835,2025,,PENDING
,USD,,customerapplication,451836,2025,,PENDING
,USD,,customerapplication,451837,2025,,PENDING
,USD,,customerapplication,451838,2025,,PENDING
,USD,,customerapplication,451839,2025,,PENDING
,USD,,customerapplication,451840,2025,,PENDING
,USD,,customerapplication,451841,2025,,PENDING
,USD,,customerapplication,451842,2025,,PENDING
,USD,,customerapplication,451843,2025,,PENDING
,USD,,customerapplication,451844,2025,,PENDING
,USD,,customerapplication,451845,2025,,PENDING
,USD,,customerapplication,451846,2025,,PENDING
,USD,,customerapplication,451847,2025,,PENDING
,USD,,customerapplication,451848,2025,,PENDING
,USD,,customerapplication,451849,2025,,PENDING
,USD,,customerapplication,451850,2025,,PENDING
,USD,,customerapplication,451851,2025,,PENDING
,USD,,customerapplication,451852,2025,,PENDING
,USD,,customerapplication,451853,2025,,PENDING
,USD,,customerapplication,451854,2025,,PENDING
,USD,,customerapplication,451855,2025,,PENDING
,USD,,customerapplication,451856,2025,,PENDING
,USD,,customerapplication,451857,2025,,PENDING
,USD,,customerapplication,451860,2025,,PENDING
,USD,,customerapplication,451861,2025,,PENDING
,USD,,customerapplication,451862,2025,,PENDING
,USD,,customerapplication,451863,2025,,PENDING
,USD,,customerapplication,451864,2025,,PENDING
,USD,,customerapplication,451865,2025,,PENDING
,USD,,customerapplication,451866,2025,,PENDING
,USD,,customerapplication,451867,2025,,PENDING
,USD,,customerapplication,451868,2025,,PENDING
,USD,,customerapplication,451869,2025,,PENDING
,USD,,customerapplication,451870,2025,,PENDING
,USD,,customerapplication,451872,2025,,PENDING
,USD,,customerapplication,451873,2025,,PENDING
,USD,,customerapplication,451874,2025,,PENDING
,USD,,customerapplication,451875,2025,,PENDING
,USD,,customerapplication,451876,2025,,PENDING
,USD,,customerapplication,451877,2025,,PENDING
,USD,,customerapplication,451879,2025,,PENDING
,USD,,customerapplication,451880,2025,,PENDING
,USD,,customerapplication,451881,2025,,PENDING
,USD,,customerapplication,451882,2025,,PENDING
,USD,,customerapplication,451883,2025,,PENDING
,USD,,customerapplication,451884,2025,,PENDING
,USD,,customerapplication,451885,2025,,PENDING
,USD,,customerapplication,451886,2025,,PENDING
,USD,,customerapplication,451887,2025,,PENDING
,USD,,customerapplication,451890,2025,,PENDING
,USD,,customerapplication,451891,2025,,PENDING
,USD,,customerapplication,451892,2025,,PENDING
,USD,,customerapplication,451893,2025,,PENDING
,USD,,customerapplication,451894,2025,,PENDING
,USD,,customerapplication,451896,2025,,PENDING
,USD,,customerapplication,451897,2025,,PENDING
,USD,,customerapplication,451898,2025,,PENDING
,USD,,customerapplication,451899,2025,,PENDING
,USD,,customerapplication,451900,2025,,PENDING
,USD,,customerapplication,451901,2025,,PENDING
,USD,,customerapplication,451902,2025,,PENDING
,USD,,customerapplication,451903,2025,,PENDING
,USD,,customerapplication,451904,2025,,PENDING
,USD,,customerapplication,451905,2025,,PENDING
,USD,,customerapplication,451906,2025,,PENDING
,USD,,customerapplication,451907,2025,,PENDING
,USD,,customerapplication,451908,2025,,PENDING
,USD,,customerapplication,451909,2025,,PENDING
,USD,,customerapplication,451910,2025,,PENDING
,USD,,customerapplication,451911,2025,,PENDING
,USD,,customerapplication,451912,2025,,PENDING
,USD,,customerapplication,451913,2025,,PENDING
,USD,,customerapplication,451914,2025,,PENDING
,USD,,customerapplication,451915,2025,,PENDING
,USD,,customerapplication,451916,2025,,PENDING
,USD,,customerapplication,451917,2025,,PENDING
,USD,,customerapplication,451918,2025,,PENDING
,USD,,customerapplication,451919,2025,,PENDING
,USD,,customerapplication,451920,2025,,PENDING
,USD,,customerapplication,451921,2025,,PENDING
,USD,,customerapplication,451922,2025,,PENDING
,USD,,customerapplication,451923,2025,,PENDING
,USD,,customerapplication,451924,2025,,PENDING
,USD,,customerapplication,451925,2025,,PENDING
,USD,,customerapplication,451926,2025,,PENDING
,USD,,customerapplication,451927,2025,,PENDING
,USD,,customerapplication,451928,2025,,PENDING
,USD,,customerapplication,451929,2025,,PENDING
,USD,,customerapplication,451930,2025,,PENDING
,USD,,customerapplication,451931,2025,,PENDING
,USD,,customerapplication,451932,2025,,PENDING
,USD,,customerapplication,451933,2025,,PENDING
,USD,,customerapplication,451934,2025,,PENDING
,USD,,customerapplication,451935,2025,,PENDING
,USD,,customerapplication,451936,2025,,PENDING
,USD,,customerapplication,451937,2025,,PENDING
,USD,,customerapplication,451938,2025,,PENDING
,USD,,customerapplication,451939,2025,,PENDING
,USD,,customerapplication,451940,2025,,PENDING
,USD,,customerapplication,451941,2025,,PENDING
,USD,,customerapplication,451942,2025,,PENDING
,USD,,customerapplication,451943,2025,,PENDING
,USD,,customerapplication,451944,2025,,PENDING
,USD,,customerapplication,451945,2025,,PENDING
,USD,,customerapplication,451946,2025,,PENDING
,USD,,customerapplication,451947,2025,,PENDING
,USD,,customerapplication,451948,2025,,PENDING
,USD,,customerapplication,451949,2025,,PENDING
,USD,,customerapplication,451950,2025,,PENDING
,USD,,customerapplication,451951,2025,,PENDING
,USD,,customerapplication,451952,2025,,PENDING
,USD,,customerapplication,451953,2025,,PENDING
,USD,,customerapplication,451954,2025,,PENDING
,USD,,customerapplication,451955,2025,,PENDING
,USD,,customerapplication,451956,2025,,PENDING
,USD,,customerapplication,451957,2025,,PENDING
,USD,,customerapplication,451958,2025,,PENDING
,USD,,customerapplication,451959,2025,,PENDING
,USD,,customerapplication,451960,2025,,PENDING
,USD,,customerapplication,451961,2025,,PENDING
,USD,,customerapplication,451962,2025,,PENDING
,USD,,customerapplication,451963,2025,,PENDING
,USD,,customerapplication,451964,2025,,PENDING
,USD,,customerapplication,451965,2025,,PENDING
,USD,,customerapplication,451966,2025,,PENDING
,USD,,customerapplication,451967,2025,,PENDING
,USD,,customerapplication,451968,2025,,PENDING
,USD,,customerapplication,451969,2025,,PENDING
,USD,,customerapplication,451970,2025,,PENDING
,USD,,customerapplication,451971,2025,,PENDING
,USD,,customerapplication,451972,2025,,PENDING
,USD,,customerapplication,451973,2025,,PENDING
,USD,,customerapplication,451974,2025,,PENDING
,USD,,customerapplication,451975,2025,,PENDING
,USD,,customerapplication,451976,2025,,PENDING
,USD,,customerapplication,451977,2025,,PENDING
,USD,,customerapplication,451978,2025,,PENDING
,USD,,customerapplication,451979,2025,,PENDING
,USD,,customerapplication,451980,2025,,PENDING
,USD,,customerapplication,451981,2025,,PENDING
,USD,,customerapplication,451982,2025,,PENDING
,USD,,customerapplication,451983,2025,,PENDING
,USD,,customerapplication,451984,2025,,PENDING
,USD,,customerapplication,451985,2025,,PENDING
,USD,,customerapplication,451986,2025,,PENDING
,USD,,customerapplication,451987,2025,,PENDING
,USD,,customerapplication,451988,2025,,PENDING
,USD,,customerapplication,451989,2025,,PENDING
,USD,,customerapplication,451990,2025,,PENDING
,USD,,customerapplication,451991,2025,,PENDING
,USD,,customerapplication,451992,2025,,PENDING
,USD,,customerapplication,451993,2025,,PENDING
,USD,,customerapplication,451994,2025,,PENDING
,USD,,customerapplication,451995,2025,,PENDING
,USD,,customerapplication,451996,2025,,PENDING
,USD,,customerapplication,451997,2025,,PENDING
,USD,,customerapplication,451998,2025,,PENDING
,USD,,customerapplication,451999,2025,,PENDING
,USD,,customerapplication,452000,2025,,PENDING
,USD,,customerapplication,452001,2025,,PENDING
,USD,,customerapplication,452002,2025,,PENDING
,USD,,customerapplication,452004,2025,,PENDING
,USD,,customerapplication,452005,2025,,PENDING
,USD,,customerapplication,452006,2025,,PENDING
,USD,,customerapplication,452007,2025,,PENDING
,USD,,customerapplication,452008,2025,,PENDING
,USD,,customerapplication,452009,2025,,PENDING
,USD,,customerapplication,452010,2025,,PENDING
,USD,,customerapplication,452011,2025,,PENDING
,USD,,customerapplication,452012,2025,,PENDING
,USD,,customerapplication,452013,2025,,PENDING
,USD,,customerapplication,452015,2025,,PENDING
,USD,,customerapplication,452016,2025,,PENDING
,USD,,customerapplication,452017,2025,,PENDING
,USD,,customerapplication,452018,2025,,PENDING
,USD,,customerapplication,452019,2025,,PENDING
,USD,,customerapplication,452020,2025,,PENDING
,USD,,customerapplication,452021,2025,,PENDING
,USD,,customerapplication,452022,2025,,PENDING
,USD,,customerapplication,452023,2025,,PENDING
,USD,,customerapplication,452024,2025,,PENDING
,USD,,customerapplication,452025,2025,,PENDING
,USD,,customerapplication,452026,2025,,PENDING
,USD,,customerapplication,452027,2025,,PENDING
,USD,,customerapplication,452028,2025,,PENDING
,USD,,customerapplication,452029,2025,,PENDING
,USD,,customerapplication,452030,2025,,PENDING
,USD,,customerapplication,452031,2025,,PENDING
,USD,,customerapplication,452032,2025,,PENDING
,USD,,customerapplication,452033,2025,,PENDING
,USD,,customerapplication,452034,2025,,PENDING
,USD,,customerapplication,452035,2025,,PENDING
,USD,,customerapplication,452036,2025,,PENDING
,USD,,customerapplication,452037,2025,,PENDING
,USD,,customerapplication,452038,2025,,PENDING
,USD,,customerapplication,452039,2025,,PENDING
,USD,,customerapplication,452040,2025,,PENDING
,USD,,customerapplication,452041,2025,,PENDING
,USD,,customerapplication,452042,2025,,PENDING
,USD,,customerapplication,452043,2025,,PENDING
,USD,,customerapplication,452044,2025,,PENDING
,USD,,customerapplication,452045,2025,,PENDING
,USD,,customerapplication,452046,2025,,PENDING
,USD,,customerapplication,452047,2025,,PENDING
,USD,,customerapplication,452050,2025,,PENDING
,USD,,customerapplication,452051,2025,,PENDING
,USD,,customerapplication,452052,2025,,PENDING
,USD,,customerapplication,452053,2025,,PENDING
,USD,,customerapplication,452054,2025,,PENDING
,USD,,customerapplication,452055,2025,,PENDING
,USD,,customerapplication,452056,2025,,PENDING
,USD,,customerapplication,452057,2025,,PENDING
,USD,,customerapplication,452058,2025,,PENDING
,USD,,customerapplication,452059,2025,,PENDING
,USD,,customerapplication,452060,2025,,PENDING
,USD,,customerapplication,452061,2025,,PENDING
,USD,,customerapplication,452062,2025,,PENDING
,USD,,customerapplication,452063,2025,,PENDING
,USD,,customerapplication,452064,2025,,PENDING
,USD,,customerapplication,452065,2025,,PENDING
,USD,,customerapplication,452066,2025,,PENDING
,USD,,customerapplication,452067,2025,,PENDING
,USD,,customerapplication,452068,2025,,PENDING
,USD,,customerapplication,452069,2025,,PENDING
,USD,,customerapplication,452070,2025,,PENDING
,USD,,customerapplication,452071,2025,,PENDING
,USD,,customerapplication,452072,2025,,PENDING
,USD,,customerapplication,452074,2025,,PENDING
,USD,,customerapplication,452075,2025,,PENDING
,USD,,customerapplication,452076,2025,,PENDING
,USD,,customerapplication,452077,2025,,PENDING
,USD,,customerapplication,452078,2025,,PENDING
,USD,,customerapplication,452079,2025,,PENDING
,USD,,customerapplication,452080,2025,,PENDING
,USD,,customerapplication,452081,2025,,PENDING
,USD,,customerapplication,452082,2025,,PENDING
,USD,,customerapplication,452073,2025,,PENDING
,USD,,customerapplication,452083,2025,,PENDING
,USD,,customerapplication,452084,2025,,PENDING
,USD,,customerapplication,452085,2025,,PENDING
,USD,,customerapplication,452086,2025,,PENDING
,USD,,customerapplication,452087,2025,,PENDING
,USD,,customerapplication,452088,2025,,PENDING
,USD,,customerapplication,452089,2025,,PENDING
,USD,,customerapplication,452090,2025,,PENDING
,USD,,customerapplication,452091,2025,,PENDING
,USD,,customerapplication,452092,2025,,PENDING
,USD,,customerapplication,452093,2025,,PENDING
,USD,,customerapplication,452094,2025,,PENDING
,USD,,customerapplication,452095,2025,,PENDING
,USD,,customerapplication,452096,2025,,PENDING
,USD,,customerapplication,452097,2025,,PENDING
,USD,,customerapplication,452098,2025,,PENDING
,USD,,customerapplication,452099,2025,,PENDING
,USD,,customerapplication,452100,2025,,PENDING
,USD,,customerapplication,452101,2025,,PENDING
,USD,,customerapplication,452102,2025,,PENDING
,USD,,customerapplication,452103,2025,,PENDING
,USD,,customerapplication,452104,2025,,PENDING
,USD,,customerapplication,452105,2025,,PENDING
,USD,,customerapplication,452106,2025,,PENDING
,USD,,customerapplication,452107,2025,,PENDING
,USD,,customerapplication,452108,2025,,PENDING
,USD,,customerapplication,452109,2025,,PENDING
,USD,,customerapplication,452110,2025,,PENDING
,USD,,customerapplication,452111,2025,,PENDING
,USD,,customerapplication,452112,2025,,PENDING
,USD,,customerapplication,452113,2025,,PENDING
,USD,,customerapplication,452114,2025,,PENDING
,USD,,customerapplication,452115,2025,,PENDING
,USD,,customerapplication,452116,2025,,PENDING
,USD,,customerapplication,452117,2025,,PENDING
,USD,,customerapplication,452118,2025,,PENDING
,USD,,customerapplication,452119,2025,,PENDING
,USD,,customerapplication,452120,2025,,PENDING
,USD,,customerapplication,452121,2025,,PENDING
,USD,,customerapplication,452122,2025,,PENDING
,USD,,customerapplication,452123,2025,,PENDING
,USD,,customerapplication,452124,2025,,PENDING
,USD,,customerapplication,452125,2025,,PENDING
,USD,,customerapplication,452126,2025,,PENDING
,USD,,customerapplication,452127,2025,,PENDING
,USD,,customerapplication,452128,2025,,PENDING
,USD,,customerapplication,452129,2025,,PENDING
,USD,,customerapplication,452130,2025,,PENDING
,USD,,customerapplication,452131,2025,,PENDING
,USD,,customerapplication,452132,2025,,PENDING
,USD,,customerapplication,452133,2025,,PENDING
,USD,,customerapplication,452134,2025,,PENDING
,USD,,customerapplication,452135,2025,,PENDING
,USD,,customerapplication,452136,2025,,PENDING
,USD,,customerapplication,452137,2025,,PENDING
,USD,,customerapplication,452138,2025,,PENDING
,USD,,customerapplication,452139,2025,,PENDING
,USD,,customerapplication,452140,2025,,PENDING
,USD,,customerapplication,452141,2025,,PENDING
,USD,,customerapplication,452142,2025,,PENDING
,USD,,customerapplication,452143,2025,,PENDING
,USD,,customerapplication,452144,2025,,PENDING
,USD,,customerapplication,452145,2025,,PENDING
,USD,,customerapplication,452146,2025,,PENDING
,USD,,customerapplication,452147,2025,,PENDING
,USD,,customerapplication,452148,2025,,PENDING
,USD,,customerapplication,452149,2025,,PENDING
,USD,,customerapplication,452150,2025,,PENDING
,USD,,customerapplication,452151,2025,,PENDING
,USD,,customerapplication,452152,2025,,PENDING
,USD,,customerapplication,452153,2025,,PENDING
,USD,,customerapplication,452154,2025,,PENDING
,USD,,customerapplication,452155,2025,,PENDING
,USD,,customerapplication,452156,2025,,PENDING
,USD,,customerapplication,452157,2025,,PENDING
,USD,,customerapplication,452158,2025,,PENDING
,USD,,customerapplication,452159,2025,,PENDING
,USD,,customerapplication,452160,2025,,PENDING
,USD,,customerapplication,452161,2025,,PENDING
,USD,,customerapplication,452162,2025,,PENDING
,USD,,customerapplication,452163,2025,,PENDING
,USD,,customerapplication,452164,2025,,PENDING
,USD,,customerapplication,452165,2025,,PENDING
,USD,,customerapplication,452166,2025,,PENDING
,USD,,customerapplication,452167,2025,,PENDING
,USD,,customerapplication,452168,2025,,PENDING
,USD,,customerapplication,452169,2025,,PENDING
,USD,,customerapplication,452170,2025,,PENDING
,USD,,customerapplication,452171,2025,,PENDING
,USD,,customerapplication,452172,2025,,PENDING
,USD,,customerapplication,452173,2025,,PENDING
,USD,,customerapplication,452174,2025,,PENDING
,USD,,customerapplication,452175,2025,,PENDING
,USD,,customerapplication,452176,2025,,PENDING
,USD,,customerapplication,452177,2025,,PENDING
,USD,,customerapplication,452178,2025,,PENDING
,USD,,customerapplication,452179,2025,,PENDING
,USD,,customerapplication,452180,2025,,PENDING
,USD,,customerapplication,452181,2025,,PENDING
,USD,,customerapplication,452182,2025,,PENDING
,USD,,customerapplication,452183,2025,,PENDING
,USD,,customerapplication,452184,2025,,PENDING
,USD,,customerapplication,452185,2025,,PENDING
,USD,,customerapplication,452186,2025,,PENDING
,USD,,customerapplication,452187,2025,,PENDING
,USD,,customerapplication,452188,2025,,PENDING
,USD,,customerapplication,452189,2025,,PENDING
,USD,,customerapplication,452190,2025,,PENDING
,USD,,customerapplication,452191,2025,,PENDING
,USD,,customerapplication,452192,2025,,PENDING
,USD,,customerapplication,452193,2025,,PENDING
,USD,,customerapplication,452194,2025,,PENDING
,USD,,customerapplication,452195,2025,,PENDING
,USD,,customerapplication,452196,2025,,PENDING
,USD,,customerapplication,452197,2025,,PENDING
,USD,,customerapplication,452198,2025,,PENDING
,USD,,customerapplication,452199,2025,,PENDING
,USD,,customerapplication,452200,2025,,PENDING
,USD,,customerapplication,452201,2025,,PENDING
,USD,,customerapplication,452202,2025,,PENDING
,USD,,customerapplication,452203,2025,,PENDING
,USD,,customerapplication,452204,2025,,PENDING
,USD,,customerapplication,452205,2025,,PENDING
,USD,,customerapplication,452206,2025,,PENDING
,USD,,customerapplication,452207,2025,,PENDING
,USD,,customerapplication,452208,2025,,PENDING
,USD,,customerapplication,452209,2025,,PENDING
,USD,,customerapplication,452210,2025,,PENDING
,USD,,customerapplication,452211,2025,,PENDING
,USD,,customerapplication,452212,2025,,PENDING
,USD,,customerapplication,452213,2025,,PENDING
,USD,,customerapplication,452214,2025,,PENDING
,USD,,customerapplication,452215,2025,,PENDING
,USD,,customerapplication,452216,2025,,PENDING
,USD,,customerapplication,452217,2025,,PENDING
,USD,,customerapplication,452218,2025,,PENDING
,USD,,customerapplication,452219,2025,,PENDING
,USD,,customerapplication,452220,2025,,PENDING
,USD,,customerapplication,452221,2025,,PENDING
,USD,,customerapplication,452222,2025,,PENDING
,USD,,customerapplication,452223,2025,,PENDING
,USD,,customerapplication,452224,2025,,PENDING
,USD,,customerapplication,452225,2025,,PENDING
,USD,,customerapplication,452226,2025,,PENDING
,USD,,customerapplication,452227,2025,,PENDING
,USD,,customerapplication,452228,2025,,PENDING
,USD,,customerapplication,452229,2025,,PENDING
,USD,,customerapplication,452230,2025,,PENDING
,USD,,customerapplication,452231,2025,,PENDING
,USD,,customerapplication,452232,2025,,PENDING
,USD,,customerapplication,452233,2025,,PENDING
,USD,,customerapplication,452234,2025,,PENDING
,USD,,customerapplication,452235,2025,,PENDING
,USD,,customerapplication,452236,2025,,PENDING
,USD,,customerapplication,452237,2025,,PENDING
,USD,,customerapplication,452238,2025,,PENDING
,USD,,customerapplication,452239,2025,,PENDING
,USD,,customerapplication,452240,2025,,PENDING
,USD,,customerapplication,452241,2025,,PENDING
,USD,,customerapplication,452242,2025,,PENDING
,USD,,customerapplication,452243,2025,,PENDING
,USD,,customerapplication,452244,2025,,PENDING
,USD,,customerapplication,452245,2025,,PENDING
,USD,,customerapplication,452246,2025,,PENDING
,USD,,customerapplication,452247,2025,,PENDING
,USD,,customerapplication,452248,2025,,PENDING
,USD,,customerapplication,452249,2025,,PENDING
,USD,,customerapplication,452250,2025,,PENDING
,USD,,customerapplication,452251,2025,,PENDING
,USD,,customerapplication,452252,2025,,PENDING
,USD,,customerapplication,452253,2025,,PENDING
,USD,,customerapplication,452254,2025,,PENDING
,USD,,customerapplication,452255,2025,,PENDING
,USD,,customerapplication,452256,2025,,PENDING
,USD,,customerapplication,452257,2025,,PENDING
,USD,,customerapplication,452258,2025,,PENDING
,USD,,customerapplication,452259,2025,,PENDING
,USD,,customerapplication,452260,2025,,PENDING
,USD,,customerapplication,452261,2025,,PENDING
,USD,,customerapplication,452262,2025,,PENDING
,USD,,customerapplication,452263,2025,,PENDING
,USD,,customerapplication,452264,2025,,PENDING
,USD,,customerapplication,452265,2025,,PENDING
,USD,,customerapplication,452266,2025,,PENDING
,USD,,customerapplication,452267,2025,,PENDING
,USD,,customerapplication,452268,2025,,PENDING
,USD,,customerapplication,452269,2025,,PENDING
,USD,,customerapplication,452270,2025,,PENDING
,USD,,customerapplication,452271,2025,,PENDING
,USD,,customerapplication,452272,2025,,PENDING
,USD,,customerapplication,452273,2025,,PENDING
,USD,,customerapplication,452274,2025,,PENDING
,USD,,customerapplication,452275,2025,,PENDING
,USD,,customerapplication,452276,2025,,PENDING
,USD,,customerapplication,452277,2025,,PENDING
,USD,,customerapplication,452278,2025,,PENDING
,USD,,customerapplication,452279,2025,,PENDING
,USD,,customerapplication,452280,2025,,PENDING
,USD,,customerapplication,452282,2025,,PENDING
,USD,,customerapplication,452283,2025,,PENDING
,USD,,customerapplication,452284,2025,,PENDING
,USD,,customerapplication,452285,2025,,PENDING
,USD,,customerapplication,452286,2025,,PENDING
,USD,,customerapplication,452287,2025,,PENDING
,USD,,customerapplication,452288,2025,,PENDING
,USD,,customerapplication,452289,2025,,PENDING
,USD,,customerapplication,452290,2025,,PENDING
,USD,,customerapplication,452291,2025,,PENDING
,USD,,customerapplication,452292,2025,,PENDING
,USD,,customerapplication,452293,2025,,PENDING
,USD,,customerapplication,452294,2025,,PENDING
,USD,,customerapplication,452295,2025,,PENDING
,USD,,customerapplication,452297,2025,,PENDING
,USD,,customerapplication,452298,2025,,PENDING
,USD,,customerapplication,452299,2025,,PENDING
,USD,,customerapplication,452300,2025,,PENDING
,USD,,customerapplication,452301,2025,,PENDING
,USD,,customerapplication,452302,2025,,PENDING
,USD,,customerapplication,452303,2025,,PENDING
,USD,,customerapplication,452304,2025,,PENDING
,USD,,customerapplication,452305,2025,,PENDING
,USD,,customerapplication,452306,2025,,PENDING
,USD,,customerapplication,452307,2025,,PENDING
,USD,,customerapplication,452308,2025,,PENDING
,USD,,customerapplication,452309,2025,,PENDING
,USD,,customerapplication,452310,2025,,PENDING
,USD,,customerapplication,452311,2025,,PENDING
,USD,,customerapplication,452312,2025,,PENDING
,USD,,customerapplication,452313,2025,,PENDING
,USD,,customerapplication,452314,2025,,PENDING
,USD,,customerapplication,452315,2025,,PENDING
,USD,,customerapplication,452316,2025,,PENDING
,USD,,customerapplication,452317,2025,,PENDING
,USD,,customerapplication,452318,2025,,PENDING
,USD,,customerapplication,452319,2025,,PENDING
,USD,,customerapplication,452320,2025,,PENDING
,USD,,customerapplication,452321,2025,,PENDING
,USD,,customerapplication,452322,2025,,PENDING
,USD,,customerapplication,452323,2025,,PENDING
,USD,,customerapplication,452324,2025,,PENDING
,USD,,customerapplication,452325,2025,,PENDING
,USD,,customerapplication,452326,2025,,PENDING
,USD,,customerapplication,452327,2025,,PENDING
,USD,,customerapplication,452328,2025,,PENDING
,USD,,customerapplication,452329,2025,,PENDING
,USD,,customerapplication,452330,2025,,PENDING
,USD,,customerapplication,452331,2025,,PENDING
,USD,,customerapplication,452332,2025,,PENDING
,USD,,customerapplication,452333,2025,,PENDING
,USD,,customerapplication,452334,2025,,PENDING
,USD,,customerapplication,452335,2025,,PENDING
,USD,,customerapplication,452336,2025,,PENDING
,USD,,customerapplication,452337,2025,,PENDING
,USD,,customerapplication,452338,2025,,PENDING
,USD,,customerapplication,452339,2025,,PENDING
,USD,,customerapplication,452340,2025,,PENDING
,USD,,customerapplication,452341,2025,,PENDING
,USD,,customerapplication,452342,2025,,PENDING
,USD,,customerapplication,452343,2025,,PENDING
,USD,,customerapplication,452344,2025,,PENDING
,USD,,customerapplication,452345,2025,,PENDING
,USD,,customerapplication,452346,2025,,PENDING
,USD,,customerapplication,452347,2025,,PENDING
,USD,,customerapplication,452348,2025,,PENDING
,USD,,customerapplication,452349,2025,,PENDING
,USD,,customerapplication,452350,2025,,PENDING
,USD,,customerapplication,452351,2025,,PENDING
,USD,,customerapplication,452352,2025,,PENDING
,USD,,customerapplication,452353,2025,,PENDING
,USD,,customerapplication,452354,2025,,PENDING
,USD,,customerapplication,452355,2025,,PENDING
,USD,,customerapplication,452356,2025,,PENDING
,USD,,customerapplication,452357,2025,,PENDING
,USD,,customerapplication,452358,2025,,PENDING
,USD,,customerapplication,452359,2025,,PENDING
,USD,,customerapplication,452360,2025,,PENDING
,USD,,customerapplication,452361,2025,,PENDING
,USD,,customerapplication,452362,2025,,PENDING
,USD,,customerapplication,452363,2025,,PENDING
,USD,,customerapplication,452364,2025,,PENDING
,USD,,customerapplication,452365,2025,,PENDING
,USD,,customerapplication,452366,2025,,PENDING
,USD,,customerapplication,452367,2025,,PENDING
,USD,,customerapplication,452368,2025,,PENDING
,USD,,customerapplication,452369,2025,,PENDING
,USD,,customerapplication,452370,2025,,PENDING
,USD,,customerapplication,452371,2025,,PENDING
,USD,,customerapplication,452372,2025,,PENDING
,USD,,customerapplication,452373,2025,,PENDING
,USD,,customerapplication,452374,2025,,PENDING
,USD,,customerapplication,452375,2025,,PENDING
,USD,,customerapplication,452376,2025,,PENDING
,USD,,customerapplication,452377,2025,,PENDING
,USD,,customerapplication,452378,2025,,PENDING
,USD,,customerapplication,452379,2025,,PENDING
,USD,,customerapplication,452380,2025,,PENDING
,USD,,customerapplication,452381,2025,,PENDING
,USD,,customerapplication,452382,2025,,PENDING
,USD,,customerapplication,452383,2025,,PENDING
,USD,,customerapplication,452384,2025,,PENDING
,USD,,customerapplication,452385,2025,,PENDING
,USD,,customerapplication,452386,2025,,PENDING
,USD,,customerapplication,452387,2025,,PENDING
,USD,,customerapplication,452388,2025,,PENDING
,USD,,customerapplication,452389,2025,,PENDING
,USD,,customerapplication,452390,2025,,PENDING
,USD,,customerapplication,452391,2025,,PENDING
,USD,,customerapplication,452392,2025,,PENDING
,USD,,customerapplication,452394,2025,,PENDING
,USD,,customerapplication,452395,2025,,PENDING
,USD,,customerapplication,452396,2025,,PENDING
,USD,,customerapplication,452397,2025,,PENDING
,USD,,customerapplication,452398,2025,,PENDING
,USD,,customerapplication,452399,2025,,PENDING
,USD,,customerapplication,452400,2025,,PENDING
,USD,,customerapplication,452403,2025,,PENDING
,USD,,customerapplication,452404,2025,,PENDING
,USD,,customerapplication,452405,2025,,PENDING
,USD,,customerapplication,452406,2025,,PENDING
,USD,,customerapplication,452407,2025,,PENDING
,USD,,customerapplication,452408,2025,,PENDING
,USD,,customerapplication,452409,2025,,PENDING
,USD,,customerapplication,452410,2025,,PENDING
,USD,,customerapplication,452411,2025,,PENDING
,USD,,customerapplication,452412,2025,,PENDING
,USD,,customerapplication,452413,2025,,PENDING
,USD,,customerapplication,452414,2025,,PENDING
,USD,,customerapplication,452415,2025,,PENDING
,USD,,customerapplication,452416,2025,,PENDING
,USD,,customerapplication,452417,2025,,PENDING
,USD,,customerapplication,452418,2025,,PENDING
,USD,,customerapplication,452419,2025,,PENDING
,USD,,customerapplication,452420,2025,,PENDING
,USD,,customerapplication,452421,2025,,PENDING
,USD,,customerapplication,452422,2025,,PENDING
,USD,,customerapplication,452423,2025,,PENDING
,USD,,customerapplication,452424,2025,,PENDING
,USD,,customerapplication,452425,2025,,PENDING
,USD,,customerapplication,452426,2025,,PENDING
,USD,,customerapplication,452427,2025,,PENDING
,USD,,customerapplication,452428,2025,,PENDING
,USD,,customerapplication,452429,2025,,PENDING
,USD,,customerapplication,452430,2025,,PENDING
,USD,,customerapplication,452431,2025,,PENDING
,USD,,customerapplication,452432,2025,,PENDING
,USD,,customerapplication,452433,2025,,PENDING
,USD,,customerapplication,452434,2025,,PENDING
,USD,,customerapplication,452435,2025,,PENDING
,USD,,customerapplication,452436,2025,,PENDING
,USD,,customerapplication,452437,2025,,PENDING
,USD,,customerapplication,452438,2025,,PENDING
,USD,,customerapplication,452439,2025,,PENDING
,USD,,customerapplication,452440,2025,,PENDING
,USD,,customerapplication,452441,2025,,PENDING
,USD,,customerapplication,452442,2025,,PENDING
,USD,,customerapplication,452443,2025,,PENDING
,USD,,customerapplication,452444,2025,,PENDING
,USD,,customerapplication,452445,2025,,PENDING
,USD,,customerapplication,452446,2025,,PENDING
,USD,,customerapplication,452447,2025,,PENDING
,USD,,customerapplication,452448,2025,,PENDING
,USD,,customerapplication,452449,2025,,PENDING
,USD,,customerapplication,452450,2025,,PENDING
,USD,,customerapplication,452451,2025,,PENDING
,USD,,customerapplication,452452,2025,,PENDING
,USD,,customerapplication,452453,2025,,PENDING
,USD,,customerapplication,452454,2025,,PENDING
,USD,,customerapplication,452455,2025,,PENDING
,USD,,customerapplication,452456,2025,,PENDING
,USD,,customerapplication,452457,2025,,PENDING
,USD,,customerapplication,452458,2025,,PENDING
,USD,,customerapplication,452459,2025,,PENDING
,USD,,customerapplication,452460,2025,,PENDING
,USD,,customerapplication,452461,2025,,PENDING
,USD,,customerapplication,452462,2025,,PENDING
,USD,,customerapplication,452463,2025,,PENDING
,USD,,customerapplication,452464,2025,,PENDING
,USD,,customerapplication,452465,2025,,PENDING
,USD,,customerapplication,452466,2025,,PENDING
,USD,,customerapplication,452467,2025,,PENDING
,USD,,customerapplication,452468,2025,,PENDING
,USD,,customerapplication,452469,2025,,PENDING
,USD,,customerapplication,452470,2025,,PENDING
,USD,,customerapplication,452471,2025,,PENDING
,USD,,customerapplication,452472,2025,,PENDING
,USD,,customerapplication,452473,2025,,PENDING
,USD,,customerapplication,452474,2025,,PENDING
,USD,,customerapplication,452475,2025,,PENDING
,USD,,customerapplication,452476,2025,,PENDING
,USD,,customerapplication,452477,2025,,PENDING
,USD,,customerapplication,452478,2025,,PENDING
,USD,,customerapplication,452479,2025,,PENDING
,USD,,customerapplication,452480,2025,,PENDING
,USD,,customerapplication,452481,2025,,PENDING
,USD,,customerapplication,452482,2025,,PENDING
,USD,,customerapplication,452483,2025,,PENDING
,USD,,customerapplication,452484,2025,,PENDING
,USD,,customerapplication,452485,2025,,PENDING
,USD,,customerapplication,452486,2025,,PENDING
,USD,,customerapplication,452487,2025,,PENDING
,USD,,customerapplication,452488,2025,,PENDING
,USD,,customerapplication,452489,2025,,PENDING
,USD,,customerapplication,452490,2025,,PENDING
,USD,,customerapplication,452491,2025,,PENDING
,USD,,customerapplication,452492,2025,,PENDING
,USD,,customerapplication,452493,2025,,PENDING
,USD,,customerapplication,452494,2025,,PENDING
,USD,,customerapplication,452495,2025,,PENDING
,USD,,customerapplication,452496,2025,,PENDING
,USD,,customerapplication,452497,2025,,PENDING
,USD,,customerapplication,452499,2025,,PENDING
,USD,,customerapplication,452500,2025,,PENDING
,USD,,customerapplication,452501,2025,,PENDING
,USD,,customerapplication,452502,2025,,PENDING
,USD,,customerapplication,452503,2025,,PENDING
,USD,,customerapplication,452505,2025,,PENDING
,USD,,customerapplication,452506,2025,,PENDING
,USD,,customerapplication,452507,2025,,PENDING
,USD,,customerapplication,452508,2025,,PENDING
,USD,,customerapplication,452511,2025,,PENDING
,USD,,customerapplication,452512,2025,,PENDING
,USD,,customerapplication,452513,2025,,PENDING
,USD,,customerapplication,452514,2025,,PENDING
,USD,,customerapplication,452515,2025,,PENDING
,USD,,customerapplication,452517,2025,,PENDING
,USD,,customerapplication,452518,2025,,PENDING
,USD,,customerapplication,452519,2025,,PENDING
,USD,,customerapplication,452520,2025,,PENDING
,USD,,customerapplication,452521,2025,,PENDING
,USD,,customerapplication,452522,2025,,PENDING
,USD,,customerapplication,452510,2025,,PENDING
,USD,,customerapplication,452523,2025,,PENDING
,USD,,customerapplication,452524,2025,,PENDING
,USD,,customerapplication,452525,2025,,PENDING
,USD,,customerapplication,452526,2025,,PENDING
,USD,,customerapplication,452527,2025,,PENDING
,USD,,customerapplication,452528,2025,,PENDING
,USD,,customerapplication,452529,2025,,PENDING
,USD,,customerapplication,452530,2025,,PENDING
,USD,,customerapplication,452531,2025,,PENDING
,USD,,customerapplication,452532,2025,,PENDING
,USD,,customerapplication,452533,2025,,PENDING
,USD,,customerapplication,452534,2025,,PENDING
,USD,,customerapplication,452535,2025,,PENDING
,USD,,customerapplication,452536,2025,,PENDING
,USD,,customerapplication,452537,2025,,PENDING
,USD,,customerapplication,452538,2025,,PENDING
,USD,,customerapplication,452541,2025,,PENDING
,USD,,customerapplication,452542,2025,,PENDING
,USD,,customerapplication,452543,2025,,PENDING
,USD,,customerapplication,452544,2025,,PENDING
,USD,,customerapplication,452545,2025,,PENDING
,USD,,customerapplication,452546,2025,,PENDING
,USD,,customerapplication,452547,2025,,PENDING
,USD,,customerapplication,452539,2025,,PENDING
,USD,,customerapplication,452548,2025,,PENDING
,USD,,customerapplication,452549,2025,,PENDING
,USD,,customerapplication,452550,2025,,PENDING
,USD,,customerapplication,452553,2025,,PENDING
,USD,,customerapplication,452554,2025,,PENDING
,USD,,customerapplication,452555,2025,,PENDING
,USD,,customerapplication,452556,2025,,PENDING
,USD,,customerapplication,452557,2025,,PENDING
,USD,,customerapplication,452558,2025,,PENDING
,USD,,customerapplication,452559,2025,,PENDING
,USD,,customerapplication,452560,2025,,PENDING
,USD,,customerapplication,452561,2025,,PENDING
,USD,,customerapplication,452562,2025,,PENDING
,USD,,customerapplication,452563,2025,,PENDING
,USD,,customerapplication,452564,2025,,PENDING
,USD,,customerapplication,452565,2025,,PENDING
,USD,,customerapplication,452566,2025,,PENDING
,USD,,customerapplication,452567,2025,,PENDING
,USD,,customerapplication,452568,2025,,PENDING
,USD,,customerapplication,452569,2025,,PENDING
,USD,,customerapplication,452570,2025,,PENDING
,USD,,customerapplication,452571,2025,,PENDING
,USD,,customerapplication,452575,2025,,PENDING
,USD,,customerapplication,452576,2025,,PENDING
,USD,,customerapplication,452577,2025,,PENDING
,USD,,customerapplication,452578,2025,,PENDING
,USD,,customerapplication,452579,2025,,PENDING
,USD,,customerapplication,452580,2025,,PENDING
,USD,,customerapplication,452581,2025,,PENDING
,USD,,customerapplication,452582,2025,,PENDING
,USD,,customerapplication,452583,2025,,PENDING
,USD,,customerapplication,452584,2025,,PENDING
,USD,,customerapplication,452585,2025,,PENDING
,USD,,customerapplication,452586,2025,,PENDING
,USD,,customerapplication,452587,2025,,PENDING
,USD,,customerapplication,452588,2025,,PENDING
,USD,,customerapplication,452589,2025,,PENDING
,USD,,customerapplication,452590,2025,,PENDING
,USD,,customerapplication,452591,2025,,PENDING
,USD,,customerapplication,452592,2025,,PENDING
,USD,,customerapplication,452593,2025,,PENDING
,USD,,customerapplication,452594,2025,,PENDING
,USD,,customerapplication,452595,2025,,PENDING
,USD,,customerapplication,452596,2025,,PENDING
,USD,,customerapplication,452597,2025,,PENDING
,USD,,customerapplication,452598,2025,,PENDING
,USD,,customerapplication,452600,2025,,PENDING
,USD,,customerapplication,452601,2025,,PENDING
,USD,,customerapplication,452602,2025,,PENDING
,USD,,customerapplication,452603,2025,,PENDING
,USD,,customerapplication,452509,2025,,PENDING
,USD,,customerapplication,452604,2025,,PENDING
,USD,,customerapplication,452605,2025,,PENDING
,USD,,customerapplication,452606,2025,,PENDING
,USD,,customerapplication,452607,2025,,PENDING
,USD,,customerapplication,452608,2025,,PENDING
,USD,,customerapplication,452609,2025,,PENDING
,USD,,customerapplication,452610,2025,,PENDING
,USD,,customerapplication,452611,2025,,PENDING
,USD,,customerapplication,452612,2025,,PENDING
,USD,,customerapplication,452613,2025,,PENDING
,USD,,customerapplication,452614,2025,,PENDING
,USD,,customerapplication,452615,2025,,PENDING
,USD,,customerapplication,452616,2025,,PENDING
,USD,,customerapplication,452617,2025,,PENDING
,USD,,customerapplication,452618,2025,,PENDING
,USD,,customerapplication,452619,2025,,PENDING
,USD,,customerapplication,452620,2025,,PENDING
,USD,,customerapplication,452621,2025,,PENDING
,USD,,customerapplication,452622,2025,,PENDING
,USD,,customerapplication,452623,2025,,PENDING
,USD,,customerapplication,452624,2025,,PENDING
,USD,,customerapplication,452625,2025,,PENDING
,USD,,customerapplication,452626,2025,,PENDING
,USD,,customerapplication,452627,2025,,PENDING
,USD,,customerapplication,452628,2025,,PENDING
,USD,,customerapplication,452629,2025,,PENDING
,USD,,customerapplication,452630,2025,,PENDING
,USD,,customerapplication,452631,2025,,PENDING
,USD,,customerapplication,452632,2025,,PENDING
,USD,,customerapplication,452633,2025,,PENDING
,USD,,customerapplication,452634,2025,,PENDING
,USD,,customerapplication,452635,2025,,PENDING
,USD,,customerapplication,452636,2025,,PENDING
,USD,,customerapplication,452638,2025,,PENDING
,USD,,customerapplication,452639,2025,,PENDING
,USD,,customerapplication,452640,2025,,PENDING
,USD,,customerapplication,452641,2025,,PENDING
,USD,,customerapplication,452642,2025,,PENDING
,USD,,customerapplication,452643,2025,,PENDING
,USD,,customerapplication,452644,2025,,PENDING
,USD,,customerapplication,452645,2025,,PENDING
,USD,,customerapplication,452646,2025,,PENDING
,USD,,customerapplication,452647,2025,,PENDING
,USD,,customerapplication,452648,2025,,PENDING
,USD,,customerapplication,452650,2025,,PENDING
,USD,,customerapplication,452651,2025,,PENDING
,USD,,customerapplication,452652,2025,,PENDING
,USD,,customerapplication,452653,2025,,PENDING
,USD,,customerapplication,452654,2025,,PENDING
,USD,,customerapplication,452655,2025,,PENDING
,USD,,customerapplication,452656,2025,,PENDING
,USD,,customerapplication,452657,2025,,PENDING
,USD,,customerapplication,452658,2025,,PENDING
,USD,,customerapplication,452659,2025,,PENDING
,USD,,customerapplication,452660,2025,,PENDING
,USD,,customerapplication,452661,2025,,PENDING
,USD,,customerapplication,452662,2025,,PENDING
,USD,,customerapplication,452663,2025,,PENDING
,USD,,customerapplication,452664,2025,,PENDING
,USD,,customerapplication,452667,2025,,PENDING
,USD,,customerapplication,452668,2025,,PENDING
,USD,,customerapplication,452669,2025,,PENDING
,USD,,customerapplication,452670,2025,,PENDING
,USD,,customerapplication,452671,2025,,PENDING
,USD,,customerapplication,452672,2025,,PENDING
,USD,,customerapplication,452673,2025,,PENDING
,USD,,customerapplication,452674,2025,,PENDING
,USD,,customerapplication,452675,2025,,PENDING
,USD,,customerapplication,452676,2025,,PENDING
,USD,,customerapplication,452677,2025,,PENDING
,USD,,customerapplication,452678,2025,,PENDING
,USD,,customerapplication,452679,2025,,PENDING
,USD,,customerapplication,452680,2025,,PENDING
,USD,,customerapplication,452681,2025,,PENDING
,USD,,customerapplication,452682,2025,,PENDING
,USD,,customerapplication,452683,2025,,PENDING
,USD,,customerapplication,452684,2025,,PENDING
,USD,,customerapplication,452685,2025,,PENDING
,USD,,customerapplication,452686,2025,,PENDING
,USD,,customerapplication,452687,2025,,PENDING
,USD,,customerapplication,452688,2025,,PENDING
,USD,,customerapplication,452689,2025,,PENDING
,USD,,customerapplication,452690,2025,,PENDING
,USD,,customerapplication,452691,2025,,PENDING
,USD,,customerapplication,452692,2025,,PENDING
,USD,,customerapplication,452693,2025,,PENDING
,USD,,customerapplication,452694,2025,,PENDING
,USD,,customerapplication,452695,2025,,PENDING
,USD,,customerapplication,452696,2025,,PENDING
,USD,,customerapplication,452697,2025,,PENDING
,USD,,customerapplication,452698,2025,,PENDING
,USD,,customerapplication,452699,2025,,PENDING
,USD,,customerapplication,452700,2025,,PENDING
,USD,,customerapplication,452701,2025,,PENDING
,USD,,customerapplication,452702,2025,,PENDING
,USD,,customerapplication,452703,2026,,PENDING
,USD,,customerapplication,452706,2025,,PENDING
,USD,,customerapplication,452707,2025,,PENDING
,USD,,customerapplication,452708,2025,,PENDING
,USD,,customerapplication,452709,2025,,PENDING
,USD,,customerapplication,452710,2025,,PENDING
,USD,,customerapplication,452711,2025,,PENDING
,USD,,customerapplication,452712,2025,,PENDING
,USD,,customerapplication,452713,2025,,PENDING
,USD,,customerapplication,452714,2025,,PENDING
,USD,,customerapplication,452716,2026,,PENDING
,USD,,customerapplication,452717,2025,,PENDING
,USD,,customerapplication,452720,2025,,PENDING
,USD,,customerapplication,452721,2026,,PENDING
,USD,,customerapplication,452722,2025,,PENDING
,USD,,customerapplication,452723,2026,,PENDING
,USD,,customerapplication,452726,2026,,PENDING
,USD,,customerapplication,452727,2025,,PENDING
,USD,,customerapplication,452728,2025,,PENDING
,USD,,customerapplication,452729,2025,,PENDING
,USD,,customerapplication,452730,2025,,PENDING
,USD,,customerapplication,452731,2025,,PENDING
,USD,,customerapplication,452732,2025,,PENDING
,USD,,customerapplication,452733,2025,,PENDING
,USD,,customerapplication,452734,2025,,PENDING
,USD,,customerapplication,452735,2025,,PENDING
,USD,,customerapplication,452736,2025,,PENDING
,USD,,customerapplication,452737,2025,,PENDING
,USD,,customerapplication,452738,2025,,PENDING
,USD,,customerapplication,452739,2025,,PENDING
,USD,,customerapplication,452740,2025,,PENDING
,USD,,customerapplication,452741,2025,,PENDING
,USD,,customerapplication,452742,2025,,PENDING
,USD,,customerapplication,452743,2025,,PENDING
,USD,,customerapplication,452744,2025,,PENDING
,USD,,customerapplication,452745,2026,,PENDING
,USD,,customerapplication,452746,2026,,PENDING
,USD,,customerapplication,452747,2026,,PENDING
,USD,,customerapplication,452748,2025,,PENDING
,USD,,customerapplication,452749,2025,,PENDING
,USD,,customerapplication,452750,2026,,PENDING
,USD,,customerapplication,452751,2025,,PENDING
,USD,,customerapplication,452752,2026,,PENDING
,USD,,customerapplication,452753,2026,,PENDING
,USD,,customerapplication,452754,2026,,PENDING
,USD,,customerapplication,452755,2026,,PENDING
,USD,,customerapplication,452757,2026,,PENDING
,USD,,customerapplication,452758,2026,,PENDING
,USD,,customerapplication,452759,2025,,PENDING
,USD,,customerapplication,452760,2025,,PENDING
,USD,,customerapplication,452761,2025,,PENDING
,USD,,customerapplication,452762,2025,,PENDING
,USD,,customerapplication,452763,2025,,PENDING
,USD,,customerapplication,452765,2025,,PENDING
,USD,,customerapplication,452766,2025,,PENDING
,USD,,customerapplication,452767,2025,,PENDING
,USD,,customerapplication,452768,2025,,PENDING
,USD,,customerapplication,452769,2026,,PENDING
,USD,,customerapplication,452770,2025,,PENDING
,USD,,customerapplication,452771,2026,,PENDING
,USD,,customerapplication,452772,2025,,PENDING
,USD,,customerapplication,452773,2026,,PENDING
,USD,,customerapplication,452774,2026,,PENDING
,USD,,customerapplication,452775,2026,,PENDING
,USD,,customerapplication,452776,2026,,PENDING
,USD,,customerapplication,452777,2026,,PENDING
,USD,,customerapplication,452778,2026,,PENDING
,USD,,customerapplication,452779,2026,,PENDING
,USD,,customerapplication,452780,2025,,PENDING
,USD,,customerapplication,452781,2025,,PENDING
,USD,,customerapplication,452782,2026,,PENDING
,USD,,customerapplication,452783,2025,,PENDING
,USD,,customerapplication,452784,2025,,PENDING
,USD,,customerapplication,452785,2025,,PENDING
,USD,,customerapplication,452666,2025,,PENDING
,USD,,customerapplication,452786,2025,,PENDING
,USD,,customerapplication,452787,2025,,PENDING
,USD,,customerapplication,452788,2026,,PENDING
,USD,,customerapplication,452789,2026,,PENDING
,USD,,customerapplication,452790,2026,,PENDING
,USD,,customerapplication,452792,2026,,PENDING
,USD,,customerapplication,452793,2025,,PENDING
,USD,,customerapplication,452794,2026,,PENDING
,USD,,customerapplication,452795,2026,,PENDING
,USD,,customerapplication,452796,2025,,PENDING
,USD,,customerapplication,452797,2025,,PENDING
,USD,,customerapplication,452800,2026,,PENDING
,USD,,customerapplication,452801,2025,,PENDING
,USD,,customerapplication,452802,2025,,PENDING
,USD,,customerapplication,452803,2025,,PENDING
,USD,,customerapplication,452804,2026,,PENDING
,USD,,customerapplication,452805,2025,,PENDING
,USD,,customerapplication,452806,2025,,PENDING
,USD,,customerapplication,452807,2025,,PENDING
,USD,,customerapplication,452808,2026,,PENDING
,USD,,customerapplication,452809,2026,,PENDING
,USD,,customerapplication,452810,2026,,PENDING
,USD,,customerapplication,452811,2026,,PENDING
,USD,,customerapplication,452812,2026,,PENDING
,USD,,customerapplication,452813,2026,,PENDING
,USD,,customerapplication,452764,2025,,PENDING
,USD,,customerapplication,452814,2026,,PENDING
,USD,,customerapplication,452815,2026,,PENDING
,USD,,customerapplication,452816,2026,,PENDING
,USD,,customerapplication,452817,2026,,PENDING
,USD,,customerapplication,452818,2026,,PENDING
,USD,,customerapplication,452819,2026,,PENDING
,USD,,customerapplication,452820,2026,,PENDING
,USD,,customerapplication,452821,2025,,PENDING
,USD,,customerapplication,452822,2025,,PENDING
,USD,,customerapplication,452823,2026,,PENDING
,USD,,customerapplication,452824,2026,,PENDING
,USD,,customerapplication,452825,2026,,PENDING
,USD,,customerapplication,452826,2026,,PENDING
,USD,,customerapplication,452827,2026,,PENDING
,USD,,customerapplication,452828,2026,,PENDING
,USD,,customerapplication,452829,2026,,PENDING
,USD,,customerapplication,452830,2026,,PENDING
,USD,,customerapplication,452831,2026,,PENDING
,USD,,customerapplication,452832,2026,,PENDING
,USD,,customerapplication,452833,2025,,PENDING
,USD,,customerapplication,452834,2025,,PENDING
,USD,,customerapplication,452835,2026,,PENDING
,USD,,customerapplication,452836,2026,,PENDING
,USD,,customerapplication,452837,2026,,PENDING
,USD,,customerapplication,452838,2026,,PENDING
,USD,,customerapplication,452839,2026,,PENDING
,USD,,customerapplication,452840,2026,,PENDING
,USD,,customerapplication,452841,2026,,PENDING
,USD,,customerapplication,452842,2026,,PENDING
,USD,,customerapplication,452843,2026,,PENDING
,USD,,customerapplication,452844,2026,,PENDING
,USD,,customerapplication,452845,2025,,PENDING
,USD,,customerapplication,452846,2025,,PENDING
,USD,,customerapplication,452847,2025,,PENDING
,USD,,customerapplication,452848,2026,,PENDING
,USD,,customerapplication,452849,2026,,PENDING
,USD,,customerapplication,452850,2026,,PENDING
,USD,,customerapplication,452851,2025,,PENDING
,USD,,customerapplication,452852,2025,,PENDING
,USD,,customerapplication,452853,2025,,PENDING
,USD,,customerapplication,452854,2025,,PENDING
,USD,,customerapplication,452855,2026,,PENDING
,USD,,customerapplication,452856,2026,,PENDING
,USD,,customerapplication,452857,2026,,PENDING
,USD,,customerapplication,452858,2026,,PENDING
,USD,,customerapplication,452859,2026,,PENDING
,USD,,customerapplication,452861,2026,,PENDING
,USD,,customerapplication,452862,2025,,PENDING
,USD,,customerapplication,452863,2026,,PENDING
,USD,,customerapplication,452864,2026,,PENDING
,USD,,customerapplication,452865,2026,,PENDING
,USD,,customerapplication,452866,2026,,PENDING
,USD,,customerapplication,452867,2026,,PENDING
,USD,,customerapplication,452868,2025,,PENDING
,USD,,customerapplication,452869,2026,,PENDING
,USD,,customerapplication,452870,2026,,PENDING
,USD,,customerapplication,452871,2026,,PENDING
,USD,,customerapplication,452872,2026,,PENDING
,USD,,customerapplication,452873,2026,,PENDING
,USD,,customerapplication,452874,2026,,PENDING
,USD,,customerapplication,452875,2025,,PENDING
,USD,,customerapplication,452876,2026,,PENDING
,USD,,customerapplication,452877,2026,,PENDING
,USD,,customerapplication,452878,2026,,PENDING
,USD,,customerapplication,452882,2026,,PENDING
,USD,,customerapplication,452883,2026,,PENDING
,USD,,customerapplication,452884,2026,,PENDING
,USD,,customerapplication,452885,2025,,PENDING
,USD,,customerapplication,452886,2026,,PENDING
,USD,,customerapplication,452887,2026,,PENDING
,USD,,customerapplication,452888,2026,,PENDING
,USD,,customerapplication,452889,2026,,PENDING
,USD,,customerapplication,452890,2026,,PENDING
,USD,,customerapplication,452891,2025,,PENDING
,USD,,customerapplication,452892,2026,,PENDING
,USD,,customerapplication,452893,2025,,PENDING
,USD,,customerapplication,452894,2026,,PENDING
,USD,,customerapplication,452895,2026,,PENDING
,USD,,customerapplication,452896,2026,,PENDING
,USD,,customerapplication,452897,2026,,PENDING
,USD,,customerapplication,452898,2026,,PENDING
,USD,,customerapplication,452899,2026,,PENDING
,USD,,customerapplication,452900,2026,,PENDING
,USD,,customerapplication,452902,2026,,PENDING
,USD,,customerapplication,452903,2026,,PENDING
,USD,,customerapplication,452904,2026,,PENDING
,USD,,customerapplication,452905,2026,,PENDING
,USD,,customerapplication,452906,2025,,PENDING
,USD,,customerapplication,452907,2026,,PENDING
,USD,,customerapplication,452908,2025,,PENDING
,USD,,customerapplication,452909,2026,,PENDING
,USD,,customerapplication,452910,2025,,PENDING
,USD,,customerapplication,452911,2026,,PENDING
,USD,,customerapplication,452912,2026,,PENDING
,USD,,customerapplication,452913,2026,,PENDING
,USD,,customerapplication,452914,2026,,PENDING
,USD,,customerapplication,452915,2026,,PENDING
,USD,,customerapplication,452916,2026,,PENDING
,USD,,customerapplication,452917,2026,,PENDING
,USD,,customerapplication,452918,2026,,PENDING
,USD,,customerapplication,452919,2026,,PENDING
,USD,,customerapplication,452920,2026,,PENDING
,USD,,customerapplication,452921,2026,,PENDING
,USD,,customerapplication,452922,2026,,PENDING
,USD,,customerapplication,452924,2026,,PENDING
,USD,,customerapplication,452925,2026,,PENDING
,USD,,customerapplication,452926,2025,,PENDING
,USD,,customerapplication,452927,2025,,PENDING
,USD,,customerapplication,452928,2026,,PENDING
,USD,,customerapplication,452930,2026,,PENDING
,USD,,customerapplication,452931,2026,,PENDING
,USD,,customerapplication,452934,2025,,PENDING
,USD,,customerapplication,452935,2026,,PENDING
,USD,,customerapplication,452936,2025,,PENDING
,USD,,customerapplication,452937,2025,,PENDING
,USD,,customerapplication,452938,2026,,PENDING
,USD,,customerapplication,452939,2026,,PENDING
,USD,,customerapplication,452940,2026,,PENDING
,USD,,customerapplication,452941,2026,,PENDING
,USD,,customerapplication,452943,2026,,PENDING
,USD,,customerapplication,452944,2026,,PENDING
,USD,,customerapplication,452945,2026,,PENDING
,USD,,customerapplication,452946,2026,,PENDING
,USD,,customerapplication,452947,2026,,PENDING
,USD,,customerapplication,452948,2026,,PENDING
,USD,,customerapplication,452949,2026,,PENDING
,USD,,customerapplication,452950,2025,,PENDING
,USD,,customerapplication,452951,2026,,PENDING
,USD,,customerapplication,452952,2026,,PENDING
,USD,,customerapplication,452953,2026,,PENDING
,USD,,customerapplication,452954,2026,,PENDING
,USD,,customerapplication,452955,2026,,PENDING
,USD,,customerapplication,452956,2026,,PENDING
,USD,,customerapplication,452957,2026,,PENDING
,USD,,customerapplication,452958,2026,,PENDING
,USD,,customerapplication,452959,2026,,PENDING
,USD,,customerapplication,452960,2026,,PENDING
,USD,,customerapplication,452961,2026,,PENDING
,USD,,customerapplication,452962,2026,,PENDING
,USD,,customerapplication,452963,2026,,PENDING
,USD,,customerapplication,452964,2025,,PENDING
,USD,,customerapplication,452965,2026,,PENDING
,USD,,customerapplication,452966,2025,,PENDING
,USD,,customerapplication,452967,2026,,PENDING
,USD,,customerapplication,452968,2026,,PENDING
,USD,,customerapplication,452969,2026,,PENDING
,USD,,customerapplication,452970,2026,,PENDING
,USD,,customerapplication,452971,2025,,PENDING
,USD,,customerapplication,452972,2026,,PENDING
,USD,,customerapplication,452973,2026,,PENDING
,USD,,customerapplication,452974,2026,,PENDING
,USD,,customerapplication,452975,2026,,PENDING
,USD,,customerapplication,452976,2026,,PENDING
,USD,,customerapplication,452977,2026,,PENDING
,USD,,customerapplication,452978,2026,,PENDING
,USD,,customerapplication,452979,2026,,PENDING
,USD,,customerapplication,452980,2026,,PENDING
,USD,,customerapplication,452981,2026,,PENDING
,USD,,customerapplication,452982,2026,,PENDING
,USD,,customerapplication,452983,2026,,PENDING
,USD,,customerapplication,452984,2026,,PENDING
,USD,,customerapplication,452985,2026,,PENDING
,USD,,customerapplication,452986,2026,,PENDING
,USD,,customerapplication,452987,2025,,PENDING
,USD,,customerapplication,452988,2026,,PENDING
,USD,,customerapplication,452989,2026,,PENDING
,USD,,customerapplication,452990,2026,,PENDING
,USD,,customerapplication,452991,2025,,PENDING
,USD,,customerapplication,452992,2026,,PENDING
,USD,,customerapplication,452994,2025,,PENDING
,USD,,customerapplication,452995,2026,,PENDING
,USD,,customerapplication,452996,2025,,PENDING
,USD,,customerapplication,452997,2026,,PENDING
,USD,,customerapplication,452998,2026,,PENDING
,USD,,customerapplication,452999,2026,,PENDING
,USD,,customerapplication,453001,2026,,PENDING
,USD,,customerapplication,453002,2026,,PENDING
,USD,,customerapplication,453003,2026,,PENDING
,USD,,customerapplication,453004,2026,,PENDING
,USD,,customerapplication,453005,2026,,PENDING
,USD,,customerapplication,453006,2026,,PENDING
,USD,,customerapplication,453007,2026,,PENDING
,USD,,customerapplication,453008,2026,,PENDING
,USD,,customerapplication,453009,2026,,PENDING
,USD,,customerapplication,453010,2025,,PENDING
,USD,,customerapplication,453011,2026,,PENDING
,USD,,customerapplication,453012,2026,,PENDING
,USD,,customerapplication,453013,2026,,PENDING
,USD,,customerapplication,453014,2026,,PENDING
,USD,,customerapplication,453015,2026,,PENDING
,USD,,customerapplication,453016,2025,,PENDING
,USD,,customerapplication,453017,2026,,PENDING
,USD,,customerapplication,453018,2026,,PENDING
,USD,,customerapplication,453019,2026,,PENDING
,USD,,customerapplication,453020,2026,,PENDING
,USD,,customerapplication,453021,2026,,PENDING
,USD,,customerapplication,453022,2026,,PENDING
,USD,,customerapplication,453023,2026,,PENDING
,USD,,customerapplication,453024,2026,,PENDING
,USD,,customerapplication,453025,2025,,PENDING
,USD,,customerapplication,453026,2026,,PENDING
,USD,,customerapplication,453027,2026,,PENDING
,USD,,customerapplication,453028,2026,,PENDING
,USD,,customerapplication,453029,2026,,PENDING
,USD,,customerapplication,453031,2026,,PENDING
,USD,,customerapplication,453032,2026,,PENDING
,USD,,customerapplication,453033,2026,,PENDING
,USD,,customerapplication,453034,2026,,PENDING
,USD,,customerapplication,453035,2026,,PENDING
,USD,,customerapplication,453036,2025,,PENDING
,USD,,customerapplication,453037,2026,,PENDING
,USD,,customerapplication,453038,2026,,PENDING
,USD,,customerapplication,453039,2026,,PENDING
,USD,,customerapplication,453040,2026,,PENDING
,USD,,customerapplication,453041,2026,,PENDING
,USD,,customerapplication,453042,2026,,PENDING
,USD,,customerapplication,453043,2026,,PENDING
,USD,,customerapplication,453044,2026,,PENDING
,USD,,customerapplication,453045,2025,,PENDING
,USD,,customerapplication,453046,2026,,PENDING
,USD,,customerapplication,453047,2026,,PENDING
,USD,,customerapplication,453048,2026,,PENDING
,USD,,customerapplication,453049,2026,,PENDING
,USD,,customerapplication,453050,2026,,PENDING
,USD,,customerapplication,453051,2026,,PENDING
,USD,,customerapplication,453052,2026,,PENDING
,USD,,customerapplication,453053,2026,,PENDING
,USD,,customerapplication,453054,2026,,PENDING
,USD,,customerapplication,453055,2025,,PENDING
,USD,,customerapplication,453056,2026,,PENDING
,USD,,customerapplication,453057,2026,,PENDING
,USD,,customerapplication,453058,2026,,PENDING
,USD,,customerapplication,453059,2026,,PENDING
,USD,,customerapplication,453060,2026,,PENDING
,USD,,customerapplication,453061,2026,,PENDING
,USD,,customerapplication,453062,2026,,PENDING
,USD,,customerapplication,453063,2026,,PENDING
,USD,,customerapplication,453064,2026,,PENDING
,USD,,customerapplication,453065,2025,,PENDING
,USD,,customerapplication,453066,2026,,PENDING
,USD,,customerapplication,453067,2026,,PENDING
,USD,,customerapplication,453068,2026,,PENDING
,USD,,customerapplication,453070,2026,,PENDING
,USD,,customerapplication,453071,2026,,PENDING
,USD,,customerapplication,453074,2025,,PENDING
,USD,,customerapplication,453075,2026,,PENDING
,USD,,customerapplication,453076,2026,,PENDING
,USD,,customerapplication,453077,2026,,PENDING
,USD,,customerapplication,453078,2026,,PENDING
,USD,,customerapplication,453079,2025,,PENDING
,USD,,customerapplication,453080,2026,,PENDING
,USD,,customerapplication,453081,2026,,PENDING
,USD,,customerapplication,453082,2026,,PENDING
,USD,,customerapplication,453084,2025,,PENDING
,USD,,customerapplication,453085,2026,,PENDING
,USD,,customerapplication,453086,2026,,PENDING
,USD,,customerapplication,453087,2026,,PENDING
,USD,,customerapplication,453088,2026,,PENDING
,USD,,customerapplication,453089,2026,,PENDING
,USD,,customerapplication,453090,2026,,PENDING
,USD,,customerapplication,453091,2025,,PENDING
,USD,,customerapplication,453092,2025,,PENDING
,USD,,customerapplication,453093,2026,,PENDING
,USD,,customerapplication,453094,2025,,PENDING
,USD,,customerapplication,453095,2026,,PENDING
,USD,,customerapplication,453096,2026,,PENDING
,USD,,customerapplication,453097,2026,,PENDING
,USD,,customerapplication,453098,2026,,PENDING
,USD,,customerapplication,453099,2026,,PENDING
,USD,,customerapplication,453100,2026,,PENDING
,USD,,customerapplication,453101,2026,,PENDING
,USD,,customerapplication,453102,2026,,PENDING
,USD,,customerapplication,453103,2026,,PENDING
,USD,,customerapplication,453104,2025,,PENDING
,USD,,customerapplication,453105,2026,,PENDING
,USD,,customerapplication,453106,2026,,PENDING
,USD,,customerapplication,453107,2026,,PENDING
,USD,,customerapplication,453108,2026,,PENDING
,USD,,customerapplication,453109,2026,,PENDING
,USD,,customerapplication,453110,2025,,PENDING
,USD,,customerapplication,453111,2025,,PENDING
,USD,,customerapplication,453112,2026,,PENDING
,USD,,customerapplication,453113,2026,,PENDING
,USD,,customerapplication,453114,2026,,PENDING
,USD,,customerapplication,453115,2026,,PENDING
,USD,,customerapplication,453116,2026,,PENDING
,USD,,customerapplication,453117,2026,,PENDING
,USD,,customerapplication,453118,2026,,PENDING
,USD,,customerapplication,453119,2026,,PENDING
,USD,,customerapplication,453120,2026,,PENDING
,USD,,customerapplication,453122,2026,,PENDING
,USD,,customerapplication,453121,2026,,PENDING
,USD,,customerapplication,453123,2026,,PENDING
,USD,,customerapplication,453124,2026,,PENDING
,USD,,customerapplication,453125,2025,,PENDING
,USD,,customerapplication,453126,2026,,PENDING
,USD,,customerapplication,453127,2026,,PENDING
,USD,,customerapplication,453128,2026,,PENDING
,USD,,customerapplication,453129,2026,,PENDING
,USD,,customerapplication,453130,2026,,PENDING
,USD,,customerapplication,453131,2026,,PENDING
,USD,,customerapplication,453132,2026,,PENDING
,USD,,customerapplication,453133,2026,,PENDING
,USD,,customerapplication,453134,2026,,PENDING
,USD,,customerapplication,453135,2026,,PENDING
,USD,,customerapplication,453136,2026,,PENDING
,USD,,customerapplication,453138,2026,,PENDING
,USD,,customerapplication,453140,2026,,PENDING
,USD,,customerapplication,453141,2026,,PENDING
,USD,,customerapplication,453142,2026,,PENDING
,USD,,customerapplication,453143,2026,,PENDING
,USD,,customerapplication,453144,2026,,PENDING
,USD,,customerapplication,453145,2026,,PENDING
,USD,,customerapplication,453146,2026,,PENDING
,USD,,customerapplication,453147,2026,,PENDING
,USD,,customerapplication,453148,2025,,PENDING
,USD,,customerapplication,453149,2025,,PENDING
,USD,,customerapplication,453150,2026,,PENDING
,USD,,customerapplication,453151,2026,,PENDING
,USD,,customerapplication,453152,2026,,PENDING
,USD,,customerapplication,453153,2026,,PENDING
,USD,,customerapplication,453154,2026,,PENDING
,USD,,customerapplication,453155,2026,,PENDING
,USD,,customerapplication,453156,2025,,PENDING
,USD,,customerapplication,453157,2026,,PENDING
,USD,,customerapplication,453158,2026,,PENDING
,USD,,customerapplication,453159,2026,,PENDING
,USD,,customerapplication,453160,2026,,PENDING
,USD,,customerapplication,453161,2026,,PENDING
,USD,,customerapplication,453162,2026,,PENDING
,USD,,customerapplication,453163,2026,,PENDING
,USD,,customerapplication,453164,2026,,PENDING
,USD,,customerapplication,453165,2026,,PENDING
,USD,,customerapplication,453166,2026,,PENDING
,USD,,customerapplication,453167,2026,,PENDING
,USD,,customerapplication,453168,2026,,PENDING
,USD,,customerapplication,453169,2026,,PENDING
,USD,,customerapplication,453170,2025,,PENDING
,USD,,customerapplication,453171,2025,,PENDING
,USD,,customerapplication,453172,2026,,PENDING
,USD,,customerapplication,453173,2026,,PENDING
,USD,,customerapplication,453174,2026,,PENDING
,USD,,customerapplication,453175,2026,,PENDING
,USD,,customerapplication,453176,2026,,PENDING
,USD,,customerapplication,453177,2026,,PENDING
,USD,,customerapplication,453178,2026,,PENDING
,USD,,customerapplication,453179,2026,,PENDING
,USD,,customerapplication,453180,2026,,PENDING
,USD,,customerapplication,453181,2026,,PENDING
,USD,,customerapplication,453182,2026,,PENDING
,USD,,customerapplication,453183,2026,,PENDING
,USD,,customerapplication,453184,2026,,PENDING
,USD,,customerapplication,453185,2026,,PENDING
,USD,,customerapplication,453186,2026,,PENDING
,USD,,customerapplication,453187,2026,,PENDING
,USD,,customerapplication,453188,2026,,PENDING
,USD,,customerapplication,453189,2026,,PENDING
,USD,,customerapplication,453190,2026,,PENDING
,USD,,customerapplication,453191,2026,,PENDING
,USD,,customerapplication,453192,2026,,PENDING
,USD,,customerapplication,453193,2026,,PENDING
,USD,,customerapplication,453194,2026,,PENDING
,USD,,customerapplication,453195,2026,,PENDING
,USD,,customerapplication,453196,2026,,PENDING
,USD,,customerapplication,453197,2026,,PENDING
,USD,,customerapplication,453198,2026,,PENDING
,USD,,customerapplication,453199,2026,,PENDING
,USD,,customerapplication,453200,2026,,PENDING
,USD,,customerapplication,453201,2026,,PENDING
,USD,,customerapplication,453202,2026,,PENDING
,USD,,customerapplication,453203,2026,,PENDING
,USD,,customerapplication,453204,2026,,PENDING
,USD,,customerapplication,453205,2026,,PENDING
,USD,,customerapplication,453206,2026,,PENDING
,USD,,customerapplication,453207,2026,,PENDING
,USD,,customerapplication,453208,2026,,PENDING
,USD,,customerapplication,453209,2026,,PENDING
,USD,,customerapplication,453210,2026,,PENDING
,USD,,customerapplication,453211,2026,,PENDING
,USD,,customerapplication,453212,2026,,PENDING
,USD,,customerapplication,453213,2026,,PENDING
,USD,,customerapplication,453214,2026,,PENDING
,USD,,customerapplication,453215,2026,,PENDING
,USD,,customerapplication,453216,2026,,PENDING
,USD,,customerapplication,453217,2026,,PENDING
,USD,,customerapplication,453218,2026,,PENDING
,USD,,customerapplication,453219,2026,,PENDING
,USD,,customerapplication,453220,2026,,PENDING
,USD,,customerapplication,453221,2026,,PENDING
,USD,,customerapplication,453222,2026,,PENDING
,USD,,customerapplication,453223,2026,,PENDING
,USD,,customerapplication,453225,2026,,PENDING
,USD,,customerapplication,453226,2026,,PENDING
,USD,,customerapplication,453227,2026,,PENDING
,USD,,customerapplication,453228,2026,,PENDING
,USD,,customerapplication,453229,2026,,PENDING
,USD,,customerapplication,453230,2026,,PENDING
,USD,,customerapplication,453231,2026,,PENDING
,USD,,customerapplication,453232,2026,,PENDING
,USD,,customerapplication,453233,2026,,PENDING
,USD,,customerapplication,453234,2026,,PENDING
,USD,,customerapplication,453235,2026,,PENDING
,USD,,customerapplication,453236,2026,,PENDING
,USD,,customerapplication,453237,2026,,PENDING
,USD,,customerapplication,453238,2026,,PENDING
,USD,,customerapplication,453239,2026,,PENDING
,USD,,customerapplication,453240,2026,,PENDING
,USD,,customerapplication,453241,2026,,PENDING
,USD,,customerapplication,453242,2026,,PENDING
,USD,,customerapplication,453243,2026,,PENDING
,USD,,customerapplication,453244,2026,,PENDING
,USD,,customerapplication,453245,2026,,PENDING
,USD,,customerapplication,453246,2026,,PENDING
,USD,,customerapplication,453247,2026,,PENDING
,USD,,customerapplication,453248,2026,,PENDING
,USD,,customerapplication,453249,2026,,PENDING
,USD,,customerapplication,453250,2026,,PENDING
,USD,,customerapplication,453251,2026,,PENDING
,USD,,customerapplication,453252,2026,,PENDING
,USD,,customerapplication,453254,2026,,PENDING
,USD,,customerapplication,453255,2026,,PENDING
,USD,,customerapplication,453256,2026,,PENDING
,USD,,customerapplication,453257,2026,,PENDING
,USD,,customerapplication,453258,2026,,PENDING
,USD,,customerapplication,453259,2026,,PENDING
,USD,,customerapplication,453260,2026,,PENDING
,USD,,customerapplication,453261,2026,,PENDING
,USD,,customerapplication,453262,2026,,PENDING
,USD,,customerapplication,453263,2026,,PENDING
,USD,,customerapplication,453264,2026,,PENDING
,USD,,customerapplication,453265,2026,,PENDING
,USD,,customerapplication,453266,2026,,PENDING
,USD,,customerapplication,453267,2026,,PENDING
,USD,,customerapplication,453269,2026,,PENDING
,USD,,customerapplication,453270,2026,,PENDING
,USD,,customerapplication,453271,2026,,PENDING
,USD,,customerapplication,453272,2026,,PENDING
,USD,,customerapplication,453273,2026,,PENDING
,USD,,customerapplication,453274,2026,,PENDING
,USD,,customerapplication,453275,2026,,PENDING
,USD,,customerapplication,453276,2026,,PENDING
,USD,,customerapplication,453277,2026,,PENDING
,USD,,customerapplication,453278,2026,,PENDING
,USD,,customerapplication,453279,2026,,PENDING
,USD,,customerapplication,453280,2026,,PENDING
,USD,,customerapplication,453281,2026,,PENDING
,USD,,customerapplication,453282,2026,,PENDING
,USD,,customerapplication,453283,2026,,PENDING
,USD,,customerapplication,453284,2026,,PENDING
,USD,,customerapplication,453285,2026,,PENDING
,USD,,customerapplication,453286,2026,,PENDING
,USD,,customerapplication,453287,2026,,PENDING
,USD,,customerapplication,453288,2026,,PENDING
,USD,,customerapplication,453289,2026,,PENDING
,USD,,customerapplication,453291,2026,,PENDING
,USD,,customerapplication,453292,2026,,PENDING
,USD,,customerapplication,453294,2026,,PENDING
,USD,,customerapplication,453295,2026,,PENDING
,USD,,customerapplication,453296,2026,,PENDING
,USD,,customerapplication,453297,2026,,PENDING
,USD,,customerapplication,453298,2026,,PENDING
,USD,,customerapplication,453299,2026,,PENDING
,USD,,customerapplication,453300,2026,,PENDING
,USD,,customerapplication,453301,2026,,PENDING
,USD,,customerapplication,453302,2026,,PENDING
,USD,,customerapplication,453303,2026,,PENDING
,USD,,customerapplication,453304,2026,,PENDING
,USD,,customerapplication,453305,2026,,PENDING
,USD,,customerapplication,453306,2026,,PENDING
,USD,,customerapplication,453307,2026,,PENDING
,USD,,customerapplication,453308,2026,,PENDING
,USD,,customerapplication,453309,2026,,PENDING
,USD,,customerapplication,453310,2026,,PENDING
,USD,,customerapplication,453311,2026,,PENDING
,USD,,customerapplication,453312,2026,,PENDING
,USD,,customerapplication,453313,2026,,PENDING
,USD,,customerapplication,453314,2026,,PENDING
,USD,,customerapplication,453315,2026,,PENDING
,USD,,customerapplication,453316,2026,,PENDING
,USD,,customerapplication,453317,2026,,PENDING
,USD,,customerapplication,453318,2026,,PENDING
,USD,,customerapplication,453319,2026,,PENDING
,USD,,customerapplication,453320,2026,,PENDING
,USD,,customerapplication,453321,2026,,PENDING
,USD,,customerapplication,453323,2026,,PENDING
,USD,,customerapplication,453324,2026,,PENDING
,USD,,customerapplication,453325,2026,,PENDING
,USD,,customerapplication,453326,2026,,PENDING
,USD,,customerapplication,453328,2026,,PENDING
,USD,,customerapplication,453329,2026,,PENDING
,USD,,customerapplication,453330,2026,,PENDING
,USD,,customerapplication,453331,2026,,PENDING
,USD,,customerapplication,453332,2026,,PENDING
,USD,,customerapplication,453333,2026,,PENDING
,USD,,customerapplication,453334,2026,,PENDING
,USD,,customerapplication,453335,2026,,PENDING
,USD,,customerapplication,453336,2026,,PENDING
,USD,,customerapplication,453337,2026,,PENDING
,USD,,customerapplication,453338,2026,,PENDING
,USD,,customerapplication,453339,2026,,PENDING
,USD,,customerapplication,453340,2026,,PENDING
,USD,,customerapplication,453341,2026,,PENDING
,USD,,customerapplication,453342,2026,,PENDING
,USD,,customerapplication,453343,2026,,PENDING
,USD,,customerapplication,453344,2026,,PENDING
,USD,,customerapplication,453345,2026,,PENDING
,USD,,customerapplication,453346,2026,,PENDING
,USD,,customerapplication,453347,2026,,PENDING
,USD,,customerapplication,453348,2026,,PENDING
,USD,,customerapplication,453349,2026,,PENDING
,USD,,customerapplication,453350,2026,,PENDING
,USD,,customerapplication,453351,2026,,PENDING
,USD,,customerapplication,453352,2026,,PENDING
,USD,,customerapplication,453353,2026,,PENDING
,USD,,customerapplication,453354,2026,,PENDING
,USD,,customerapplication,453355,2026,,PENDING
,USD,,customerapplication,453356,2026,,PENDING
,USD,,customerapplication,453357,2026,,PENDING
,USD,,customerapplication,453358,2026,,PENDING
,USD,,customerapplication,453359,2026,,PENDING
,USD,,customerapplication,453360,2026,,PENDING
,USD,,customerapplication,453361,2026,,PENDING
,USD,,customerapplication,453362,2026,,PENDING
,USD,,customerapplication,453363,2026,,PENDING
,USD,,customerapplication,453364,2026,,PENDING
,USD,,customerapplication,453365,2026,,PENDING
,USD,,customerapplication,453366,2026,,PENDING
,USD,,customerapplication,453367,2026,,PENDING
,USD,,customerapplication,453368,2026,,PENDING
,USD,,customerapplication,453369,2026,,PENDING
,USD,,customerapplication,453370,2026,,PENDING
,USD,,customerapplication,453371,2026,,PENDING
,USD,,customerapplication,453372,2026,,PENDING
,USD,,customerapplication,453373,2026,,PENDING
,USD,,customerapplication,453374,2026,,PENDING
,USD,,customerapplication,453375,2026,,PENDING
,USD,,customerapplication,453377,2026,,PENDING
,USD,,customerapplication,453378,2026,,PENDING
,USD,,customerapplication,453379,2026,,PENDING
,USD,,customerapplication,453380,2026,,PENDING
,USD,,customerapplication,453381,2026,,PENDING
,USD,,customerapplication,453382,2026,,PENDING
,USD,,customerapplication,453383,2026,,PENDING
,USD,,customerapplication,453384,2026,,PENDING
,USD,,customerapplication,453385,2026,,PENDING
,USD,,customerapplication,453386,2026,,PENDING
,USD,,customerapplication,453388,2026,,PENDING
,USD,,customerapplication,453389,2026,,PENDING
,USD,,customerapplication,453390,2026,,PENDING
,USD,,customerapplication,453391,2026,,PENDING
,USD,,customerapplication,453392,2026,,PENDING
,USD,,customerapplication,453393,2026,,PENDING
,USD,,customerapplication,453394,2026,,PENDING
,USD,,customerapplication,453395,2026,,PENDING
,USD,,customerapplication,453396,2026,,PENDING
,USD,,customerapplication,453397,2026,,PENDING
,USD,,customerapplication,453398,2026,,PENDING
,USD,,customerapplication,453399,2026,,PENDING
,USD,,customerapplication,453400,2026,,PENDING
,USD,,customerapplication,453401,2026,,PENDING
,USD,,customerapplication,453402,2026,,PENDING
,USD,,customerapplication,453403,2026,,PENDING
,USD,,customerapplication,453404,2026,,PENDING
,USD,,customerapplication,453405,2026,,PENDING
,USD,,customerapplication,453406,2026,,PENDING
,USD,,customerapplication,453407,2026,,PENDING
,USD,,customerapplication,453408,2026,,PENDING
,USD,,customerapplication,453409,2026,,PENDING
,USD,,customerapplication,453410,2026,,PENDING
,USD,,customerapplication,453411,2026,,PENDING
,USD,,customerapplication,453412,2026,,PENDING
,USD,,customerapplication,453413,2026,,PENDING
,USD,,customerapplication,453414,2026,,PENDING
,USD,,customerapplication,453415,2026,,PENDING
,USD,,customerapplication,453416,2026,,PENDING
,USD,,customerapplication,453417,2026,,PENDING
,USD,,customerapplication,453418,2026,,PENDING
,USD,,customerapplication,453419,2026,,PENDING
,USD,,customerapplication,453420,2026,,PENDING
,USD,,customerapplication,453421,2026,,PENDING
,USD,,customerapplication,453422,2026,,PENDING
,USD,,customerapplication,453423,2026,,PENDING
,USD,,customerapplication,453424,2026,,PENDING
,USD,,customerapplication,453425,2026,,PENDING
,USD,,customerapplication,453426,2026,,PENDING
,USD,,customerapplication,453427,2026,,PENDING
,USD,,customerapplication,453428,2026,,PENDING
,USD,,customerapplication,453429,2026,,PENDING
,USD,,customerapplication,453430,2026,,PENDING
,USD,,customerapplication,453431,2026,,PENDING
,USD,,customerapplication,453432,2026,,PENDING
,USD,,customerapplication,453433,2026,,PENDING
,USD,,customerapplication,453434,2026,,PENDING
,USD,,customerapplication,453435,2026,,PENDING
,USD,,customerapplication,453436,2026,,PENDING
,USD,,customerapplication,453437,2026,,PENDING
,USD,,customerapplication,453438,2026,,PENDING
,USD,,customerapplication,453439,2026,,PENDING
,USD,,customerapplication,453440,2026,,PENDING
,USD,,customerapplication,453441,2026,,PENDING
,USD,,customerapplication,453442,2026,,PENDING
,USD,,customerapplication,453443,2026,,PENDING
,USD,,customerapplication,453444,2026,,PENDING
,USD,,customerapplication,453445,2026,,PENDING
,USD,,customerapplication,453446,2026,,PENDING
,USD,,customerapplication,453447,2026,,PENDING
,USD,,customerapplication,453448,2026,,PENDING
,USD,,customerapplication,453449,2026,,PENDING
,USD,,customerapplication,453450,2026,,PENDING
,USD,,customerapplication,453451,2026,,PENDING
,USD,,customerapplication,453452,2026,,PENDING
,USD,,customerapplication,453453,2026,,PENDING
,USD,,customerapplication,453454,2026,,PENDING
,USD,,customerapplication,453455,2026,,PENDING
,USD,,customerapplication,453456,2026,,PENDING
,USD,,customerapplication,453457,2026,,PENDING
,USD,,customerapplication,453458,2026,,PENDING
,USD,,customerapplication,453459,2026,,PENDING
,USD,,customerapplication,453460,2026,,PENDING
,USD,,customerapplication,453461,2026,,PENDING
,USD,,customerapplication,453462,2026,,PENDING
,USD,,customerapplication,453463,2026,,PENDING
,USD,,customerapplication,453464,2026,,PENDING
,USD,,customerapplication,453465,2026,,PENDING
,USD,,customerapplication,453466,2026,,PENDING
,USD,,customerapplication,453467,2026,,PENDING
,USD,,customerapplication,453468,2026,,PENDING
,USD,,customerapplication,453469,2026,,PENDING
,USD,,customerapplication,453470,2026,,PENDING
,USD,,customerapplication,453471,2026,,PENDING
,USD,,customerapplication,453472,2026,,PENDING
,USD,,customerapplication,453473,2026,,PENDING
,USD,,customerapplication,453474,2026,,PENDING
,USD,,customerapplication,453475,2026,,PENDING
,USD,,customerapplication,453476,2026,,PENDING
,USD,,customerapplication,453477,2026,,PENDING
,USD,,customerapplication,453478,2026,,PENDING
,USD,,customerapplication,453479,2026,,PENDING
,USD,,customerapplication,453480,2026,,PENDING
,USD,,customerapplication,453481,2026,,PENDING
,USD,,customerapplication,453482,2026,,PENDING
,USD,,customerapplication,453483,2026,,PENDING
,USD,,customerapplication,453484,2026,,PENDING
,USD,,customerapplication,453485,2026,,PENDING
,USD,,customerapplication,453486,2026,,PENDING
,USD,,customerapplication,453487,2026,,PENDING
,USD,,customerapplication,453488,2026,,PENDING
,USD,,customerapplication,453489,2026,,PENDING
,USD,,customerapplication,453490,2026,,PENDING
,USD,,customerapplication,453491,2026,,PENDING
,USD,,customerapplication,453492,2026,,PENDING
,USD,,customerapplication,453493,2026,,PENDING
,USD,,customerapplication,453494,2026,,PENDING
,USD,,customerapplication,453495,2026,,PENDING
,USD,,customerapplication,453496,2026,,PENDING
,USD,,customerapplication,453499,2026,,PENDING
,USD,,customerapplication,453500,2026,,PENDING
,USD,,customerapplication,453501,2026,,PENDING
,USD,,customerapplication,453503,2026,,PENDING
,USD,,customerapplication,453504,2026,,PENDING
,USD,,customerapplication,453505,2026,,PENDING
,USD,,customerapplication,453506,2026,,PENDING
,USD,,customerapplication,453507,2026,,PENDING
,USD,,customerapplication,453508,2026,,PENDING
,USD,,customerapplication,453509,2026,,PENDING
,USD,,customerapplication,453510,2026,,PENDING
,USD,,customerapplication,453511,2026,,PENDING
,USD,,customerapplication,453512,2026,,PENDING
,USD,,customerapplication,453513,2026,,PENDING
,USD,,customerapplication,453514,2026,,PENDING
,USD,,customerapplication,453515,2026,,PENDING
,USD,,customerapplication,453516,2026,,PENDING
,USD,,customerapplication,453517,2026,,PENDING
,USD,,customerapplication,453518,2026,,PENDING
,USD,,customerapplication,453519,2026,,PENDING
,USD,,customerapplication,453520,2026,,PENDING
,USD,,customerapplication,453521,2026,,PENDING
,USD,,customerapplication,453522,2026,,PENDING
,USD,,customerapplication,453523,2026,,PENDING
,USD,,customerapplication,453524,2026,,PENDING
,USD,,customerapplication,453525,2026,,PENDING
,USD,,customerapplication,453526,2026,,PENDING
,USD,,customerapplication,453527,2026,,PENDING
,USD,,customerapplication,453528,2026,,PENDING
,USD,,customerapplication,453529,2026,,PENDING
,USD,,customerapplication,453530,2026,,PENDING
,USD,,customerapplication,453531,2026,,PENDING
,USD,,customerapplication,453532,2026,,PENDING
,USD,,customerapplication,453533,2026,,PENDING
,USD,,customerapplication,453534,2026,,PENDING
,USD,,customerapplication,453535,2026,,PENDING
,USD,,customerapplication,453536,2026,,PENDING
,USD,,customerapplication,453537,2026,,PENDING
,USD,,customerapplication,453538,2026,,PENDING
,USD,,customerapplication,453539,2026,,PENDING
,USD,,customerapplication,453540,2026,,PENDING
,USD,,customerapplication,453541,2026,,PENDING
,USD,,customerapplication,453542,2026,,PENDING
,USD,,customerapplication,453543,2026,,PENDING
,USD,,customerapplication,453544,2026,,PENDING
,USD,,customerapplication,453545,2026,,PENDING
,USD,,customerapplication,453546,2026,,PENDING
,USD,,customerapplication,453547,2026,,PENDING
,USD,,customerapplication,453548,2026,,PENDING
,USD,,customerapplication,453549,2026,,PENDING
,USD,,customerapplication,453550,2026,,PENDING
,USD,,customerapplication,453551,2026,,PENDING
,USD,,customerapplication,453552,2026,,PENDING
,USD,,customerapplication,453553,2026,,PENDING
,USD,,customerapplication,453554,2026,,PENDING
,USD,,customerapplication,453555,2026,,PENDING
,USD,,customerapplication,453556,2026,,PENDING
,USD,,customerapplication,453557,2026,,PENDING
,USD,,customerapplication,453558,2026,,PENDING
,USD,,customerapplication,453559,2026,,PENDING
,USD,,customerapplication,453560,2026,,PENDING
,USD,,customerapplication,453561,2026,,PENDING
,USD,,customerapplication,453562,2026,,PENDING
,USD,,customerapplication,453563,2026,,PENDING
,USD,,customerapplication,453564,2026,,PENDING
,USD,,customerapplication,453565,2026,,PENDING
,USD,,customerapplication,453566,2026,,PENDING
,USD,,customerapplication,453567,2026,,PENDING
,USD,,customerapplication,453568,2026,,PENDING
,USD,,customerapplication,453569,2026,,PENDING
,USD,,customerapplication,453570,2026,,PENDING
,USD,,customerapplication,453571,2026,,PENDING
,USD,,customerapplication,453572,2026,,PENDING
,USD,,customerapplication,453573,2026,,PENDING
,USD,,customerapplication,453574,2026,,PENDING
,USD,,customerapplication,453575,2026,,PENDING
,USD,,customerapplication,453576,2026,,PENDING
,USD,,customerapplication,453577,2026,,PENDING
,USD,,customerapplication,453578,2026,,PENDING
,USD,,customerapplication,453579,2026,,PENDING
,USD,,customerapplication,453581,2026,,PENDING
,USD,,customerapplication,453582,2026,,PENDING
,USD,,customerapplication,453583,2026,,PENDING
,USD,,customerapplication,453584,2026,,PENDING
,USD,,customerapplication,453585,2026,,PENDING
,USD,,customerapplication,453586,2026,,PENDING
,USD,,customerapplication,453587,2026,,PENDING
,USD,,customerapplication,453588,2026,,PENDING
,USD,,customerapplication,453589,2026,,PENDING
,USD,,customerapplication,453590,2026,,PENDING
,USD,,customerapplication,453591,2026,,PENDING
,USD,,customerapplication,453592,2026,,PENDING
,USD,,customerapplication,453593,2026,,PENDING
,USD,,customerapplication,453594,2026,,PENDING
,USD,,customerapplication,453595,2026,,PENDING
,USD,,customerapplication,453596,2026,,PENDING
,USD,,customerapplication,453597,2026,,PENDING
,USD,,customerapplication,453598,2026,,PENDING
,USD,,customerapplication,453599,2026,,PENDING
,USD,,customerapplication,453600,2026,,PENDING
,USD,,customerapplication,453601,2026,,PENDING
,USD,,customerapplication,453602,2026,,PENDING
,USD,,customerapplication,453603,2026,,PENDING
,USD,,customerapplication,453604,2026,,PENDING
,USD,,customerapplication,453605,2026,,PENDING
,USD,,customerapplication,453606,2026,,PENDING
,USD,,customerapplication,453607,2026,,PENDING
,USD,,customerapplication,453608,2026,,PENDING
,USD,,customerapplication,453609,2026,,PENDING
,USD,,customerapplication,453610,2026,,PENDING
,USD,,customerapplication,453611,2026,,PENDING
,USD,,customerapplication,453612,2026,,PENDING
,USD,,customerapplication,453613,2026,,PENDING
,USD,,customerapplication,453614,2026,,PENDING
,USD,,customerapplication,453615,2026,,PENDING
,USD,,customerapplication,453616,2026,,PENDING
,USD,,customerapplication,453617,2026,,PENDING
,USD,,customerapplication,453618,2026,,PENDING
,USD,,customerapplication,453619,2026,,PENDING
,USD,,customerapplication,453620,2026,,PENDING
,USD,,customerapplication,453621,2026,,PENDING
,USD,,customerapplication,453622,2026,,PENDING
,USD,,customerapplication,453623,2026,,PENDING
,USD,,customerapplication,453624,2026,,PENDING
,USD,,customerapplication,453625,2026,,PENDING
,USD,,customerapplication,453626,2026,,PENDING
,USD,,customerapplication,453627,2026,,PENDING
,USD,,customerapplication,453628,2026,,PENDING
,USD,,customerapplication,453629,2026,,PENDING
,USD,,customerapplication,453630,2026,,PENDING
,USD,,customerapplication,453631,2026,,PENDING
,USD,,customerapplication,453632,2026,,PENDING
,USD,,customerapplication,453633,2026,,PENDING
,USD,,customerapplication,453634,2026,,PENDING
,USD,,customerapplication,453635,2026,,PENDING
,USD,,customerapplication,453636,2026,,PENDING
,USD,,customerapplication,453637,2026,,PENDING
,USD,,customerapplication,453638,2026,,PENDING
,USD,,customerapplication,453639,2026,,PENDING
,USD,,customerapplication,453640,2026,,PENDING
,USD,,customerapplication,453641,2026,,PENDING
,USD,,customerapplication,453642,2026,,PENDING
,USD,,customerapplication,453643,2026,,PENDING
,USD,,customerapplication,453644,2026,,PENDING
,USD,,customerapplication,453645,2026,,PENDING
,USD,,customerapplication,453646,2026,,PENDING
,USD,,customerapplication,453647,2026,,PENDING
,USD,,customerapplication,453648,2026,,PENDING
,USD,,customerapplication,453649,2026,,PENDING
,USD,,customerapplication,453650,2026,,PENDING
,USD,,customerapplication,453651,2026,,PENDING
,USD,,customerapplication,453652,2026,,PENDING
,USD,,customerapplication,453653,2026,,PENDING
,USD,,customerapplication,453654,2026,,PENDING
,USD,,customerapplication,453655,2026,,PENDING
,USD,,customerapplication,453656,2026,,PENDING
,USD,,customerapplication,453657,2026,,PENDING
,USD,,customerapplication,453658,2026,,PENDING
,USD,,customerapplication,453659,2026,,PENDING
,USD,,customerapplication,453660,2026,,PENDING
,USD,,customerapplication,453661,2026,,PENDING
,USD,,customerapplication,453662,2026,,PENDING
,USD,,customerapplication,453663,2026,,PENDING
,USD,,customerapplication,453664,2026,,PENDING
,USD,,customerapplication,453665,2026,,PENDING
,USD,,customerapplication,453666,2026,,PENDING
,USD,,customerapplication,453667,2026,,PENDING
,USD,,customerapplication,453668,2026,,PENDING
,USD,,customerapplication,453669,2026,,PENDING
,USD,,customerapplication,453670,2026,,PENDING
,USD,,customerapplication,453671,2026,,PENDING
,USD,,customerapplication,453672,2026,,PENDING
,USD,,customerapplication,453673,2026,,PENDING
,USD,,customerapplication,453674,2026,,PENDING
,USD,,customerapplication,453675,2026,,PENDING
,USD,,customerapplication,453678,2026,,PENDING
,USD,,customerapplication,453679,2026,,PENDING
,USD,,customerapplication,453680,2026,,PENDING
,USD,,customerapplication,453681,2026,,PENDING
,USD,,customerapplication,453682,2026,,PENDING
,USD,,customerapplication,453683,2026,,PENDING
,USD,,customerapplication,453684,2026,,PENDING
,USD,,customerapplication,453685,2026,,PENDING
,USD,,customerapplication,453686,2026,,PENDING
,USD,,customerapplication,453687,2026,,PENDING
,USD,,customerapplication,453688,2026,,PENDING
,USD,,customerapplication,453689,2026,,PENDING
,USD,,customerapplication,453690,2026,,PENDING
,USD,,customerapplication,453691,2026,,PENDING
,USD,,customerapplication,453692,2026,,PENDING
,USD,,customerapplication,453693,2026,,PENDING
,USD,,customerapplication,453694,2026,,PENDING
,USD,,customerapplication,453695,2026,,PENDING
,USD,,customerapplication,453696,2026,,PENDING
,USD,,customerapplication,453701,2026,,PENDING
,USD,,customerapplication,453702,2026,,PENDING
,USD,,customerapplication,453703,2026,,PENDING
,USD,,customerapplication,453704,2026,,PENDING
,USD,,customerapplication,453705,2026,,PENDING
,USD,,customerapplication,453706,2026,,PENDING
,USD,,customerapplication,453707,2026,,PENDING
,USD,,customerapplication,453708,2026,,PENDING
,USD,,customerapplication,453709,2026,,PENDING
,USD,,customerapplication,453710,2026,,PENDING
,USD,,customerapplication,453711,2026,,PENDING
,USD,,customerapplication,453712,2026,,PENDING
,USD,,customerapplication,453713,2026,,PENDING
,USD,,customerapplication,453714,2026,,PENDING
,USD,,customerapplication,453715,2026,,PENDING
,USD,,customerapplication,453716,2026,,PENDING
,USD,,customerapplication,453717,2026,,PENDING
,USD,,customerapplication,453718,2026,,PENDING
,USD,,customerapplication,453719,2026,,PENDING
,USD,,customerapplication,453720,2026,,PENDING
,USD,,customerapplication,453721,2026,,PENDING
,USD,,customerapplication,453722,2026,,PENDING
,USD,,customerapplication,453723,2026,,PENDING
,USD,,customerapplication,453724,2026,,PENDING
,USD,,customerapplication,453725,2026,,PENDING
,USD,,customerapplication,453726,2026,,PENDING
,USD,,customerapplication,453727,2026,,PENDING
,USD,,customerapplication,453728,2026,,PENDING
,USD,,customerapplication,453729,2026,,PENDING
,USD,,customerapplication,453730,2026,,PENDING
,USD,,customerapplication,453731,2026,,PENDING
,USD,,customerapplication,453732,2026,,PENDING
,USD,,customerapplication,453733,2026,,PENDING
,USD,,customerapplication,453734,2026,,PENDING
,USD,,customerapplication,453735,2026,,PENDING
,USD,,customerapplication,453736,2026,,PENDING
,USD,,customerapplication,453737,2026,,PENDING
,USD,,customerapplication,453738,2026,,PENDING
,USD,,customerapplication,453739,2026,,PENDING
,USD,,customerapplication,453740,2026,,PENDING
,USD,,customerapplication,453741,2026,,PENDING
,USD,,customerapplication,453742,2026,,PENDING
,USD,,customerapplication,453743,2026,,PENDING
,USD,,customerapplication,453744,2026,,PENDING
,USD,,customerapplication,453745,2026,,PENDING
,USD,,customerapplication,453746,2026,,PENDING
,USD,,customerapplication,453747,2026,,PENDING
,USD,,customerapplication,453748,2026,,PENDING
,USD,,customerapplication,453749,2026,,PENDING
,USD,,customerapplication,453750,2026,,PENDING
,USD,,customerapplication,453677,2026,,PENDING
,USD,,customerapplication,453751,2026,,PENDING
,USD,,customerapplication,453752,2026,,PENDING
,USD,,customerapplication,453753,2026,,PENDING
,USD,,customerapplication,453754,2026,,PENDING
,USD,,customerapplication,453755,2026,,PENDING
,USD,,customerapplication,453756,2026,,PENDING
,USD,,customerapplication,453757,2026,,PENDING
,USD,,customerapplication,453758,2026,,PENDING
,USD,,customerapplication,453759,2026,,PENDING
,USD,,customerapplication,453760,2026,,PENDING
,USD,,customerapplication,453761,2026,,PENDING
,USD,,customerapplication,453762,2026,,PENDING
,USD,,customerapplication,453763,2026,,PENDING
,USD,,customerapplication,453764,2026,,PENDING
,USD,,customerapplication,453765,2026,,PENDING
,USD,,customerapplication,453766,2026,,PENDING
,USD,,customerapplication,453767,2026,,PENDING
,USD,,customerapplication,453768,2026,,PENDING
,USD,,customerapplication,453769,2026,,PENDING
,USD,,customerapplication,453770,2026,,PENDING
,USD,,customerapplication,453771,2026,,PENDING
,USD,,customerapplication,453772,2026,,PENDING
,USD,,customerapplication,453773,2026,,PENDING
,USD,,customerapplication,453774,2026,,PENDING
,USD,,customerapplication,453775,2026,,PENDING
,USD,,customerapplication,453776,2026,,PENDING
,USD,,customerapplication,453777,2026,,PENDING
,USD,,customerapplication,453778,2026,,PENDING
,USD,,customerapplication,453779,2026,,PENDING
,USD,,customerapplication,453780,2026,,PENDING
,USD,,customerapplication,453781,2026,,PENDING
,USD,,customerapplication,453782,2026,,PENDING
,USD,,customerapplication,453783,2026,,PENDING
,USD,,customerapplication,453784,2026,,PENDING
,USD,,customerapplication,453785,2026,,PENDING
,USD,,customerapplication,453786,2026,,PENDING
,USD,,customerapplication,453787,2026,,PENDING
,USD,,customerapplication,453788,2026,,PENDING
,USD,,customerapplication,453789,2026,,PENDING
,USD,,customerapplication,453790,2026,,PENDING
,USD,,customerapplication,453791,2026,,PENDING
,USD,,customerapplication,453792,2026,,PENDING
,USD,,customerapplication,453793,2026,,PENDING
,USD,,customerapplication,453794,2026,,PENDING
,USD,,customerapplication,453795,2026,,PENDING
,USD,,customerapplication,453796,2026,,PENDING
,USD,,customerapplication,453797,2026,,PENDING
,USD,,customerapplication,453798,2026,,PENDING
,USD,,customerapplication,453799,2026,,PENDING
,USD,,customerapplication,453800,2026,,PENDING
,USD,,customerapplication,453801,2026,,PENDING
,USD,,customerapplication,453802,2026,,PENDING
,USD,,customerapplication,453803,2026,,PENDING
,USD,,customerapplication,453804,2026,,PENDING
,USD,,customerapplication,453805,2026,,PENDING
,USD,,customerapplication,453806,2026,,PENDING
,USD,,customerapplication,453807,2026,,PENDING
,USD,,customerapplication,453808,2026,,PENDING
,USD,,customerapplication,453809,2026,,PENDING
,USD,,customerapplication,453810,2026,,PENDING
,USD,,customerapplication,453811,2026,,PENDING
,USD,,customerapplication,453812,2026,,PENDING
,USD,,customerapplication,453813,2026,,PENDING
,USD,,customerapplication,453814,2026,,PENDING
,USD,,customerapplication,453815,2026,,PENDING
,USD,,customerapplication,453816,2026,,PENDING
,USD,,customerapplication,453817,2026,,PENDING
,USD,,customerapplication,453818,2026,,PENDING
,USD,,customerapplication,453819,2026,,PENDING
,USD,,customerapplication,453820,2026,,PENDING
,USD,,customerapplication,453821,2026,,PENDING
,USD,,customerapplication,453822,2026,,PENDING
,USD,,customerapplication,453823,2026,,PENDING
,USD,,customerapplication,453824,2026,,PENDING
,USD,,customerapplication,453825,2026,,PENDING
,USD,,customerapplication,453826,2026,,PENDING
,USD,,customerapplication,453827,2026,,PENDING
,USD,,customerapplication,453828,2026,,PENDING
,USD,,customerapplication,453829,2026,,PENDING
,USD,,customerapplication,453830,2026,,PENDING
,USD,,customerapplication,453831,2026,,PENDING
,USD,,customerapplication,453832,2026,,PENDING
,USD,,customerapplication,453833,2026,,PENDING
,USD,,customerapplication,453834,2026,,PENDING
,USD,,customerapplication,453836,2026,,PENDING
,USD,,customerapplication,453837,2026,,PENDING
,USD,,customerapplication,453838,2026,,PENDING
,USD,,customerapplication,453839,2026,,PENDING
,USD,,customerapplication,453840,2026,,PENDING
,USD,,customerapplication,453841,2026,,PENDING
,USD,,customerapplication,453842,2026,,PENDING
,USD,,customerapplication,453843,2026,,PENDING
,USD,,customerapplication,453844,2026,,PENDING
,USD,,customerapplication,453845,2026,,PENDING
,USD,,customerapplication,453846,2026,,PENDING
,USD,,customerapplication,453847,2026,,PENDING
,USD,,customerapplication,453848,2026,,PENDING
,USD,,customerapplication,453849,2026,,PENDING
,USD,,customerapplication,453850,2026,,PENDING
,USD,,customerapplication,453851,2026,,PENDING
,USD,,customerapplication,453852,2026,,PENDING
,USD,,customerapplication,453853,2026,,PENDING
,USD,,customerapplication,453854,2026,,PENDING
,USD,,customerapplication,453855,2026,,PENDING
,USD,,customerapplication,453856,2026,,PENDING
,USD,,customerapplication,453857,2026,,PENDING
,USD,,customerapplication,453858,2026,,PENDING
,USD,,customerapplication,453859,2026,,PENDING
,USD,,customerapplication,453860,2026,,PENDING
,USD,,customerapplication,453861,2026,,PENDING
,USD,,customerapplication,453862,2026,,PENDING
,USD,,customerapplication,453863,2026,,PENDING
,USD,,customerapplication,453864,2026,,PENDING
,USD,,customerapplication,453865,2026,,PENDING
,USD,,customerapplication,453866,2026,,PENDING
,USD,,customerapplication,453867,2026,,PENDING
,USD,,customerapplication,453868,2026,,PENDING
,USD,,customerapplication,453869,2026,,PENDING
,USD,,customerapplication,453870,2026,,PENDING
,USD,,customerapplication,453871,2026,,PENDING
,USD,,customerapplication,453872,2026,,PENDING
,USD,,customerapplication,453873,2026,,PENDING
,USD,,customerapplication,453874,2026,,PENDING
,USD,,customerapplication,453875,2026,,PENDING
,USD,,customerapplication,453876,2026,,PENDING
,USD,,customerapplication,453877,2026,,PENDING
,USD,,customerapplication,453878,2026,,PENDING
,USD,,customerapplication,453879,2026,,PENDING
,USD,,customerapplication,453880,2026,,PENDING
,USD,,customerapplication,453881,2026,,PENDING
,USD,,customerapplication,453882,2026,,PENDING
,USD,,customerapplication,453883,2026,,PENDING
,USD,,customerapplication,453885,2026,,PENDING
,USD,,customerapplication,453886,2026,,PENDING
,USD,,customerapplication,453887,2026,,PENDING
,USD,,customerapplication,453888,2026,,PENDING
,USD,,customerapplication,453889,2026,,PENDING
,USD,,customerapplication,453890,2026,,PENDING
,USD,,customerapplication,453891,2026,,PENDING
,USD,,customerapplication,453892,2026,,PENDING
,USD,,customerapplication,453893,2026,,PENDING
,USD,,customerapplication,453894,2026,,PENDING
,USD,,customerapplication,453895,2026,,PENDING
